2026-08-10T07:56:57.8048312Z Current runner version: '2.336.0'
2026-08-10T07:56:57.8124282Z ##[group]Runner Image Provisioner
2026-08-10T07:56:57.8125622Z Hosted Compute Agent
2026-08-10T07:56:57.8126799Z Version: 20260707.563
2026-08-10T07:56:57.8128429Z Commit: 02667638d2b423fbc733a8e32a88b44996a3ba6e
2026-08-10T07:56:57.8129691Z Build Date: 2026-07-07T19:33:50Z
2026-08-10T07:56:57.8131035Z Worker ID: {6b08e30a-2daa-45ef-9227-1f09178b6321}
2026-08-10T07:56:57.8132403Z Azure Region: eastus
2026-08-10T07:56:57.8133554Z ##[endgroup]
2026-08-10T07:56:57.8136325Z ##[group]Operating System
2026-08-10T07:56:57.8157918Z Ubuntu
2026-08-10T07:56:57.8158965Z 24.04.4
2026-08-10T07:56:57.8159986Z LTS
2026-08-10T07:56:57.8161065Z ##[endgroup]
2026-08-10T07:56:57.8162065Z ##[group]Runner Image
2026-08-10T07:56:57.8163047Z Image: ubuntu-24.04
2026-08-10T07:56:57.8165174Z Version: 20260720.247.2
2026-08-10T07:56:57.8167772Z Included Software: https://github.com/actions/runner-images/blob/ubuntu24/20260720.247/images/ubuntu/Ubuntu2404-Readme.md
2026-08-10T07:56:57.8170662Z Image Release: https://github.com/actions/runner-images/releases/tag/ubuntu24%2F20260720.247
2026-08-10T07:56:57.8172292Z ##[endgroup]
2026-08-10T07:56:57.8174854Z ##[group]GITHUB_TOKEN Permissions
2026-08-10T07:56:57.8188015Z Contents: read
2026-08-10T07:56:57.8189061Z Metadata: read
2026-08-10T07:56:57.8190091Z ##[endgroup]
2026-08-10T07:56:57.8193631Z Secret source: Actions
2026-08-10T07:56:57.8195633Z Prepare workflow directory
2026-08-10T07:56:57.9142479Z Prepare all required actions
2026-08-10T07:56:57.9213668Z Getting action download info
2026-08-10T07:56:58.1101259Z Download action repository 'actions/checkout@v4' (SHA:11d5960a326750d5838078e36cf38b85af677262)
2026-08-10T07:56:58.3542596Z Download action repository 'pnpm/action-setup@v4' (SHA:b906affcce14559ad1aafd4ab0e942779e9f58b1)
2026-08-10T07:56:58.5336246Z Download action repository 'actions/setup-node@v4' (SHA:49933ea5288caeca8642d1e84afbd3f7d6820020)
2026-08-10T07:56:58.7489158Z Complete job name: mutation
2026-08-10T07:56:58.8335577Z Node 20 is being deprecated. This workflow is running with Node 24 by default. If you need to temporarily use Node 20, you can set the ACTIONS_ALLOW_USE_UNSECURE_NODE_VERSION=true environment variable. For more information see: https://github.blog/changelog/2025-09-19-deprecation-of-node-20-on-github-actions-runners/
2026-08-10T07:56:58.8345038Z ##[group]Run actions/checkout@v4
2026-08-10T07:56:58.8346079Z with:
2026-08-10T07:56:58.8346823Z   repository: anshacerbia2/architecture-knowledge
2026-08-10T07:56:58.8352163Z   token: ***
2026-08-10T07:56:58.8352814Z   ssh-strict: true
2026-08-10T07:56:58.8353472Z   ssh-user: git
2026-08-10T07:56:58.8354398Z   persist-credentials: true
2026-08-10T07:56:58.8355150Z   clean: true
2026-08-10T07:56:58.8355820Z   sparse-checkout-cone-mode: true
2026-08-10T07:56:58.8356603Z   fetch-depth: 1
2026-08-10T07:56:58.8357624Z   fetch-tags: false
2026-08-10T07:56:58.8358331Z   show-progress: true
2026-08-10T07:56:58.8359022Z   lfs: false
2026-08-10T07:56:58.8359695Z   submodules: false
2026-08-10T07:56:58.8360385Z   set-safe-directory: true
2026-08-10T07:56:58.8361140Z   allow-unsafe-pr-checkout: false
2026-08-10T07:56:58.8362257Z ##[endgroup]
2026-08-10T07:56:58.9533934Z Syncing repository: anshacerbia2/architecture-knowledge
2026-08-10T07:56:58.9537882Z ##[group]Getting Git version info
2026-08-10T07:56:58.9540010Z Working directory is '/home/runner/work/architecture-knowledge/architecture-knowledge'
2026-08-10T07:56:58.9542897Z [command]/usr/bin/git version
2026-08-10T07:56:58.9671357Z git version 2.54.0
2026-08-10T07:56:58.9678434Z ##[endgroup]
2026-08-10T07:56:58.9704616Z Temporarily overriding HOME='/home/runner/work/_temp/55066fe5-ee29-4200-8e20-5df7cc42ab65' before making global git config changes
2026-08-10T07:56:58.9710159Z Adding repository directory to the temporary git global config as a safe directory
2026-08-10T07:56:58.9715067Z [command]/usr/bin/git config --global --add safe.directory /home/runner/work/architecture-knowledge/architecture-knowledge
2026-08-10T07:56:58.9772482Z Deleting the contents of '/home/runner/work/architecture-knowledge/architecture-knowledge'
2026-08-10T07:56:58.9788921Z ##[group]Initializing the repository
2026-08-10T07:56:58.9793671Z [command]/usr/bin/git init /home/runner/work/architecture-knowledge/architecture-knowledge
2026-08-10T07:56:58.9890906Z hint: Using 'master' as the name for the initial branch. This default branch name
2026-08-10T07:56:58.9911608Z hint: will change to "main" in Git 3.0. To configure the initial branch name
2026-08-10T07:56:58.9922470Z hint: to use in all of your new repositories, which will suppress this warning,
2026-08-10T07:56:58.9925059Z hint: call:
2026-08-10T07:56:58.9926746Z hint:
2026-08-10T07:56:58.9928908Z hint: 	git config --global init.defaultBranch <name>
2026-08-10T07:56:58.9931054Z hint:
2026-08-10T07:56:58.9932874Z hint: Names commonly chosen instead of 'master' are 'main', 'trunk' and
2026-08-10T07:56:58.9935650Z hint: 'development'. The just-created branch can be renamed via this command:
2026-08-10T07:56:58.9938192Z hint:
2026-08-10T07:56:58.9939802Z hint: 	git branch -m <name>
2026-08-10T07:56:58.9941236Z hint:
2026-08-10T07:56:58.9943570Z hint: Disable this message with "git config set advice.defaultBranchName false"
2026-08-10T07:56:58.9946772Z Initialized empty Git repository in /home/runner/work/architecture-knowledge/architecture-knowledge/.git/
2026-08-10T07:56:58.9956690Z [command]/usr/bin/git remote add origin https://github.com/anshacerbia2/architecture-knowledge
2026-08-10T07:56:59.0000694Z ##[endgroup]
2026-08-10T07:56:59.0003005Z ##[group]Disabling automatic garbage collection
2026-08-10T07:56:59.0094280Z [command]/usr/bin/git config --local gc.auto 0
2026-08-10T07:56:59.0098351Z ##[endgroup]
2026-08-10T07:56:59.0099989Z ##[group]Setting up auth
2026-08-10T07:56:59.0101559Z [command]/usr/bin/git config --local --name-only --get-regexp core\.sshCommand
2026-08-10T07:56:59.0107203Z [command]/usr/bin/git submodule foreach --recursive sh -c "git config --local --name-only --get-regexp 'core\.sshCommand' && git config --local --unset-all 'core.sshCommand' || :"
2026-08-10T07:56:59.0630538Z [command]/usr/bin/git config --local --name-only --get-regexp http\.https\:\/\/github\.com\/\.extraheader
2026-08-10T07:56:59.0685588Z [command]/usr/bin/git submodule foreach --recursive sh -c "git config --local --name-only --get-regexp 'http\.https\:\/\/github\.com\/\.extraheader' && git config --local --unset-all 'http.https://github.com/.extraheader' || :"
2026-08-10T07:56:59.1036491Z [command]/usr/bin/git config --local --name-only --get-regexp ^includeIf\.gitdir:
2026-08-10T07:56:59.1069040Z [command]/usr/bin/git submodule foreach --recursive git config --local --show-origin --name-only --get-regexp remote.origin.url
2026-08-10T07:56:59.1311278Z [command]/usr/bin/git config --local http.https://github.com/.extraheader AUTHORIZATION: basic ***
2026-08-10T07:56:59.1353162Z ##[endgroup]
2026-08-10T07:56:59.1358396Z ##[group]Fetching the repository
2026-08-10T07:56:59.1368157Z [command]/usr/bin/git -c protocol.version=2 fetch --no-tags --prune --no-recurse-submodules --depth=1 origin +6ce4f701dea01aa85439651f6d9929f8597afe69:refs/remotes/origin/main
2026-08-10T07:56:59.5589856Z From https://github.com/anshacerbia2/architecture-knowledge
2026-08-10T07:56:59.5591793Z  * [new ref]         6ce4f701dea01aa85439651f6d9929f8597afe69 -> origin/main
2026-08-10T07:56:59.5596050Z ##[endgroup]
2026-08-10T07:56:59.5597989Z ##[group]Determining the checkout info
2026-08-10T07:56:59.5599696Z ##[endgroup]
2026-08-10T07:56:59.5601613Z [command]/usr/bin/git sparse-checkout disable
2026-08-10T07:56:59.5647783Z [command]/usr/bin/git config --local --unset-all extensions.worktreeConfig
2026-08-10T07:56:59.5684367Z ##[group]Checking out the ref
2026-08-10T07:56:59.5690148Z [command]/usr/bin/git checkout --progress --force -B main refs/remotes/origin/main
2026-08-10T07:56:59.5982831Z Switched to a new branch 'main'
2026-08-10T07:56:59.5984832Z branch 'main' set up to track 'origin/main'.
2026-08-10T07:56:59.5995581Z ##[endgroup]
2026-08-10T07:56:59.6042028Z [command]/usr/bin/git log -1 --format=%H
2026-08-10T07:56:59.6072338Z 6ce4f701dea01aa85439651f6d9929f8597afe69
2026-08-10T07:56:59.6394591Z Node 20 is being deprecated. This workflow is running with Node 24 by default. If you need to temporarily use Node 20, you can set the ACTIONS_ALLOW_USE_UNSECURE_NODE_VERSION=true environment variable. For more information see: https://github.blog/changelog/2025-09-19-deprecation-of-node-20-on-github-actions-runners/
2026-08-10T07:56:59.6399490Z ##[group]Run pnpm/action-setup@v4
2026-08-10T07:56:59.6400336Z with:
2026-08-10T07:56:59.6400952Z   version: 10.23.0
2026-08-10T07:56:59.6401632Z   run_install: false
2026-08-10T07:56:59.6402339Z   dest: ~/setup-pnpm
2026-08-10T07:56:59.6403031Z   cache: false
2026-08-10T07:56:59.6403751Z   cache_dependency_path: pnpm-lock.yaml
2026-08-10T07:56:59.6404703Z   package_json_file: package.json
2026-08-10T07:56:59.6405561Z   standalone: false
2026-08-10T07:56:59.6406242Z ##[endgroup]
2026-08-10T07:56:59.8252830Z ##[group]Running self-installer...
2026-08-10T07:57:00.4649356Z (node:2031) [DEP0169] DeprecationWarning: `url.parse()` behavior is not standardized and prone to errors that have security implications. Use the WHATWG URL API instead. CVEs are not issued for `url.parse()` vulnerabilities.
2026-08-10T07:57:00.4651835Z (Use `node --trace-deprecation ...` to show where the warning was created)
2026-08-10T07:57:00.6296686Z Progress: resolved 1, reused 0, downloaded 0, added 0
2026-08-10T07:57:00.6426350Z Packages: +1
2026-08-10T07:57:00.6431510Z +
2026-08-10T07:57:01.1899739Z Progress: resolved 1, reused 0, downloaded 1, added 1, done
2026-08-10T07:57:01.2268859Z 
2026-08-10T07:57:01.2269171Z dependencies:
2026-08-10T07:57:01.2269608Z + pnpm 10.23.0 (11.21.0 is available)
2026-08-10T07:57:01.2269947Z 
2026-08-10T07:57:01.2297481Z Done in 1.1s
2026-08-10T07:57:01.2453714Z ##[endgroup]
2026-08-10T07:57:01.2454585Z Installation Completed!
2026-08-10T07:57:01.2643011Z Node 20 is being deprecated. This workflow is running with Node 24 by default. If you need to temporarily use Node 20, you can set the ACTIONS_ALLOW_USE_UNSECURE_NODE_VERSION=true environment variable. For more information see: https://github.blog/changelog/2025-09-19-deprecation-of-node-20-on-github-actions-runners/
2026-08-10T07:57:01.2644351Z ##[group]Run actions/setup-node@v4
2026-08-10T07:57:01.2644619Z with:
2026-08-10T07:57:01.2644833Z   node-version-file: .nvmrc
2026-08-10T07:57:01.2645071Z   cache: pnpm
2026-08-10T07:57:01.2645269Z   always-auth: false
2026-08-10T07:57:01.2645491Z   check-latest: false
2026-08-10T07:57:01.2648349Z   token: ***
2026-08-10T07:57:01.2648548Z env:
2026-08-10T07:57:01.2648806Z   PNPM_HOME: /home/runner/setup-pnpm/node_modules/.bin
2026-08-10T07:57:01.2649125Z ##[endgroup]
2026-08-10T07:57:01.4073564Z Node version file is not JSON file
2026-08-10T07:57:01.4075414Z Resolved .nvmrc as 24.11.1
2026-08-10T07:57:01.4110344Z Attempting to download 24.11.1...
2026-08-10T07:57:01.4257345Z (node:2048) [DEP0040] DeprecationWarning: The `punycode` module is deprecated. Please use a userland alternative instead.
2026-08-10T07:57:01.4278033Z (Use `node --trace-deprecation ...` to show where the warning was created)
2026-08-10T07:57:01.9362408Z Acquiring 24.11.1 - x64 from https://github.com/actions/node-versions/releases/download/24.11.1-19282993875/node-24.11.1-linux-x64.tar.gz
2026-08-10T07:57:02.3965631Z Extracting ...
2026-08-10T07:57:02.4123598Z [command]/usr/bin/tar xz --strip 1 --warning=no-unknown-keyword --overwrite -C /home/runner/work/_temp/0bfc221d-5792-4fe1-9b29-b6dc62997a32 -f /home/runner/work/_temp/3857699e-9933-4f26-b521-eae955e39329
2026-08-10T07:57:03.8892685Z Adding to the cache ...
2026-08-10T07:57:06.6120425Z ##[group]Environment details
2026-08-10T07:57:06.9004623Z node: v24.11.1
2026-08-10T07:57:06.9005213Z npm: 11.6.2
2026-08-10T07:57:06.9006398Z yarn: 1.22.22
2026-08-10T07:57:06.9007510Z ##[endgroup]
2026-08-10T07:57:06.9023833Z [command]/home/runner/setup-pnpm/node_modules/.bin/pnpm store path --silent
2026-08-10T07:57:07.2768081Z /home/runner/setup-pnpm/node_modules/.bin/store/v10
2026-08-10T07:57:07.3438393Z Cache hit for: node-cache-Linux-x64-pnpm-1e3137200eb7f7f9e33d94e731a1c4330dca12f756b18bada6bd042666dbca8c
2026-08-10T07:57:07.3612580Z (node:2048) [DEP0169] DeprecationWarning: `url.parse()` behavior is not standardized and prone to errors that have security implications. Use the WHATWG URL API instead. CVEs are not issued for `url.parse()` vulnerabilities.
2026-08-10T07:57:07.6580446Z Received 31338769 of 31338769 (100.0%), 109.1 MBs/sec
2026-08-10T07:57:07.6581653Z Cache Size: ~30 MB (31338769 B)
2026-08-10T07:57:07.6612624Z [command]/usr/bin/tar -xf /home/runner/work/_temp/6056064f-5406-485b-8dc0-6dc8ddb6753f/cache.tzst -P -C /home/runner/work/architecture-knowledge/architecture-knowledge --use-compress-program unzstd
2026-08-10T07:57:08.5338774Z Cache restored successfully
2026-08-10T07:57:08.5368396Z Cache restored from key: node-cache-Linux-x64-pnpm-1e3137200eb7f7f9e33d94e731a1c4330dca12f756b18bada6bd042666dbca8c
2026-08-10T07:57:08.5585031Z ##[group]Run pnpm install --frozen-lockfile
2026-08-10T07:57:08.5585448Z [36;1mpnpm install --frozen-lockfile[0m
2026-08-10T07:57:08.5634891Z shell: /usr/bin/bash -e {0}
2026-08-10T07:57:08.5635153Z env:
2026-08-10T07:57:08.5635416Z   PNPM_HOME: /home/runner/setup-pnpm/node_modules/.bin
2026-08-10T07:57:08.5635747Z ##[endgroup]
2026-08-10T07:57:08.9076607Z Lockfile is up to date, resolution step is skipped
2026-08-10T07:57:08.9448564Z Progress: resolved 1, reused 0, downloaded 0, added 0
2026-08-10T07:57:09.0178407Z Packages: +241
2026-08-10T07:57:09.0188007Z ++++++++++++++++++++++++++++++++++++++++++++++++++++++++++++++++++++++++++++++++
2026-08-10T07:57:09.9462775Z Progress: resolved 241, reused 241, downloaded 0, added 56
2026-08-10T07:57:10.5863129Z Progress: resolved 241, reused 241, downloaded 0, added 241, done
2026-08-10T07:57:10.7908082Z 
2026-08-10T07:57:10.7914558Z dependencies:
2026-08-10T07:57:10.7915297Z + ajv 8.17.1
2026-08-10T07:57:10.7916295Z + ajv-formats 3.0.1
2026-08-10T07:57:10.7920422Z + pg 8.16.3
2026-08-10T07:57:10.7921306Z + yaml 2.8.1
2026-08-10T07:57:10.7927570Z 
2026-08-10T07:57:10.7928133Z devDependencies:
2026-08-10T07:57:10.7936062Z + @stryker-mutator/core 9.6.1
2026-08-10T07:57:10.7948725Z + @stryker-mutator/vitest-runner 9.6.1
2026-08-10T07:57:10.7953183Z + @types/node 24.10.1
2026-08-10T07:57:10.7962678Z + @types/pg 8.15.5
2026-08-10T07:57:10.7971723Z + @vitest/coverage-v8 4.0.16
2026-08-10T07:57:10.7972507Z + prettier 3.8.1
2026-08-10T07:57:10.7973156Z + tsx 4.20.6
2026-08-10T07:57:10.7973918Z + typescript 5.9.3
2026-08-10T07:57:10.7974586Z + vitest 4.0.16
2026-08-10T07:57:10.7976861Z 
2026-08-10T07:57:10.7978338Z ╭ Warning ─────────────────────────────────────────────────────────────────────╮
2026-08-10T07:57:10.7979653Z │                                                                              │
2026-08-10T07:57:10.7980954Z │   Ignored build scripts: esbuild.                                            │
2026-08-10T07:57:10.7982821Z │   Run "pnpm approve-builds" to pick which dependencies should be allowed     │
2026-08-10T07:57:10.7984937Z │   to run scripts.                                                            │
2026-08-10T07:57:10.7986345Z │                                                                              │
2026-08-10T07:57:10.7988117Z ╰──────────────────────────────────────────────────────────────────────────────╯
2026-08-10T07:57:10.8007354Z 
2026-08-10T07:57:10.8054881Z Done in 2.2s using pnpm v10.23.0
2026-08-10T07:57:10.8205809Z ##[group]Run pnpm test:mutation
2026-08-10T07:57:10.8206132Z [36;1mpnpm test:mutation[0m
2026-08-10T07:57:10.8250907Z shell: /usr/bin/bash -e {0}
2026-08-10T07:57:10.8251156Z env:
2026-08-10T07:57:10.8251405Z   PNPM_HOME: /home/runner/setup-pnpm/node_modules/.bin
2026-08-10T07:57:10.8251720Z ##[endgroup]
2026-08-10T07:57:11.1537763Z 
2026-08-10T07:57:11.1539449Z > architecture-knowledge-system@0.2.0 test:mutation /home/runner/work/architecture-knowledge/architecture-knowledge
2026-08-10T07:57:11.1549648Z > stryker run
2026-08-10T07:57:11.1549856Z 
2026-08-10T07:57:12.4320766Z [32m07:57:12 (2144) INFO ProjectReader[39m Found 7 of 319 file(s) to be mutated.
2026-08-10T07:57:13.1799293Z [32m07:57:13 (2144) INFO Instrumenter[39m Instrumented 7 source file(s) with 2707 mutant(s)
2026-08-10T07:57:13.6315879Z [32m07:57:13 (2144) INFO ConcurrencyTokenProvider[39m Creating 8 test runner process(es).
2026-08-10T07:57:14.2591934Z [32m07:57:14 (2144) INFO BroadcastReporter[39m Detected that current console does not support the "progress" reporter, downgrading to "progress-append-only" reporter
2026-08-10T07:57:15.7679673Z [32m07:57:15 (2144) INFO DryRunExecutor[39m Starting initial test run (vitest test runner with "perTest" coverage analysis). This may take a while.
2026-08-10T07:57:48.1869705Z [32m07:57:48 (2144) INFO DryRunExecutor[39m Initial test run succeeded. Ran 109 tests in 32 seconds (net 26081.770836999985 ms, overhead 6322.2291630000145 ms).
2026-08-10T07:57:58.2076666Z Mutation testing 0% (elapsed: <1m, remaining: ~55m) 52/1519 tested (0 survived, 0 timed out)
2026-08-10T07:58:08.2091763Z Mutation testing 0% (elapsed: <1m, remaining: ~1h 51m) 52/1519 tested (0 survived, 0 timed out)
2026-08-10T07:58:18.2112804Z Mutation testing 0% (elapsed: <1m, remaining: ~1h 9m) 57/1519 tested (0 survived, 3 timed out)
2026-08-10T07:58:28.2115179Z Mutation testing 1% (elapsed: <1m, remaining: ~57m) 62/1519 tested (0 survived, 6 timed out)
2026-08-10T07:58:38.2179929Z Mutation testing 1% (elapsed: <1m, remaining: ~53m) 68/1519 tested (0 survived, 6 timed out)
2026-08-10T07:58:48.2168738Z Mutation testing 2% (elapsed: ~1m, remaining: ~41m) 77/1519 tested (0 survived, 9 timed out)
2026-08-10T07:58:58.2228520Z Mutation testing 2% (elapsed: ~1m, remaining: ~38m) 83/1519 tested (0 survived, 10 timed out)
2026-08-10T07:59:08.2184697Z Mutation testing 3% (elapsed: ~1m, remaining: ~40m) 87/1519 tested (0 survived, 10 timed out)
2026-08-10T07:59:18.2253239Z Mutation testing 3% (elapsed: ~1m, remaining: ~36m) 96/1519 tested (2 survived, 13 timed out)
2026-08-10T07:59:28.2207606Z Mutation testing 4% (elapsed: ~1m, remaining: ~35m) 102/1519 tested (2 survived, 14 timed out)
2026-08-10T07:59:38.2265351Z Mutation testing 4% (elapsed: ~1m, remaining: ~36m) 106/1519 tested (2 survived, 15 timed out)
2026-08-10T07:59:48.2255004Z Mutation testing 5% (elapsed: ~2m, remaining: ~37m) 109/1519 tested (2 survived, 16 timed out)
2026-08-10T07:59:58.2230383Z Mutation testing 5% (elapsed: ~2m, remaining: ~34m) 118/1519 tested (2 survived, 20 timed out)
2026-08-10T08:00:08.2313684Z Mutation testing 6% (elapsed: ~2m, remaining: ~35m) 122/1519 tested (2 survived, 20 timed out)
2026-08-10T08:00:18.2259359Z Mutation testing 6% (elapsed: ~2m, remaining: ~33m) 130/1519 tested (2 survived, 20 timed out)
2026-08-10T08:00:28.2298828Z Mutation testing 7% (elapsed: ~2m, remaining: ~32m) 141/1519 tested (3 survived, 22 timed out)
2026-08-10T08:00:38.2288906Z Mutation testing 8% (elapsed: ~2m, remaining: ~32m) 145/1519 tested (3 survived, 22 timed out)
2026-08-10T08:00:48.2297729Z Mutation testing 8% (elapsed: ~3m, remaining: ~32m) 150/1519 tested (3 survived, 24 timed out)
2026-08-10T08:00:58.2302417Z Mutation testing 8% (elapsed: ~3m, remaining: ~32m) 154/1519 tested (3 survived, 25 timed out)
2026-08-10T08:01:08.2320980Z Mutation testing 9% (elapsed: ~3m, remaining: ~33m) 159/1519 tested (3 survived, 27 timed out)
2026-08-10T08:01:18.2340019Z Mutation testing 9% (elapsed: ~3m, remaining: ~32m) 167/1519 tested (3 survived, 29 timed out)
2026-08-10T08:01:28.2359366Z Mutation testing 9% (elapsed: ~3m, remaining: ~33m) 177/1519 tested (6 survived, 30 timed out)
2026-08-10T08:01:38.2389144Z Mutation testing 10% (elapsed: ~3m, remaining: ~33m) 187/1519 tested (8 survived, 30 timed out)
2026-08-10T08:01:48.2347537Z Mutation testing 10% (elapsed: ~4m, remaining: ~33m) 197/1519 tested (8 survived, 32 timed out)
2026-08-10T08:01:58.2369113Z Mutation testing 11% (elapsed: ~4m, remaining: ~31m) 206/1519 tested (8 survived, 33 timed out)
2026-08-10T08:02:08.2373674Z Mutation testing 12% (elapsed: ~4m, remaining: ~30m) 214/1519 tested (8 survived, 34 timed out)
2026-08-10T08:02:18.2448864Z Mutation testing 12% (elapsed: ~4m, remaining: ~31m) 216/1519 tested (8 survived, 34 timed out)
2026-08-10T08:02:28.2458654Z Mutation testing 12% (elapsed: ~4m, remaining: ~31m) 218/1519 tested (8 survived, 36 timed out)
2026-08-10T08:02:38.2388255Z Mutation testing 13% (elapsed: ~4m, remaining: ~31m) 222/1519 tested (8 survived, 40 timed out)
2026-08-10T08:02:48.2385011Z Mutation testing 13% (elapsed: ~5m, remaining: ~31m) 230/1519 tested (9 survived, 42 timed out)
2026-08-10T08:02:58.2478759Z Mutation testing 14% (elapsed: ~5m, remaining: ~31m) 238/1519 tested (10 survived, 43 timed out)
2026-08-10T08:03:08.2474124Z Mutation testing 14% (elapsed: ~5m, remaining: ~30m) 247/1519 tested (12 survived, 44 timed out)
2026-08-10T08:03:18.2452621Z Mutation testing 15% (elapsed: ~5m, remaining: ~30m) 255/1519 tested (13 survived, 46 timed out)
2026-08-10T08:03:28.2498511Z Mutation testing 15% (elapsed: ~5m, remaining: ~30m) 263/1519 tested (13 survived, 47 timed out)
2026-08-10T08:03:38.2528531Z Mutation testing 15% (elapsed: ~5m, remaining: ~31m) 271/1519 tested (15 survived, 48 timed out)
2026-08-10T08:03:48.2510909Z Mutation testing 16% (elapsed: ~6m, remaining: ~30m) 279/1519 tested (16 survived, 48 timed out)
2026-08-10T08:03:58.2527435Z Mutation testing 17% (elapsed: ~6m, remaining: ~29m) 288/1519 tested (16 survived, 48 timed out)
2026-08-10T08:04:08.2558898Z Mutation testing 17% (elapsed: ~6m, remaining: ~29m) 295/1519 tested (16 survived, 49 timed out)
2026-08-10T08:04:18.2633416Z Mutation testing 18% (elapsed: ~6m, remaining: ~29m) 303/1519 tested (16 survived, 49 timed out)
2026-08-10T08:04:28.2659829Z Mutation testing 19% (elapsed: ~6m, remaining: ~28m) 312/1519 tested (16 survived, 51 timed out)
2026-08-10T08:04:38.2704433Z Mutation testing 19% (elapsed: ~6m, remaining: ~28m) 319/1519 tested (16 survived, 52 timed out)
2026-08-10T08:04:48.2728665Z Mutation testing 19% (elapsed: ~7m, remaining: ~28m) 322/1519 tested (16 survived, 52 timed out)
2026-08-10T08:04:58.2788617Z Mutation testing 20% (elapsed: ~7m, remaining: ~28m) 327/1519 tested (16 survived, 53 timed out)
2026-08-10T08:05:08.2811485Z Mutation testing 20% (elapsed: ~7m, remaining: ~28m) 335/1519 tested (16 survived, 57 timed out)
2026-08-10T08:05:18.2846227Z Mutation testing 21% (elapsed: ~7m, remaining: ~28m) 342/1519 tested (16 survived, 57 timed out)
2026-08-10T08:05:28.2878596Z Mutation testing 21% (elapsed: ~7m, remaining: ~28m) 352/1519 tested (19 survived, 58 timed out)
2026-08-10T08:05:38.2878468Z Mutation testing 21% (elapsed: ~7m, remaining: ~28m) 360/1519 tested (20 survived, 58 timed out)
2026-08-10T08:05:48.2860877Z Mutation testing 22% (elapsed: ~8m, remaining: ~27m) 371/1519 tested (20 survived, 58 timed out)
2026-08-10T08:05:58.2868905Z Mutation testing 23% (elapsed: ~8m, remaining: ~27m) 380/1519 tested (20 survived, 59 timed out)
2026-08-10T08:06:08.2938636Z Mutation testing 23% (elapsed: ~8m, remaining: ~27m) 385/1519 tested (20 survived, 60 timed out)
2026-08-10T08:06:18.2910655Z Mutation testing 23% (elapsed: ~8m, remaining: ~27m) 393/1519 tested (20 survived, 62 timed out)
2026-08-10T08:06:28.2929180Z Mutation testing 24% (elapsed: ~8m, remaining: ~26m) 401/1519 tested (20 survived, 63 timed out)
2026-08-10T08:06:38.2996741Z Mutation testing 24% (elapsed: ~8m, remaining: ~27m) 402/1519 tested (20 survived, 63 timed out)
2026-08-10T08:06:48.2969450Z Mutation testing 24% (elapsed: ~9m, remaining: ~27m) 405/1519 tested (20 survived, 66 timed out)
2026-08-10T08:06:58.2988458Z Mutation testing 25% (elapsed: ~9m, remaining: ~27m) 413/1519 tested (20 survived, 71 timed out)
2026-08-10T08:07:08.3020234Z Mutation testing 25% (elapsed: ~9m, remaining: ~27m) 414/1519 tested (20 survived, 71 timed out)
2026-08-10T08:07:18.2996747Z Mutation testing 25% (elapsed: ~9m, remaining: ~27m) 420/1519 tested (20 survived, 72 timed out)
2026-08-10T08:07:28.3068799Z Mutation testing 26% (elapsed: ~9m, remaining: ~27m) 429/1519 tested (20 survived, 76 timed out)
2026-08-10T08:07:38.3066132Z Mutation testing 26% (elapsed: ~9m, remaining: ~26m) 439/1519 tested (20 survived, 76 timed out)
2026-08-10T08:07:48.3048939Z Mutation testing 27% (elapsed: ~10m, remaining: ~26m) 443/1519 tested (20 survived, 77 timed out)
2026-08-10T08:07:58.3113590Z Mutation testing 27% (elapsed: ~10m, remaining: ~26m) 445/1519 tested (20 survived, 79 timed out)
2026-08-10T08:08:08.3146589Z Mutation testing 27% (elapsed: ~10m, remaining: ~27m) 448/1519 tested (20 survived, 81 timed out)
2026-08-10T08:08:18.3175530Z Mutation testing 28% (elapsed: ~10m, remaining: ~26m) 458/1519 tested (20 survived, 86 timed out)
2026-08-10T08:08:28.3126865Z Mutation testing 28% (elapsed: ~10m, remaining: ~26m) 463/1519 tested (20 survived, 86 timed out)
2026-08-10T08:08:38.3159764Z Mutation testing 29% (elapsed: ~10m, remaining: ~26m) 470/1519 tested (20 survived, 87 timed out)
2026-08-10T08:08:48.3170226Z Mutation testing 29% (elapsed: ~11m, remaining: ~26m) 478/1519 tested (21 survived, 90 timed out)
2026-08-10T08:08:58.4440630Z Mutation testing 29% (elapsed: ~11m, remaining: ~26m) 486/1519 tested (21 survived, 90 timed out)
2026-08-10T08:09:08.3250561Z Mutation testing 30% (elapsed: ~11m, remaining: ~25m) 497/1519 tested (22 survived, 90 timed out)
2026-08-10T08:09:18.3300590Z Mutation testing 30% (elapsed: ~11m, remaining: ~25m) 504/1519 tested (23 survived, 91 timed out)
2026-08-10T08:09:28.3265388Z Mutation testing 31% (elapsed: ~11m, remaining: ~25m) 508/1519 tested (23 survived, 91 timed out)
2026-08-10T08:09:38.3318222Z Mutation testing 31% (elapsed: ~11m, remaining: ~25m) 514/1519 tested (23 survived, 95 timed out)
2026-08-10T08:09:48.3388749Z Mutation testing 31% (elapsed: ~12m, remaining: ~25m) 515/1519 tested (23 survived, 96 timed out)
2026-08-10T08:09:58.3638560Z Mutation testing 31% (elapsed: ~12m, remaining: ~25m) 517/1519 tested (23 survived, 98 timed out)
2026-08-10T08:10:08.3666599Z Mutation testing 32% (elapsed: ~12m, remaining: ~25m) 522/1519 tested (23 survived, 103 timed out)
2026-08-10T08:10:18.3633016Z Mutation testing 32% (elapsed: ~12m, remaining: ~25m) 525/1519 tested (23 survived, 104 timed out)
2026-08-10T08:10:28.3718943Z Mutation testing 33% (elapsed: ~12m, remaining: ~25m) 532/1519 tested (23 survived, 106 timed out)
2026-08-10T08:10:38.3641016Z Mutation testing 33% (elapsed: ~12m, remaining: ~25m) 533/1519 tested (23 survived, 106 timed out)
2026-08-10T08:10:48.3655924Z Mutation testing 33% (elapsed: ~13m, remaining: ~26m) 533/1519 tested (23 survived, 106 timed out)
2026-08-10T08:10:58.4729726Z Mutation testing 33% (elapsed: ~13m, remaining: ~25m) 541/1519 tested (23 survived, 113 timed out)
2026-08-10T08:11:08.3761809Z Mutation testing 34% (elapsed: ~13m, remaining: ~25m) 550/1519 tested (23 survived, 114 timed out)
2026-08-10T08:11:18.3794713Z Mutation testing 34% (elapsed: ~13m, remaining: ~25m) 558/1519 tested (23 survived, 115 timed out)
2026-08-10T08:11:28.3768572Z Mutation testing 35% (elapsed: ~13m, remaining: ~25m) 563/1519 tested (23 survived, 117 timed out)
2026-08-10T08:11:38.3768791Z Mutation testing 35% (elapsed: ~13m, remaining: ~25m) 570/1519 tested (23 survived, 118 timed out)
2026-08-10T08:11:48.4748846Z Mutation testing 35% (elapsed: ~14m, remaining: ~25m) 577/1519 tested (23 survived, 121 timed out)
2026-08-10T08:11:58.3835039Z Mutation testing 35% (elapsed: ~14m, remaining: ~25m) 582/1519 tested (23 survived, 122 timed out)
2026-08-10T08:12:08.3804571Z Mutation testing 36% (elapsed: ~14m, remaining: ~25m) 590/1519 tested (23 survived, 125 timed out)
2026-08-10T08:12:18.3814958Z Mutation testing 36% (elapsed: ~14m, remaining: ~25m) 597/1519 tested (23 survived, 126 timed out)
2026-08-10T08:12:28.3851090Z Mutation testing 37% (elapsed: ~14m, remaining: ~24m) 606/1519 tested (23 survived, 126 timed out)
2026-08-10T08:12:38.3862038Z Mutation testing 37% (elapsed: ~14m, remaining: ~24m) 612/1519 tested (23 survived, 127 timed out)
2026-08-10T08:12:48.4702184Z Mutation testing 37% (elapsed: ~15m, remaining: ~24m) 617/1519 tested (24 survived, 128 timed out)
2026-08-10T08:12:58.3986445Z Mutation testing 37% (elapsed: ~15m, remaining: ~24m) 624/1519 tested (24 survived, 132 timed out)
2026-08-10T08:13:08.3954215Z Mutation testing 38% (elapsed: ~15m, remaining: ~24m) 632/1519 tested (24 survived, 133 timed out)
2026-08-10T08:13:18.3972479Z Mutation testing 38% (elapsed: ~15m, remaining: ~24m) 644/1519 tested (26 survived, 134 timed out)
2026-08-10T08:13:28.3989245Z Mutation testing 39% (elapsed: ~15m, remaining: ~24m) 653/1519 tested (29 survived, 134 timed out)
2026-08-10T08:13:38.4008636Z Mutation testing 39% (elapsed: ~15m, remaining: ~24m) 658/1519 tested (29 survived, 135 timed out)
2026-08-10T08:13:48.3987336Z Mutation testing 39% (elapsed: ~16m, remaining: ~24m) 663/1519 tested (29 survived, 137 timed out)
2026-08-10T08:13:58.4020099Z Mutation testing 39% (elapsed: ~16m, remaining: ~24m) 668/1519 tested (29 survived, 139 timed out)
2026-08-10T08:14:08.3974747Z Mutation testing 39% (elapsed: ~16m, remaining: ~24m) 679/1519 tested (30 survived, 142 timed out)
2026-08-10T08:14:18.4006526Z Mutation testing 40% (elapsed: ~16m, remaining: ~24m) 689/1519 tested (30 survived, 142 timed out)
2026-08-10T08:14:28.4073478Z Mutation testing 40% (elapsed: ~16m, remaining: ~24m) 691/1519 tested (30 survived, 143 timed out)
2026-08-10T08:14:38.4278716Z Mutation testing 40% (elapsed: ~16m, remaining: ~24m) 695/1519 tested (30 survived, 145 timed out)
2026-08-10T08:14:48.4261761Z Mutation testing 41% (elapsed: ~17m, remaining: ~24m) 703/1519 tested (30 survived, 150 timed out)
2026-08-10T08:14:58.4261188Z Mutation testing 41% (elapsed: ~17m, remaining: ~24m) 709/1519 tested (30 survived, 150 timed out)
2026-08-10T08:15:08.4198866Z Mutation testing 41% (elapsed: ~17m, remaining: ~24m) 712/1519 tested (30 survived, 151 timed out)
2026-08-10T08:15:18.4328844Z Mutation testing 41% (elapsed: ~17m, remaining: ~24m) 718/1519 tested (30 survived, 156 timed out)
2026-08-10T08:15:28.4266080Z Mutation testing 42% (elapsed: ~17m, remaining: ~24m) 726/1519 tested (30 survived, 157 timed out)
2026-08-10T08:15:38.4278529Z Mutation testing 42% (elapsed: ~17m, remaining: ~24m) 733/1519 tested (30 survived, 157 timed out)
2026-08-10T08:15:48.4308596Z Mutation testing 42% (elapsed: ~18m, remaining: ~24m) 738/1519 tested (30 survived, 160 timed out)
2026-08-10T08:15:58.4350282Z Mutation testing 42% (elapsed: ~18m, remaining: ~24m) 746/1519 tested (30 survived, 162 timed out)
2026-08-10T08:16:08.4285942Z Mutation testing 43% (elapsed: ~18m, remaining: ~24m) 758/1519 tested (30 survived, 164 timed out)
2026-08-10T08:16:18.4320880Z Mutation testing 43% (elapsed: ~18m, remaining: ~23m) 770/1519 tested (30 survived, 165 timed out)
2026-08-10T08:16:28.4359335Z Mutation testing 43% (elapsed: ~18m, remaining: ~23m) 778/1519 tested (30 survived, 166 timed out)
2026-08-10T08:16:38.4340403Z Mutation testing 44% (elapsed: ~18m, remaining: ~23m) 788/1519 tested (30 survived, 168 timed out)
2026-08-10T08:16:48.4350131Z Mutation testing 44% (elapsed: ~19m, remaining: ~23m) 800/1519 tested (30 survived, 168 timed out)
2026-08-10T08:16:58.4405578Z Mutation testing 44% (elapsed: ~19m, remaining: ~23m) 809/1519 tested (31 survived, 168 timed out)
2026-08-10T08:17:08.4453860Z Mutation testing 44% (elapsed: ~19m, remaining: ~23m) 813/1519 tested (33 survived, 168 timed out)
2026-08-10T08:17:18.4415599Z Mutation testing 45% (elapsed: ~19m, remaining: ~23m) 819/1519 tested (34 survived, 170 timed out)
2026-08-10T08:17:28.4433589Z Mutation testing 45% (elapsed: ~19m, remaining: ~23m) 829/1519 tested (37 survived, 172 timed out)
2026-08-10T08:17:38.4466696Z Mutation testing 45% (elapsed: ~19m, remaining: ~23m) 835/1519 tested (37 survived, 172 timed out)
2026-08-10T08:17:48.4508552Z Mutation testing 45% (elapsed: ~20m, remaining: ~23m) 846/1519 tested (41 survived, 174 timed out)
2026-08-10T08:17:58.4488670Z Mutation testing 45% (elapsed: ~20m, remaining: ~23m) 858/1519 tested (45 survived, 174 timed out)
2026-08-10T08:18:08.4488998Z Mutation testing 46% (elapsed: ~20m, remaining: ~23m) 867/1519 tested (46 survived, 174 timed out)
2026-08-10T08:18:18.4510612Z Mutation testing 46% (elapsed: ~20m, remaining: ~23m) 881/1519 tested (51 survived, 174 timed out)
2026-08-10T08:18:28.4474750Z Mutation testing 46% (elapsed: ~20m, remaining: ~23m) 888/1519 tested (51 survived, 174 timed out)
2026-08-10T08:18:38.4545604Z Mutation testing 47% (elapsed: ~20m, remaining: ~23m) 891/1519 tested (51 survived, 174 timed out)
2026-08-10T08:18:48.4698546Z Mutation testing 47% (elapsed: ~21m, remaining: ~23m) 896/1519 tested (51 survived, 178 timed out)
2026-08-10T08:18:58.4535968Z Mutation testing 48% (elapsed: ~21m, remaining: ~22m) 904/1519 tested (51 survived, 181 timed out)
2026-08-10T08:19:08.4586043Z Mutation testing 48% (elapsed: ~21m, remaining: ~22m) 912/1519 tested (52 survived, 181 timed out)
2026-08-10T08:19:18.4608592Z Mutation testing 49% (elapsed: ~21m, remaining: ~22m) 921/1519 tested (52 survived, 181 timed out)
2026-08-10T08:19:28.4608463Z Mutation testing 49% (elapsed: ~21m, remaining: ~21m) 931/1519 tested (53 survived, 181 timed out)
2026-08-10T08:19:38.4729854Z Mutation testing 50% (elapsed: ~21m, remaining: ~21m) 936/1519 tested (53 survived, 182 timed out)
2026-08-10T08:19:48.4700291Z Mutation testing 50% (elapsed: ~22m, remaining: ~21m) 944/1519 tested (55 survived, 183 timed out)
2026-08-10T08:19:58.4729012Z Mutation testing 51% (elapsed: ~22m, remaining: ~21m) 955/1519 tested (57 survived, 185 timed out)
2026-08-10T08:20:08.4680280Z Mutation testing 52% (elapsed: ~22m, remaining: ~20m) 965/1519 tested (57 survived, 185 timed out)
2026-08-10T08:20:18.4733140Z Mutation testing 52% (elapsed: ~22m, remaining: ~20m) 971/1519 tested (57 survived, 186 timed out)
2026-08-10T08:20:28.4738424Z Mutation testing 53% (elapsed: ~22m, remaining: ~20m) 981/1519 tested (57 survived, 187 timed out)
2026-08-10T08:20:38.4731756Z Mutation testing 53% (elapsed: ~22m, remaining: ~20m) 986/1519 tested (57 survived, 188 timed out)
2026-08-10T08:20:48.4745095Z Mutation testing 53% (elapsed: ~23m, remaining: ~19m) 992/1519 tested (57 survived, 188 timed out)
2026-08-10T08:20:58.4828850Z Mutation testing 54% (elapsed: ~23m, remaining: ~19m) 1003/1519 tested (58 survived, 190 timed out)
2026-08-10T08:21:08.4778530Z Mutation testing 54% (elapsed: ~23m, remaining: ~19m) 1014/1519 tested (59 survived, 191 timed out)
2026-08-10T08:21:18.4786364Z Mutation testing 55% (elapsed: ~23m, remaining: ~18m) 1019/1519 tested (59 survived, 191 timed out)
2026-08-10T08:21:28.4805791Z Mutation testing 55% (elapsed: ~23m, remaining: ~18m) 1027/1519 tested (61 survived, 191 timed out)
2026-08-10T08:21:38.4833518Z Mutation testing 56% (elapsed: ~23m, remaining: ~18m) 1036/1519 tested (63 survived, 193 timed out)
2026-08-10T08:21:48.4865873Z Mutation testing 56% (elapsed: ~24m, remaining: ~18m) 1043/1519 tested (63 survived, 194 timed out)
2026-08-10T08:21:58.4802413Z Mutation testing 56% (elapsed: ~24m, remaining: ~18m) 1047/1519 tested (65 survived, 194 timed out)
2026-08-10T08:22:08.4841466Z Mutation testing 57% (elapsed: ~24m, remaining: ~18m) 1058/1519 tested (71 survived, 195 timed out)
2026-08-10T08:22:18.4877527Z Mutation testing 57% (elapsed: ~24m, remaining: ~18m) 1067/1519 tested (74 survived, 198 timed out)
2026-08-10T08:22:28.4859792Z Mutation testing 57% (elapsed: ~24m, remaining: ~18m) 1076/1519 tested (75 survived, 199 timed out)
2026-08-10T08:22:38.4868544Z Mutation testing 57% (elapsed: ~24m, remaining: ~18m) 1080/1519 tested (75 survived, 200 timed out)
2026-08-10T08:22:48.4929014Z Mutation testing 58% (elapsed: ~25m, remaining: ~18m) 1082/1519 tested (75 survived, 200 timed out)
2026-08-10T08:22:58.4921780Z Mutation testing 58% (elapsed: ~25m, remaining: ~17m) 1090/1519 tested (75 survived, 205 timed out)
2026-08-10T08:23:08.4968962Z Mutation testing 59% (elapsed: ~25m, remaining: ~17m) 1099/1519 tested (75 survived, 206 timed out)
2026-08-10T08:23:18.4929081Z Mutation testing 59% (elapsed: ~25m, remaining: ~17m) 1109/1519 tested (75 survived, 206 timed out)
2026-08-10T08:23:28.4944832Z Mutation testing 60% (elapsed: ~25m, remaining: ~16m) 1117/1519 tested (75 survived, 206 timed out)
2026-08-10T08:23:38.4989276Z Mutation testing 60% (elapsed: ~25m, remaining: ~16m) 1119/1519 tested (75 survived, 206 timed out)
2026-08-10T08:23:48.4987390Z Mutation testing 60% (elapsed: ~26m, remaining: ~16m) 1123/1519 tested (75 survived, 206 timed out)
2026-08-10T08:23:58.5011458Z Mutation testing 61% (elapsed: ~26m, remaining: ~16m) 1127/1519 tested (75 survived, 208 timed out)
2026-08-10T08:24:08.4987355Z Mutation testing 61% (elapsed: ~26m, remaining: ~16m) 1132/1519 tested (75 survived, 211 timed out)
2026-08-10T08:24:18.5092037Z Mutation testing 61% (elapsed: ~26m, remaining: ~16m) 1139/1519 tested (76 survived, 211 timed out)
2026-08-10T08:24:28.5057924Z Mutation testing 62% (elapsed: ~26m, remaining: ~16m) 1150/1519 tested (76 survived, 211 timed out)
2026-08-10T08:24:38.5087610Z Mutation testing 62% (elapsed: ~26m, remaining: ~15m) 1157/1519 tested (76 survived, 211 timed out)
2026-08-10T08:24:48.5037106Z Mutation testing 63% (elapsed: ~27m, remaining: ~15m) 1164/1519 tested (76 survived, 212 timed out)
2026-08-10T08:24:58.5054371Z Mutation testing 64% (elapsed: ~27m, remaining: ~15m) 1174/1519 tested (77 survived, 213 timed out)
2026-08-10T08:25:08.5065262Z Mutation testing 64% (elapsed: ~27m, remaining: ~15m) 1181/1519 tested (78 survived, 214 timed out)
2026-08-10T08:25:18.5074488Z Mutation testing 65% (elapsed: ~27m, remaining: ~14m) 1190/1519 tested (80 survived, 214 timed out)
2026-08-10T08:25:28.5065413Z Mutation testing 65% (elapsed: ~27m, remaining: ~14m) 1200/1519 tested (80 survived, 215 timed out)
2026-08-10T08:25:38.5118525Z Mutation testing 66% (elapsed: ~27m, remaining: ~14m) 1210/1519 tested (81 survived, 215 timed out)
2026-08-10T08:25:48.5148831Z Mutation testing 66% (elapsed: ~28m, remaining: ~14m) 1216/1519 tested (81 survived, 216 timed out)
2026-08-10T08:25:58.5178701Z Mutation testing 67% (elapsed: ~28m, remaining: ~13m) 1222/1519 tested (81 survived, 217 timed out)
2026-08-10T08:26:08.5208310Z Mutation testing 67% (elapsed: ~28m, remaining: ~13m) 1232/1519 tested (84 survived, 218 timed out)
2026-08-10T08:26:18.5201265Z Mutation testing 67% (elapsed: ~28m, remaining: ~13m) 1236/1519 tested (84 survived, 219 timed out)
2026-08-10T08:26:28.5224874Z Mutation testing 68% (elapsed: ~28m, remaining: ~13m) 1243/1519 tested (84 survived, 220 timed out)
2026-08-10T08:26:38.5211311Z Mutation testing 68% (elapsed: ~28m, remaining: ~13m) 1250/1519 tested (87 survived, 221 timed out)
2026-08-10T08:26:48.5240204Z Mutation testing 69% (elapsed: ~29m, remaining: ~12m) 1255/1519 tested (87 survived, 222 timed out)
2026-08-10T08:26:58.5212074Z Mutation testing 69% (elapsed: ~29m, remaining: ~12m) 1259/1519 tested (87 survived, 222 timed out)
2026-08-10T08:27:08.5231136Z Mutation testing 70% (elapsed: ~29m, remaining: ~12m) 1267/1519 tested (87 survived, 227 timed out)
2026-08-10T08:27:18.5299346Z Mutation testing 70% (elapsed: ~29m, remaining: ~12m) 1273/1519 tested (87 survived, 228 timed out)
2026-08-10T08:27:28.5319244Z Mutation testing 70% (elapsed: ~29m, remaining: ~12m) 1276/1519 tested (87 survived, 230 timed out)
2026-08-10T08:27:38.5439025Z Mutation testing 70% (elapsed: ~29m, remaining: ~12m) 1278/1519 tested (87 survived, 232 timed out)
2026-08-10T08:27:48.5341767Z Mutation testing 71% (elapsed: ~30m, remaining: ~11m) 1284/1519 tested (87 survived, 235 timed out)
2026-08-10T08:27:58.5414540Z Mutation testing 72% (elapsed: ~30m, remaining: ~11m) 1294/1519 tested (87 survived, 238 timed out)
2026-08-10T08:28:08.5363773Z Mutation testing 72% (elapsed: ~30m, remaining: ~11m) 1300/1519 tested (87 survived, 238 timed out)
2026-08-10T08:28:18.5335605Z Mutation testing 72% (elapsed: ~30m, remaining: ~11m) 1306/1519 tested (87 survived, 239 timed out)
2026-08-10T08:28:28.5379635Z Mutation testing 72% (elapsed: ~30m, remaining: ~11m) 1307/1519 tested (87 survived, 240 timed out)
2026-08-10T08:28:38.5489335Z Mutation testing 72% (elapsed: ~30m, remaining: ~11m) 1307/1519 tested (87 survived, 240 timed out)
2026-08-10T08:28:48.5541044Z Mutation testing 73% (elapsed: ~31m, remaining: ~11m) 1308/1519 tested (87 survived, 241 timed out)
2026-08-10T08:28:58.5604366Z Mutation testing 74% (elapsed: ~31m, remaining: ~10m) 1315/1519 tested (87 survived, 247 timed out)
2026-08-10T08:29:08.5535143Z Mutation testing 76% (elapsed: ~31m, remaining: ~9m) 1322/1519 tested (87 survived, 248 timed out)
2026-08-10T08:29:18.5536781Z Mutation testing 77% (elapsed: ~31m, remaining: ~8m) 1333/1519 tested (87 survived, 248 timed out)
2026-08-10T08:29:28.5584181Z Mutation testing 78% (elapsed: ~31m, remaining: ~8m) 1338/1519 tested (87 survived, 249 timed out)
2026-08-10T08:29:38.5571687Z Mutation testing 79% (elapsed: ~31m, remaining: ~8m) 1343/1519 tested (88 survived, 251 timed out)
2026-08-10T08:29:48.5590307Z Mutation testing 80% (elapsed: ~32m, remaining: ~7m) 1351/1519 tested (88 survived, 252 timed out)
2026-08-10T08:29:58.5638541Z Mutation testing 82% (elapsed: ~32m, remaining: ~7m) 1362/1519 tested (88 survived, 253 timed out)
2026-08-10T08:30:08.5678934Z Mutation testing 83% (elapsed: ~32m, remaining: ~6m) 1373/1519 tested (89 survived, 253 timed out)
2026-08-10T08:30:18.5665376Z Mutation testing 85% (elapsed: ~32m, remaining: ~5m) 1385/1519 tested (89 survived, 254 timed out)
2026-08-10T08:30:28.5674485Z Mutation testing 86% (elapsed: ~32m, remaining: ~5m) 1392/1519 tested (89 survived, 254 timed out)
2026-08-10T08:30:38.5698685Z Mutation testing 86% (elapsed: ~32m, remaining: ~5m) 1397/1519 tested (89 survived, 255 timed out)
2026-08-10T08:30:48.5668824Z Mutation testing 87% (elapsed: ~33m, remaining: ~4m) 1403/1519 tested (89 survived, 256 timed out)
2026-08-10T08:30:58.5739399Z Mutation testing 88% (elapsed: ~33m, remaining: ~4m) 1410/1519 tested (89 survived, 259 timed out)
2026-08-10T08:31:08.5724803Z Mutation testing 89% (elapsed: ~33m, remaining: ~3m) 1418/1519 tested (89 survived, 261 timed out)
2026-08-10T08:31:18.5748542Z Mutation testing 90% (elapsed: ~33m, remaining: ~3m) 1425/1519 tested (89 survived, 261 timed out)
2026-08-10T08:31:28.5764951Z Mutation testing 91% (elapsed: ~33m, remaining: ~3m) 1431/1519 tested (90 survived, 262 timed out)
2026-08-10T08:31:38.5788565Z Mutation testing 92% (elapsed: ~33m, remaining: ~2m) 1437/1519 tested (90 survived, 264 timed out)
2026-08-10T08:31:48.5805611Z Mutation testing 93% (elapsed: ~34m, remaining: ~2m) 1445/1519 tested (90 survived, 267 timed out)
2026-08-10T08:31:58.5834104Z Mutation testing 93% (elapsed: ~34m, remaining: ~2m) 1447/1519 tested (90 survived, 267 timed out)
2026-08-10T08:32:08.5898703Z Mutation testing 93% (elapsed: ~34m, remaining: ~2m) 1447/1519 tested (90 survived, 267 timed out)
2026-08-10T08:32:18.5949466Z Mutation testing 93% (elapsed: ~34m, remaining: ~2m) 1452/1519 tested (90 survived, 272 timed out)
2026-08-10T08:32:28.5998679Z Mutation testing 94% (elapsed: ~34m, remaining: ~1m) 1461/1519 tested (91 survived, 275 timed out)
2026-08-10T08:32:38.5969405Z Mutation testing 95% (elapsed: ~34m, remaining: ~1m) 1472/1519 tested (91 survived, 275 timed out)
2026-08-10T08:32:48.5999285Z Mutation testing 95% (elapsed: ~35m, remaining: ~1m) 1484/1519 tested (91 survived, 276 timed out)
2026-08-10T08:32:58.6038627Z Mutation testing 96% (elapsed: ~35m, remaining: ~1m) 1491/1519 tested (91 survived, 276 timed out)
2026-08-10T08:33:08.6039209Z Mutation testing 96% (elapsed: ~35m, remaining: ~1m) 1498/1519 tested (91 survived, 276 timed out)
2026-08-10T08:33:18.6059096Z Mutation testing 96% (elapsed: ~35m, remaining: ~1m) 1499/1519 tested (91 survived, 276 timed out)
2026-08-10T08:33:28.6178395Z Mutation testing 96% (elapsed: ~35m, remaining: ~1m) 1499/1519 tested (91 survived, 276 timed out)
2026-08-10T08:33:38.6178419Z Mutation testing 96% (elapsed: ~35m, remaining: ~1m) 1499/1519 tested (91 survived, 276 timed out)
2026-08-10T08:33:48.6183507Z Mutation testing 98% (elapsed: ~36m, remaining: <1m) 1507/1519 tested (91 survived, 284 timed out)
2026-08-10T08:33:58.6188840Z Mutation testing 99% (elapsed: ~36m, remaining: <1m) 1513/1519 tested (91 survived, 284 timed out)
2026-08-10T08:34:08.6240361Z Mutation testing 99% (elapsed: ~36m, remaining: <1m) 1516/1519 tested (91 survived, 284 timed out)
2026-08-10T08:34:13.9531139Z 
2026-08-10T08:34:13.9533030Z All tests
2026-08-10T08:34:13.9533941Z   audit-gap-regressions.test.ts
2026-08-10T08:34:13.9538870Z     ✓ audit regression coverage rejects missing, duplicate, inconsistent, and orphaned ledger allocations (killed 17)
2026-08-10T08:34:13.9540847Z     ✓ audit regression coverage rejects unallocated and malformed records with unknown kinds (killed 6)
2026-08-10T08:34:13.9542418Z     ~ audit regression coverage rejects normalized label and human-key collisions (covered 161)
2026-08-10T08:34:13.9544166Z     ✓ audit regression coverage rejects admitted unassessed, restricted, and unreplaced sources (killed 6)
2026-08-10T08:34:13.9546006Z     ✓ audit regression coverage rejects unknown, unsupported, and unconditional evidence-required claims (killed 13)
2026-08-10T08:34:13.9548217Z     ✓ audit regression coverage rejects duplicate, discontinuous lifecycle events and missing replacements (killed 11)
2026-08-10T08:34:13.9550228Z     ✓ audit regression coverage enforces relationship direction, conditions, evidence, kinds, and ordering (killed 27)
2026-08-10T08:34:13.9552213Z     ✓ audit regression coverage detects duplicate, conflicting, ambiguous, and unknown relationship policy (killed 8)
2026-08-10T08:34:13.9553563Z   claim-grounding-regressions.test.ts
2026-08-10T08:34:13.9555042Z     ✓ claim grounding regression diagnostics reports a direct cycle with an explicit closed path (killed 19)
2026-08-10T08:34:13.9556833Z     ✓ claim grounding regression diagnostics reports an unresolved derived claim reference precisely (killed 4)
2026-08-10T08:34:13.9558577Z     ✓ claim grounding regression diagnostics does not allow a rejected source to ground a claim (killed 10)
2026-08-10T08:34:13.9560291Z     ✓ claim grounding regression diagnostics requires every branch of mixed source and claim evidence to be grounded (killed 8)
2026-08-10T08:34:13.9561306Z   evidence-derivation.test.ts
2026-08-10T08:34:13.9562419Z     ✓ claim derivation grounding rejects cyclic claims with no admitted source foundation (killed 17)
2026-08-10T08:34:13.9563882Z     ✓ claim derivation grounding accepts a derivation chain grounded in an admitted source (killed 43)
2026-08-10T08:34:13.9565338Z     ✓ claim derivation grounding does not treat an unsupported hypothesis as grounding for a synthesis (killed 1)
2026-08-10T08:34:13.9566186Z   evidence.test.ts
2026-08-10T08:34:13.9580851Z     ✓ claim and source validation accepts admitted assessed sources and explicitly typed claims (killed 22)
2026-08-10T08:34:13.9582601Z     ✓ claim and source validation rejects candidate or rejected evidence and disguised direct derivation (killed 14)
2026-08-10T08:34:13.9583990Z     ✓ claim and source validation warns when deprecated evidence remains in use (killed 4)
2026-08-10T08:34:13.9585483Z     ✓ claim and source validation rejects source locators that are unresolved, undeclared, or duplicated (killed 2)
2026-08-10T08:34:13.9593423Z     ✓ claim and source validation accepts a normative claim with direct admitted in-scope evidence and a locator (killed 15)
2026-08-10T08:34:13.9595085Z     ✓ claim and source validation rejects a sourced normative claim with no direct source (killed 2)
2026-08-10T08:34:13.9596433Z     ~ claim and source validation rejects a sourced normative claim supported only by derivation (covered 189)
2026-08-10T08:34:13.9598591Z     ✓ claim and source validation rejects a normative direct source without a locator (killed 2)
2026-08-10T08:34:13.9599866Z     ✓ claim and source validation rejects a non-admitted normative source (killed 2)
2026-08-10T08:34:13.9601191Z     ✓ claim and source validation rejects normative evidence outside the subject domain boundary (killed 4)
2026-08-10T08:34:13.9602054Z   human-key-history.test.ts
2026-08-10T08:34:13.9603557Z     ✓ human key history and lookup invariants keeps current and previous keys resolvable to the same opaque ID (killed 60)
2026-08-10T08:34:13.9605294Z     ✓ human key history and lookup invariants prevents an old key from being assigned to another concept (killed 5)
2026-08-10T08:34:13.9607553Z     ✓ human key history and lookup invariants reserves retired keys against silent reuse (killed 8)
2026-08-10T08:34:13.9609214Z     ✓ human key history and lookup invariants rejects an alias colliding with another active human key (killed 3)
2026-08-10T08:34:13.9611977Z   human-key.test.ts
2026-08-10T08:34:13.9613093Z     ✓ active concept human keys rejects a null human_key for an active concept allocation (killed 1)
2026-08-10T08:34:13.9614448Z     ✘ active concept human keys enforces the same rule through the ledger schema (covered 0)
2026-08-10T08:34:13.9615655Z     ~ active concept human keys allows a null human_key for a non-concept allocation (covered 160)
2026-08-10T08:34:13.9616518Z   id-controlled-key.test.ts
2026-08-10T08:34:13.9617856Z     ✓ controlled vocabulary identity validation rejects duplicate keys within one registry (killed 1)
2026-08-10T08:34:13.9618704Z   id.test.ts
2026-08-10T08:34:13.9619697Z     ✓ identity validation accepts globally unique allocated records and references (killed 3)
2026-08-10T08:34:13.9621140Z     ✓ identity validation rejects duplicate IDs, wrong prefixes, and unresolved references (killed 14)
2026-08-10T08:34:13.9622417Z     ✓ identity validation rejects reuse of a retired allocation (killed 1)
2026-08-10T08:34:13.9623119Z   lifecycle.test.ts
2026-08-10T08:34:13.9625624Z     ✓ lifecycle authority validation accepts an explicitly authorized human source-admission event (killed 56)
2026-08-10T08:34:13.9628619Z     ✓ lifecycle authority validation rejects an unauthorized human-only transition (killed 5)
2026-08-10T08:34:13.9631876Z     ✓ lifecycle authority validation rejects an invalid transition and unexplained final status (killed 4)
2026-08-10T08:34:13.9632746Z   markdown.test.ts
2026-08-10T08:34:13.9657923Z     ✓ Markdown contract validation accepts a complete synthetic knowledge unit (killed 37)
2026-08-10T08:34:13.9659218Z     ✓ Markdown contract validation rejects missing and duplicate sections, placeholders, absolutes, and missing trade-offs (killed 30)
2026-08-10T08:34:13.9660236Z     ✓ Markdown contract validation accepts explicit not-applicable reasons but rejects an empty marker (killed 3)
2026-08-10T08:34:13.9661086Z     ~ Markdown contract validation allows a terminal failure-mode analysis without invented peer failures (covered 109)
2026-08-10T08:34:13.9662031Z     ✓ Markdown contract validation rejects empty structured context and generic related-concept boilerplate (killed 6)
2026-08-10T08:34:13.9662937Z     ✓ Markdown contract validation rejects drift between structured metadata and its Markdown projection (killed 5)
2026-08-10T08:34:13.9663656Z     ~ Markdown link validation accepts the repository's resolvable local links (covered 3)
2026-08-10T08:34:13.9664280Z     ✓ Markdown link validation rejects a missing local target (killed 6)
2026-08-10T08:34:13.9664676Z   relationship-policy.test.ts
2026-08-10T08:34:13.9665278Z     ✓ relationship cycle policy registry requires exactly one cycle policy for every predicate (killed 1)
2026-08-10T08:34:13.9665785Z   relationship.test.ts
2026-08-10T08:34:13.9666309Z     ✓ relationship validation accepts a typed, conditional, evidenced relationship (killed 85)
2026-08-10T08:34:13.9667948Z     ✓ relationship validation rejects prohibited self-relations and endpoint type violations (killed 8)
2026-08-10T08:34:13.9669703Z     ✓ relationship validation applies predicate-specific cycle policy (killed 19)
2026-08-10T08:34:13.9671220Z     ✓ relationship validation rejects related-to when a precise predicate exists for the same pair (killed 3)
2026-08-10T08:34:13.9672806Z     ✓ relationship validation rejects inconsistent explicit inverse metadata (killed 7)
2026-08-10T08:34:13.9674161Z     ~ relationship validation requires explicit edge-local or reusable-concept condition scope (covered 298)
2026-08-10T08:34:13.9675752Z     ✓ relationship validation blocks proposed and claim-context-only relationships from traversal (killed 7)
2026-08-10T08:34:13.9677844Z     ✓ relationship validation blocks inferential quality impacts and causal quality-taxonomy edges (killed 8)
2026-08-10T08:34:13.9679447Z     ✓ relationship validation accepts concept-global traversal only when structured proof is exact (killed 12)
2026-08-10T08:34:13.9681031Z     ✓ relationship validation rejects relationship scope, confidence, and strength above evidence (killed 7)
2026-08-10T08:34:13.9684574Z     ✓ relationship validation rejects evidence whose subject, object, or predicate does not prove the edge (killed 6)
2026-08-10T08:34:13.9686299Z     ✓ relationship validation rejects omitted claim conditions even when a note claims a narrower meaning (killed 3)
2026-08-10T08:34:13.9690734Z     ~ relationship validation rejects a multi-claim edge when any supporting claim narrows it (covered 302)
2026-08-10T08:34:13.9696543Z   reports.test.ts
2026-08-10T08:34:13.9697836Z     ✓ integrity reports writes deterministic reports and detects stale output (killed 241)
2026-08-10T08:34:13.9698679Z   retrieval-units.test.ts
2026-08-10T08:34:13.9706158Z     ✘ M5 deterministic retrieval units generates every required family with stable unique IDs (covered 0)
2026-08-10T08:34:13.9707820Z     ✘ M5 deterministic retrieval units keeps claims atomic and preserves exact evidence locators (covered 0)
2026-08-10T08:34:13.9713546Z     ✘ M5 deterministic retrieval units preserves relationship conditions, strength, and traversal exclusions (covered 0)
2026-08-10T08:34:13.9715299Z     ✘ M5 deterministic retrieval units is byte deterministic (covered 0)
2026-08-10T08:34:13.9716769Z     ✘ M5 deterministic retrieval units changes content and manifest hashes without changing semantic unit identity (covered 0)
2026-08-10T08:34:13.9718804Z     ✘ M5 deterministic retrieval units splits oversized semantic text deterministically without random overlap (covered 0)
2026-08-10T08:34:13.9720619Z     ✘ M5 deterministic retrieval units rejects graph artifacts without a governed input fingerprint (covered 0)
2026-08-10T08:34:13.9722153Z     ✘ M5 deterministic retrieval units detects missing and stale committed artifacts (covered 0)
2026-08-10T08:34:13.9723056Z   security-claim.test.ts
2026-08-10T08:34:13.9728177Z     ✓ security claim binding accepts an exact structured normative claim with direct admitted evidence (killed 74)
2026-08-10T08:34:13.9729800Z     ✓ security claim binding rejects normative security prose that is not structured (killed 7)
2026-08-10T08:34:13.9731243Z     ✓ security claim binding rejects missing and merely adjacent claim or source evidence (killed 6)
2026-08-10T08:34:13.9732689Z     ✓ security claim binding rejects unresolved, non-sourced, and unlocated security evidence (killed 10)
2026-08-10T08:34:13.9734285Z     ✓ security claim binding rejects broadened normative prose even when notes or adjacency look plausible (killed 9)
2026-08-10T08:34:13.9746136Z     ✓ security claim binding rejects protocol force hidden under security-risk (killed 3)
2026-08-10T08:34:13.9747721Z     ~ security claim binding rejects protocol force hidden under implementation-observation (covered 62)
2026-08-10T08:34:13.9749350Z     ✓ security claim binding rejects security-risk with normative claim despite non-uppercase prose (killed 2)
2026-08-10T08:34:13.9750904Z     ~ security claim binding rejects implementation-observation with normative claim despite non-uppercase prose (covered 120)
2026-08-10T08:34:13.9752874Z     ~ security claim binding rejects an operational recommendation binding a normative claim with neutral prose (covered 129)
2026-08-10T08:34:13.9754392Z     ~ security claim binding rejects protocol force hidden under an operational recommendation (covered 132)
2026-08-10T08:34:13.9755781Z     ✓ security claim binding rejects a normative control with no claim binding (killed 3)
2026-08-10T08:34:13.9757352Z     ✓ security claim binding rejects a claim force weakened while its MUST statement remains (killed 2)
2026-08-10T08:34:13.9758629Z     ~ security claim binding rejects a claim force stronger than its SHOULD statement (covered 158)
2026-08-10T08:34:13.9760162Z     ✓ security claim binding rejects removal of a material exception (killed 4)
2026-08-10T08:34:13.9761459Z     ✓ security claim binding rejects a conditional requirement made structurally unconditional (killed 4)
2026-08-10T08:34:13.9762944Z     ✓ security claim binding rejects a structured condition that does not preserve the claim qualifier (killed 8)
2026-08-10T08:34:13.9764567Z     ✓ security claim binding rejects structured exception metadata that does not preserve the claim exception (killed 6)
2026-08-10T08:34:13.9766018Z     ✓ security claim binding rejects sourced normative guidance with no direct source (killed 1)
2026-08-10T08:34:13.9787582Z     ~ security claim binding rejects sourced normative guidance supported only by a derived claim (covered 140)
2026-08-10T08:34:13.9789025Z     ~ security claim binding rejects normative guidance without a direct source locator (covered 156)
2026-08-10T08:34:13.9790364Z     ~ security claim binding rejects a locator that belongs to a different source (covered 159)
2026-08-10T08:34:13.9791885Z     ✓ security claim binding rejects a non-admitted direct source for normative guidance (killed 1)
2026-08-10T08:34:13.9793398Z     ✓ security claim binding rejects an unrelated claim attached across a semantic boundary (killed 2)
2026-08-10T08:34:13.9794792Z     ~ security claim binding rejects reverse cross-boundary reuse without explicit applicability (covered 160)
2026-08-10T08:34:13.9796443Z     ✓ security claim binding rejects removal of an applicable normative implication and declaration together (killed 4)
2026-08-10T08:34:13.9839575Z     ✓ security claim binding rejects a recommendation projected as a protocol-level MUST NOT (killed 2)
2026-08-10T08:34:13.9841156Z     ✓ security claim binding rejects an operational recommendation backed by a non-recommendation claim (killed 10)
2026-08-10T08:34:13.9842592Z     ~ security claim binding accepts claim reuse with explicit cross-concept applicability (covered 159)
2026-08-10T08:34:13.9843982Z     ✓ security claim binding accepts a non-normative unbound security-risk (killed 2)
2026-08-10T08:34:13.9845183Z     ~ security claim binding accepts a non-normative unbound implementation-observation (covered 46)
2026-08-10T08:34:13.9846801Z     ✓ security claim binding accepts a descriptive implication bound to a non-normative descriptive claim (killed 1)
2026-08-10T08:34:13.9859623Z     ✓ security claim binding accepts a repository-authored operational recommendation without protocol force (killed 2)
2026-08-10T08:34:13.9861274Z     ✓ security claim binding encodes the production OAuth and OIDC qualifiers as governed fields (killed 15)
2026-08-10T08:34:13.9862230Z   source-lifecycle-registry.test.ts
2026-08-10T08:34:13.9863321Z     ~ machine-readable source lifecycle registry drives transition acceptance from the governed registry (covered 124)
2026-08-10T08:34:13.9864924Z     ✓ machine-readable source lifecycle registry rejects outgoing transitions from terminal states (killed 4)
2026-08-10T08:34:13.9866582Z     ✓ machine-readable source lifecycle registry detects drift between lifecycle states and source status vocabulary (killed 1)
2026-08-10T08:34:13.9867636Z 
2026-08-10T08:34:13.9868079Z [Survived] LogicalOperator
2026-08-10T08:34:13.9868630Z src/claim-derivation-validator.ts:67:33
2026-08-10T08:34:13.9869354Z -       const owner = claimById.get(path[0] ?? component[0] ?? "");
2026-08-10T08:34:13.9870689Z +       const owner = claimById.get(path[0] && component[0] ?? "");
2026-08-10T08:34:13.9871329Z Tests ran:
2026-08-10T08:34:13.9872428Z     audit regression coverage rejects unknown, unsupported, and unconditional evidence-required claims
2026-08-10T08:34:13.9873750Z     claim and source validation rejects candidate or rejected evidence and disguised direct derivation
2026-08-10T08:34:13.9875004Z     claim grounding regression diagnostics reports a direct cycle with an explicit closed path
2026-08-10T08:34:13.9875792Z   and 1 more test!
2026-08-10T08:34:13.9876288Z 
2026-08-10T08:34:13.9876300Z 
2026-08-10T08:34:13.9876503Z [Survived] OptionalChaining
2026-08-10T08:34:13.9877305Z src/claim-derivation-validator.ts:72:9
2026-08-10T08:34:13.9877913Z -           owner?.path ?? "claims/",
2026-08-10T08:34:13.9878462Z +           owner.path ?? "claims/",
2026-08-10T08:34:13.9878917Z Tests ran:
2026-08-10T08:34:13.9879749Z     audit regression coverage rejects unknown, unsupported, and unconditional evidence-required claims
2026-08-10T08:34:13.9881098Z     claim and source validation rejects candidate or rejected evidence and disguised direct derivation
2026-08-10T08:34:13.9882345Z     claim grounding regression diagnostics reports a direct cycle with an explicit closed path
2026-08-10T08:34:13.9883140Z   and 1 more test!
2026-08-10T08:34:13.9883366Z 
2026-08-10T08:34:13.9883375Z 
2026-08-10T08:34:13.9883620Z [Survived] ConditionalExpression
2026-08-10T08:34:13.9884217Z src/claim-derivation-validator.ts:102:11
2026-08-10T08:34:13.9884893Z -           ? sourcesGrounded && dependenciesGrounded
2026-08-10T08:34:13.9885436Z +           ? false
2026-08-10T08:34:13.9885778Z Tests ran:
2026-08-10T08:34:13.9886572Z     claim and source validation rejects candidate or rejected evidence and disguised direct derivation
2026-08-10T08:34:13.9889693Z     claim grounding regression diagnostics requires every branch of mixed source and claim evidence to be grounded
2026-08-10T08:34:13.9890875Z     integrity reports writes deterministic reports and detects stale output
2026-08-10T08:34:13.9891393Z 
2026-08-10T08:34:13.9891402Z 
2026-08-10T08:34:13.9891656Z [Survived] ConditionalExpression
2026-08-10T08:34:13.9892258Z src/claim-derivation-validator.ts:155:11
2026-08-10T08:34:13.9892858Z -         if (seen.has(target)) continue;
2026-08-10T08:34:13.9893379Z +         if (true) continue;
2026-08-10T08:34:13.9893780Z Tests ran:
2026-08-10T08:34:13.9894479Z     claim derivation grounding rejects cyclic claims with no admitted source foundation
2026-08-10T08:34:13.9895099Z 
2026-08-10T08:34:13.9895121Z 
2026-08-10T08:34:13.9895382Z [Survived] ConditionalExpression
2026-08-10T08:34:13.9895987Z src/claim-derivation-validator.ts:157:11
2026-08-10T08:34:13.9896562Z -         if (next) return next;
2026-08-10T08:34:13.9897296Z +         if (true) return next;
2026-08-10T08:34:13.9897708Z Tests ran:
2026-08-10T08:34:13.9898382Z     claim derivation grounding rejects cyclic claims with no admitted source foundation
2026-08-10T08:34:13.9898983Z 
2026-08-10T08:34:13.9899000Z 
2026-08-10T08:34:13.9899251Z [Survived] ConditionalExpression
2026-08-10T08:34:13.9899826Z src/claim-derivation-validator.ts:157:11
2026-08-10T08:34:13.9900380Z -         if (next) return next;
2026-08-10T08:34:13.9900874Z +         if (false) return next;
2026-08-10T08:34:13.9901284Z Tests ran:
2026-08-10T08:34:13.9901989Z     claim derivation grounding rejects cyclic claims with no admitted source foundation
2026-08-10T08:34:13.9902603Z 
2026-08-10T08:34:13.9902611Z 
2026-08-10T08:34:13.9902858Z [Survived] ConditionalExpression
2026-08-10T08:34:13.9903445Z src/claim-derivation-validator.ts:155:11
2026-08-10T08:34:13.9904033Z -         if (seen.has(target)) continue;
2026-08-10T08:34:13.9904550Z +         if (false) continue;
2026-08-10T08:34:13.9904937Z Tests ran:
2026-08-10T08:34:13.9905627Z     claim derivation grounding rejects cyclic claims with no admitted source foundation
2026-08-10T08:34:13.9906227Z 
2026-08-10T08:34:13.9906236Z 
2026-08-10T08:34:13.9906482Z [Survived] ConditionalExpression
2026-08-10T08:34:13.9907781Z src/claim-derivation-validator.ts:151:7
2026-08-10T08:34:13.9908709Z -     if (!start) return [];
2026-08-10T08:34:13.9910293Z +     if (false) return [];
2026-08-10T08:34:13.9910695Z Tests ran:
2026-08-10T08:34:13.9911502Z     audit regression coverage rejects unknown, unsupported, and unconditional evidence-required claims
2026-08-10T08:34:13.9914270Z     claim and source validation rejects candidate or rejected evidence and disguised direct derivation
2026-08-10T08:34:13.9915945Z     claim grounding regression diagnostics reports a direct cycle with an explicit closed path
2026-08-10T08:34:13.9917194Z   and 1 more test!
2026-08-10T08:34:13.9917399Z 
2026-08-10T08:34:13.9917408Z 
2026-08-10T08:34:13.9917613Z [NoCoverage] BlockStatement
2026-08-10T08:34:13.9918133Z src/evidence-validator.ts:180:20
2026-08-10T08:34:13.9918598Z -         if (!source) {
2026-08-10T08:34:13.9918995Z -           continue;
2026-08-10T08:34:13.9919340Z -         }
2026-08-10T08:34:13.9919747Z +         if (!source) {}
2026-08-10T08:34:13.9920009Z 
2026-08-10T08:34:13.9920252Z [Survived] ConditionalExpression
2026-08-10T08:34:13.9920785Z src/evidence-validator.ts:36:33
2026-08-10T08:34:13.9921424Z -         (status === "approved" || status === "restricted") &&
2026-08-10T08:34:13.9922101Z +         (status === "approved" || false) &&
2026-08-10T08:34:13.9922604Z Tests ran:
2026-08-10T08:34:13.9923344Z     audit regression coverage rejects admitted unassessed, restricted, and unreplaced sources
2026-08-10T08:34:13.9924611Z     claim and source validation rejects candidate or rejected evidence and disguised direct derivation
2026-08-10T08:34:13.9925713Z     claim and source validation warns when deprecated evidence remains in use
2026-08-10T08:34:13.9926394Z   and 2 more tests!
2026-08-10T08:34:13.9926615Z 
2026-08-10T08:34:13.9926624Z 
2026-08-10T08:34:13.9926874Z [Survived] ConditionalExpression
2026-08-10T08:34:13.9928127Z src/evidence-validator.ts:52:7
2026-08-10T08:34:13.9928949Z -         (asString(source.data.license_or_usage_notes)?.trim().length ?? 0) === 0
2026-08-10T08:34:13.9929595Z +         true
2026-08-10T08:34:13.9929911Z Tests ran:
2026-08-10T08:34:13.9930654Z     audit regression coverage rejects admitted unassessed, restricted, and unreplaced sources
2026-08-10T08:34:13.9931304Z 
2026-08-10T08:34:13.9931313Z 
2026-08-10T08:34:13.9931503Z [Survived] LogicalOperator
2026-08-10T08:34:13.9932020Z src/evidence-validator.ts:52:8
2026-08-10T08:34:13.9932832Z -         (asString(source.data.license_or_usage_notes)?.trim().length ?? 0) === 0
2026-08-10T08:34:13.9933904Z +         (asString(source.data.license_or_usage_notes)?.trim().length && 0) === 0
2026-08-10T08:34:13.9934566Z Tests ran:
2026-08-10T08:34:13.9935314Z     audit regression coverage rejects admitted unassessed, restricted, and unreplaced sources
2026-08-10T08:34:13.9935953Z 
2026-08-10T08:34:13.9935963Z 
2026-08-10T08:34:13.9936170Z [Survived] OptionalChaining
2026-08-10T08:34:13.9936685Z src/evidence-validator.ts:52:8
2026-08-10T08:34:13.9937769Z -         (asString(source.data.license_or_usage_notes)?.trim().length ?? 0) === 0
2026-08-10T08:34:13.9938867Z +         (asString(source.data.license_or_usage_notes).trim().length ?? 0) === 0
2026-08-10T08:34:13.9939549Z Tests ran:
2026-08-10T08:34:13.9940300Z     audit regression coverage rejects admitted unassessed, restricted, and unreplaced sources
2026-08-10T08:34:13.9940951Z 
2026-08-10T08:34:13.9940961Z 
2026-08-10T08:34:13.9941156Z [Survived] LogicalOperator
2026-08-10T08:34:13.9941670Z src/evidence-validator.ts:84:26
2026-08-10T08:34:13.9942427Z -             `Claim type '${claimType ?? "missing"}' is not registered.`,
2026-08-10T08:34:13.9943338Z +             `Claim type '${claimType && "missing"}' is not registered.`,
2026-08-10T08:34:13.9943941Z Tests ran:
2026-08-10T08:34:13.9944746Z     audit regression coverage rejects unknown, unsupported, and unconditional evidence-required claims
2026-08-10T08:34:13.9945456Z 
2026-08-10T08:34:13.9945465Z 
2026-08-10T08:34:13.9945666Z [Survived] LogicalOperator
2026-08-10T08:34:13.9949522Z src/evidence-validator.ts:103:33
2026-08-10T08:34:13.9950619Z -               `Source location '${sourceId ?? "missing"}' must resolve and appear in the claim sources.`,
2026-08-10T08:34:13.9951935Z +               `Source location '${sourceId && "missing"}' must resolve and appear in the claim sources.`,
2026-08-10T08:34:13.9952828Z Tests ran:
2026-08-10T08:34:13.9953562Z     claim and source validation rejects source locators that are unresolved, undeclared, or duplicated
2026-08-10T08:34:13.9954486Z 
2026-08-10T08:34:13.9954496Z 
2026-08-10T08:34:13.9954757Z [Survived] ConditionalExpression
2026-08-10T08:34:13.9955331Z src/evidence-validator.ts:97:11
2026-08-10T08:34:13.9956195Z -         if (!sourceId || !sourceIds.includes(sourceId) || !sourceById.has(sourceId)) {
2026-08-10T08:34:13.9958487Z +         if (false || !sourceById.has(sourceId)) {
2026-08-10T08:34:13.9959035Z Tests ran:
2026-08-10T08:34:13.9959849Z     claim and source validation rejects source locators that are unresolved, undeclared, or duplicated
2026-08-10T08:34:13.9961255Z     claim and source validation accepts a normative claim with direct admitted in-scope evidence and a locator
2026-08-10T08:34:13.9962378Z     claim and source validation rejects a non-admitted normative source
2026-08-10T08:34:13.9963040Z   and 2 more tests!
2026-08-10T08:34:13.9963280Z 
2026-08-10T08:34:13.9963291Z 
2026-08-10T08:34:13.9963502Z [Survived] LogicalOperator
2026-08-10T08:34:13.9964031Z src/evidence-validator.ts:107:28
2026-08-10T08:34:13.9964727Z -         const signature = `${sourceId ?? ""}|${locator ?? ""}`;
2026-08-10T08:34:13.9965535Z +         const signature = `${sourceId && ""}|${locator ?? ""}`;
2026-08-10T08:34:13.9966087Z Tests ran:
2026-08-10T08:34:13.9966897Z     claim and source validation rejects source locators that are unresolved, undeclared, or duplicated
2026-08-10T08:34:13.9971172Z     claim and source validation accepts a normative claim with direct admitted in-scope evidence and a locator
2026-08-10T08:34:13.9972330Z     claim and source validation rejects a non-admitted normative source
2026-08-10T08:34:13.9972979Z   and 2 more tests!
2026-08-10T08:34:13.9973196Z 
2026-08-10T08:34:13.9973205Z 
2026-08-10T08:34:13.9973461Z [Survived] ConditionalExpression
2026-08-10T08:34:13.9974004Z src/evidence-validator.ts:201:13
2026-08-10T08:34:13.9974645Z -               asString(location.source_id) === sourceId &&
2026-08-10T08:34:13.9975441Z -               (asString(location.locator)?.trim().length ?? 0) > 0,
2026-08-10T08:34:13.9976028Z +               true,
2026-08-10T08:34:13.9976390Z Tests ran:
2026-08-10T08:34:13.9978219Z     claim and source validation accepts a normative claim with direct admitted in-scope evidence and a locator
2026-08-10T08:34:13.9979308Z     claim and source validation rejects a non-admitted normative source
2026-08-10T08:34:13.9980245Z     claim and source validation rejects normative evidence outside the subject domain boundary
2026-08-10T08:34:13.9980964Z   and 1 more test!
2026-08-10T08:34:13.9981164Z 
2026-08-10T08:34:13.9981180Z 
2026-08-10T08:34:13.9981421Z [Survived] ConditionalExpression
2026-08-10T08:34:13.9981985Z src/evidence-validator.ts:202:13
2026-08-10T08:34:13.9982708Z -               (asString(location.locator)?.trim().length ?? 0) > 0,
2026-08-10T08:34:13.9983320Z +               true,
2026-08-10T08:34:13.9983687Z Tests ran:
2026-08-10T08:34:13.9984572Z     claim and source validation accepts a normative claim with direct admitted in-scope evidence and a locator
2026-08-10T08:34:13.9985719Z     claim and source validation rejects a non-admitted normative source
2026-08-10T08:34:13.9986773Z     claim and source validation rejects normative evidence outside the subject domain boundary
2026-08-10T08:34:13.9988232Z   and 1 more test!
2026-08-10T08:34:13.9988459Z 
2026-08-10T08:34:13.9988469Z 
2026-08-10T08:34:13.9988670Z [Survived] EqualityOperator
2026-08-10T08:34:13.9989187Z src/evidence-validator.ts:202:13
2026-08-10T08:34:13.9990171Z -               (asString(location.locator)?.trim().length ?? 0) > 0,
2026-08-10T08:34:13.9991122Z +               (asString(location.locator)?.trim().length ?? 0) >= 0,
2026-08-10T08:34:13.9991706Z Tests ran:
2026-08-10T08:34:13.9992577Z     claim and source validation accepts a normative claim with direct admitted in-scope evidence and a locator
2026-08-10T08:34:13.9993725Z     claim and source validation rejects a non-admitted normative source
2026-08-10T08:34:13.9994808Z     claim and source validation rejects normative evidence outside the subject domain boundary
2026-08-10T08:34:13.9995919Z   and 1 more test!
2026-08-10T08:34:13.9996151Z 
2026-08-10T08:34:13.9996161Z 
2026-08-10T08:34:13.9996376Z [Survived] OptionalChaining
2026-08-10T08:34:13.9997183Z src/evidence-validator.ts:202:14
2026-08-10T08:34:13.9999307Z -               (asString(location.locator)?.trim().length ?? 0) > 0,
2026-08-10T08:34:14.0000183Z +               (asString(location.locator).trim().length ?? 0) > 0,
2026-08-10T08:34:14.0000788Z Tests ran:
2026-08-10T08:34:14.0001644Z     claim and source validation accepts a normative claim with direct admitted in-scope evidence and a locator
2026-08-10T08:34:14.0002732Z     claim and source validation rejects a non-admitted normative source
2026-08-10T08:34:14.0003736Z     claim and source validation rejects normative evidence outside the subject domain boundary
2026-08-10T08:34:14.0004528Z   and 1 more test!
2026-08-10T08:34:14.0004740Z 
2026-08-10T08:34:14.0004749Z 
2026-08-10T08:34:14.0004942Z [NoCoverage] BlockStatement
2026-08-10T08:34:14.0005392Z src/id-validator.ts:117:42
2026-08-10T08:34:14.0005926Z -         if (targetStatus === "superseded") {
2026-08-10T08:34:14.0006441Z -           diagnostics.push(
2026-08-10T08:34:14.0006869Z -             diagnostic(
2026-08-10T08:34:14.0008956Z -               "ID_REFERENCE_SUPERSEDED",
2026-08-10T08:34:14.0009503Z -               "warning",
2026-08-10T08:34:14.0009998Z -               reference.from,
2026-08-10T08:34:14.0010800Z -               `Reference '${reference.targetId}' points to superseded content.`,
2026-08-10T08:34:14.0011585Z -               reference.pointer,
2026-08-10T08:34:14.0012015Z -             ),
2026-08-10T08:34:14.0012338Z -           );
2026-08-10T08:34:14.0012648Z -         }
2026-08-10T08:34:14.0013095Z +         if (targetStatus === "superseded") {}
2026-08-10T08:34:14.0013437Z 
2026-08-10T08:34:14.0013624Z [NoCoverage] BlockStatement
2026-08-10T08:34:14.0014063Z src/id-validator.ts:146:14
2026-08-10T08:34:14.0014461Z -       if (!id) {
2026-08-10T08:34:14.0014834Z -         continue;
2026-08-10T08:34:14.0015172Z -       }
2026-08-10T08:34:14.0015507Z +       if (!id) {}
2026-08-10T08:34:14.0015699Z 
2026-08-10T08:34:14.0015891Z [NoCoverage] BlockStatement
2026-08-10T08:34:14.0016332Z src/id-validator.ts:162:59
2026-08-10T08:34:14.0017210Z -       if (humanKey && previousHumanKeys.includes(humanKey)) {
2026-08-10T08:34:14.0017840Z -         diagnostics.push(
2026-08-10T08:34:14.0018277Z -           diagnostic(
2026-08-10T08:34:14.0018810Z -             "ID_HUMAN_KEY_HISTORY_INVALID",
2026-08-10T08:34:14.0019324Z -             "error",
2026-08-10T08:34:14.0019864Z -             "ids/ledger.yaml",
2026-08-10T08:34:14.0020788Z -             `Allocation '${id}' repeats current human_key '${humanKey}' in previous_human_keys.`,
2026-08-10T08:34:14.0021538Z -           ),
2026-08-10T08:34:14.0021876Z -         );
2026-08-10T08:34:14.0022201Z -       }
2026-08-10T08:34:14.0022782Z +       if (humanKey && previousHumanKeys.includes(humanKey)) {}
2026-08-10T08:34:14.0023241Z 
2026-08-10T08:34:14.0023442Z [Survived] LogicalOperator
2026-08-10T08:34:14.0023907Z src/id-validator.ts:222:39
2026-08-10T08:34:14.0024816Z -             `Allocation '${id}' path '${allocatedPath ?? "null"}' does not match '${record.path}'.`,
2026-08-10T08:34:14.0026087Z +             `Allocation '${id}' path '${allocatedPath && "null"}' does not match '${record.path}'.`,
2026-08-10T08:34:14.0026830Z Tests ran:
2026-08-10T08:34:14.0028730Z     audit regression coverage rejects missing, duplicate, inconsistent, and orphaned ledger allocations
2026-08-10T08:34:14.0029451Z 
2026-08-10T08:34:14.0029461Z 
2026-08-10T08:34:14.0029708Z [Survived] ConditionalExpression
2026-08-10T08:34:14.0030191Z src/id-validator.ts:259:35
2026-08-10T08:34:14.0030827Z -       if (retiredOwners.size > 0 && conflicting.length > 0) {
2026-08-10T08:34:14.0031513Z +       if (retiredOwners.size > 0 && true) {
2026-08-10T08:34:14.0031967Z Tests ran:
2026-08-10T08:34:14.0032617Z     human key history and lookup invariants reserves retired keys against silent reuse
2026-08-10T08:34:14.0033424Z 
2026-08-10T08:34:14.0033432Z 
2026-08-10T08:34:14.0033625Z [Survived] EqualityOperator
2026-08-10T08:34:14.0034063Z src/id-validator.ts:259:35
2026-08-10T08:34:14.0034673Z -       if (retiredOwners.size > 0 && conflicting.length > 0) {
2026-08-10T08:34:14.0035465Z +       if (retiredOwners.size > 0 && conflicting.length >= 0) {
2026-08-10T08:34:14.0036004Z Tests ran:
2026-08-10T08:34:14.0036656Z     human key history and lookup invariants reserves retired keys against silent reuse
2026-08-10T08:34:14.0037540Z 
2026-08-10T08:34:14.0037550Z 
2026-08-10T08:34:14.0037780Z [NoCoverage] BlockStatement
2026-08-10T08:34:14.0038359Z src/lifecycle-validator.ts:112:40
2026-08-10T08:34:14.0038972Z -     if (!initial || !known.has(initial)) {
2026-08-10T08:34:14.0039523Z -       diagnostics.push(
2026-08-10T08:34:14.0039968Z -         diagnostic(
2026-08-10T08:34:14.0040515Z -           "SOURCE_LIFECYCLE_INITIAL_UNKNOWN",
2026-08-10T08:34:14.0041049Z -           "error",
2026-08-10T08:34:14.0041602Z -           "governance/source-lifecycle.yaml",
2026-08-10T08:34:14.0042479Z -           `Initial source state '${initial ?? "missing"}' is not registered.`,
2026-08-10T08:34:14.0043133Z -         ),
2026-08-10T08:34:14.0043475Z -       );
2026-08-10T08:34:14.0043798Z -     }
2026-08-10T08:34:14.0044272Z +     if (!initial || !known.has(initial)) {}
2026-08-10T08:34:14.0044622Z 
2026-08-10T08:34:14.0044836Z [NoCoverage] LogicalOperator
2026-08-10T08:34:14.0045407Z src/lifecycle-validator.ts:118:34
2026-08-10T08:34:14.0046258Z -           `Initial source state '${initial ?? "missing"}' is not registered.`,
2026-08-10T08:34:14.0047862Z +           `Initial source state '${initial && "missing"}' is not registered.`,
2026-08-10T08:34:14.0048368Z 
2026-08-10T08:34:14.0048568Z [NoCoverage] BlockStatement
2026-08-10T08:34:14.0049079Z src/lifecycle-validator.ts:123:54
2026-08-10T08:34:14.0049723Z -     for (const key of [...new Set(duplicates)].sort()) {
2026-08-10T08:34:14.0050291Z -       diagnostics.push(
2026-08-10T08:34:14.0050697Z -         diagnostic(
2026-08-10T08:34:14.0051178Z -           "SOURCE_LIFECYCLE_STATE_DUPLICATE",
2026-08-10T08:34:14.0051656Z -           "error",
2026-08-10T08:34:14.0052131Z -           "governance/source-lifecycle.yaml",
2026-08-10T08:34:14.0052850Z -           `Source lifecycle state '${key}' is duplicated.`,
2026-08-10T08:34:14.0053415Z -         ),
2026-08-10T08:34:14.0053738Z -       );
2026-08-10T08:34:14.0054048Z -     }
2026-08-10T08:34:14.0054582Z +     for (const key of [...new Set(duplicates)].sort()) {}
2026-08-10T08:34:14.0054983Z 
2026-08-10T08:34:14.0055170Z [Survived] BlockStatement
2026-08-10T08:34:14.0055647Z src/lifecycle-validator.ts:135:47
2026-08-10T08:34:14.0056215Z -         if (!known.has(from) || !known.has(to)) {
2026-08-10T08:34:14.0056730Z -           diagnostics.push(
2026-08-10T08:34:14.0057405Z -             diagnostic(
2026-08-10T08:34:14.0057988Z -               "SOURCE_LIFECYCLE_TRANSITION_UNKNOWN_STATE",
2026-08-10T08:34:14.0058530Z -               "error",
2026-08-10T08:34:14.0059056Z -               "governance/source-lifecycle.yaml",
2026-08-10T08:34:14.0059982Z -               `Source lifecycle transition '${from} -> ${to}' references an unknown state.`,
2026-08-10T08:34:14.0060664Z -             ),
2026-08-10T08:34:14.0060985Z -           );
2026-08-10T08:34:14.0061282Z -         }
2026-08-10T08:34:14.0061766Z +         if (!known.has(from) || !known.has(to)) {}
2026-08-10T08:34:14.0062977Z Tests ran:
2026-08-10T08:34:14.0064082Z     machine-readable source lifecycle registry detects drift between lifecycle states and source status vocabulary
2026-08-10T08:34:14.0064858Z 
2026-08-10T08:34:14.0064869Z 
2026-08-10T08:34:14.0065074Z [Survived] LogicalOperator
2026-08-10T08:34:14.0065568Z src/lifecycle-validator.ts:182:53
2026-08-10T08:34:14.0066426Z -             `Record '${record.id}' event starts at '${from ?? "missing"}', expected '${expected}'.`,
2026-08-10T08:34:14.0067892Z +             `Record '${record.id}' event starts at '${from && "missing"}', expected '${expected}'.`,
2026-08-10T08:34:14.0068771Z Tests ran:
2026-08-10T08:34:14.0069556Z     audit regression coverage rejects duplicate, discontinuous lifecycle events and missing replacements
2026-08-10T08:34:14.0070236Z 
2026-08-10T08:34:14.0070244Z 
2026-08-10T08:34:14.0070427Z [Survived] LogicalOperator
2026-08-10T08:34:14.0070926Z src/lifecycle-validator.ts:183:22
2026-08-10T08:34:14.0071558Z -             `/events/${asString(event.event_id) ?? "unknown"}`,
2026-08-10T08:34:14.0072283Z +             `/events/${asString(event.event_id) && "unknown"}`,
2026-08-10T08:34:14.0072773Z Tests ran:
2026-08-10T08:34:14.0073553Z     audit regression coverage rejects duplicate, discontinuous lifecycle events and missing replacements
2026-08-10T08:34:14.0074254Z 
2026-08-10T08:34:14.0074262Z 
2026-08-10T08:34:14.0074456Z [Survived] LogicalOperator
2026-08-10T08:34:14.0074952Z src/lifecycle-validator.ts:194:50
2026-08-10T08:34:14.0075940Z -             `Transition '${from ?? "missing"} -> ${to ?? "missing"}' is not allowed for ${lifecycleKind} records.`,
2026-08-10T08:34:14.0077726Z +             `Transition '${from ?? "missing"} -> ${to && "missing"}' is not allowed for ${lifecycleKind} records.`,
2026-08-10T08:34:14.0078442Z Tests ran:
2026-08-10T08:34:14.0079157Z     machine-readable source lifecycle registry drives transition acceptance from the governed registry
2026-08-10T08:34:14.0080301Z     lifecycle authority validation rejects an invalid transition and unexplained final status
2026-08-10T08:34:14.0080938Z 
2026-08-10T08:34:14.0080948Z 
2026-08-10T08:34:14.0081153Z [Survived] LogicalOperator
2026-08-10T08:34:14.0081675Z src/lifecycle-validator.ts:195:22
2026-08-10T08:34:14.0082322Z -             `/events/${asString(event.event_id) ?? "unknown"}`,
2026-08-10T08:34:14.0083096Z +             `/events/${asString(event.event_id) && "unknown"}`,
2026-08-10T08:34:14.0083593Z Tests ran:
2026-08-10T08:34:14.0084362Z     machine-readable source lifecycle registry drives transition acceptance from the governed registry
2026-08-10T08:34:14.0085552Z     lifecycle authority validation rejects an invalid transition and unexplained final status
2026-08-10T08:34:14.0086152Z 
2026-08-10T08:34:14.0086161Z 
2026-08-10T08:34:14.0086337Z [Survived] LogicalOperator
2026-08-10T08:34:14.0086815Z src/lifecycle-validator.ts:194:26
2026-08-10T08:34:14.0087947Z -             `Transition '${from ?? "missing"} -> ${to ?? "missing"}' is not allowed for ${lifecycleKind} records.`,
2026-08-10T08:34:14.0089240Z +             `Transition '${from && "missing"} -> ${to ?? "missing"}' is not allowed for ${lifecycleKind} records.`,
2026-08-10T08:34:14.0089994Z Tests ran:
2026-08-10T08:34:14.0090799Z     machine-readable source lifecycle registry drives transition acceptance from the governed registry
2026-08-10T08:34:14.0091971Z     lifecycle authority validation rejects an invalid transition and unexplained final status
2026-08-10T08:34:14.0092576Z 
2026-08-10T08:34:14.0092591Z 
2026-08-10T08:34:14.0092781Z [Survived] LogicalOperator
2026-08-10T08:34:14.0093263Z src/lifecycle-validator.ts:211:24
2026-08-10T08:34:14.0093914Z -               `/events/${asString(event.event_id) ?? "unknown"}`,
2026-08-10T08:34:14.0094664Z +               `/events/${asString(event.event_id) && "unknown"}`,
2026-08-10T08:34:14.0095172Z Tests ran:
2026-08-10T08:34:14.0095794Z     lifecycle authority validation rejects an unauthorized human-only transition
2026-08-10T08:34:14.0096340Z 
2026-08-10T08:34:14.0096348Z 
2026-08-10T08:34:14.0096767Z [NoCoverage] BlockStatement
2026-08-10T08:34:14.0097826Z src/markdown-validator.ts:101:45
2026-08-10T08:34:14.0098416Z -       if (document.frontMatter === undefined) {
2026-08-10T08:34:14.0098944Z -         diagnostics.push(
2026-08-10T08:34:14.0099350Z -           diagnostic(
2026-08-10T08:34:14.0099844Z -             "MARKDOWN_FRONT_MATTER_MISSING",
2026-08-10T08:34:14.0100320Z -             "error",
2026-08-10T08:34:14.0100697Z -             document.path,
2026-08-10T08:34:14.0101275Z -             "Knowledge units require YAML front matter.",
2026-08-10T08:34:14.0101978Z -           ),
2026-08-10T08:34:14.0102289Z -         );
2026-08-10T08:34:14.0102596Z -       }
2026-08-10T08:34:14.0103061Z +       if (document.frontMatter === undefined) {}
2026-08-10T08:34:14.0103424Z 
2026-08-10T08:34:14.0103607Z [NoCoverage] BlockStatement
2026-08-10T08:34:14.0104108Z src/markdown-validator.ts:112:26
2026-08-10T08:34:14.0104593Z -       if (h1.length !== 1) {
2026-08-10T08:34:14.0105034Z -         diagnostics.push(
2026-08-10T08:34:14.0105444Z -           diagnostic(
2026-08-10T08:34:14.0105873Z -             "MARKDOWN_TITLE_COUNT",
2026-08-10T08:34:14.0106300Z -             "error",
2026-08-10T08:34:14.0106668Z -             document.path,
2026-08-10T08:34:14.0107638Z -             `Knowledge unit requires exactly one level-one heading; found ${h1.length}.`,
2026-08-10T08:34:14.0108306Z -           ),
2026-08-10T08:34:14.0108610Z -         );
2026-08-10T08:34:14.0109083Z -       } else if (title && h1[0]?.title !== title) {
2026-08-10T08:34:14.0109850Z +       if (h1.length !== 1) {} else if (title && h1[0]?.title !== title) {
2026-08-10T08:34:14.0110282Z 
2026-08-10T08:34:14.0110467Z [NoCoverage] BlockStatement
2026-08-10T08:34:14.0110962Z src/markdown-validator.ts:121:49
2026-08-10T08:34:14.0111540Z -       } else if (title && h1[0]?.title !== title) {
2026-08-10T08:34:14.0112059Z -         diagnostics.push(
2026-08-10T08:34:14.0112468Z -           diagnostic(
2026-08-10T08:34:14.0113007Z -             "MARKDOWN_TITLE_MISMATCH",
2026-08-10T08:34:14.0113470Z -             "error",
2026-08-10T08:34:14.0113861Z -             document.path,
2026-08-10T08:34:14.0114603Z -             `Heading '${h1[0]?.title}' does not match front-matter title '${title}'.`,
2026-08-10T08:34:14.0115235Z -           ),
2026-08-10T08:34:14.0115547Z -         );
2026-08-10T08:34:14.0115832Z -       }
2026-08-10T08:34:14.0116293Z +       } else if (title && h1[0]?.title !== title) {}
2026-08-10T08:34:14.0116632Z 
2026-08-10T08:34:14.0116834Z [NoCoverage] OptionalChaining
2026-08-10T08:34:14.0117987Z src/markdown-validator.ts:127:23
2026-08-10T08:34:14.0118777Z -             `Heading '${h1[0]?.title}' does not match front-matter title '${title}'.`,
2026-08-10T08:34:14.0119833Z +             `Heading '${h1[0].title}' does not match front-matter title '${title}'.`,
2026-08-10T08:34:14.0120320Z 
2026-08-10T08:34:14.0120504Z [NoCoverage] BlockStatement
2026-08-10T08:34:14.0120992Z src/markdown-validator.ts:156:20
2026-08-10T08:34:14.0121432Z -           if (!body) {
2026-08-10T08:34:14.0121867Z -             diagnostics.push(
2026-08-10T08:34:14.0122294Z -               diagnostic(
2026-08-10T08:34:14.0122769Z -                 "MARKDOWN_SECTION_EMPTY",
2026-08-10T08:34:14.0123232Z -                 "error",
2026-08-10T08:34:14.0123662Z -                 document.path,
2026-08-10T08:34:14.0124236Z -                 `Required section '${section}' is empty.`,
2026-08-10T08:34:14.0124746Z -               ),
2026-08-10T08:34:14.0125057Z -             );
2026-08-10T08:34:14.0125707Z -           } else if (/^(?:n\/a|not applicable)\s*[:.-]?\s*$/iu.test(body)) {
2026-08-10T08:34:14.0126628Z +           if (!body) {} else if (/^(?:n\/a|not applicable)\s*[:.-]?\s*$/iu.test(body)) {
2026-08-10T08:34:14.0127279Z 
2026-08-10T08:34:14.0127464Z [NoCoverage] UnaryOperator
2026-08-10T08:34:14.0127930Z src/markdown-validator.ts:286:82
2026-08-10T08:34:14.0128760Z -       const statusRank = lifecycleRank.get(asString(concept.data.status) ?? "") ?? -1;
2026-08-10T08:34:14.0130066Z +       const statusRank = lifecycleRank.get(asString(concept.data.status) ?? "") ?? +1;
2026-08-10T08:34:14.0130656Z 
2026-08-10T08:34:14.0130845Z [NoCoverage] BlockStatement
2026-08-10T08:34:14.0131324Z src/markdown-validator.ts:288:54
2026-08-10T08:34:14.0131924Z -         if (asArray(concept.data.claims).length === 0) {
2026-08-10T08:34:14.0132472Z -           diagnostics.push(
2026-08-10T08:34:14.0132892Z -             diagnostic(
2026-08-10T08:34:14.0133367Z -               "MARKDOWN_CLAIMS_REQUIRED",
2026-08-10T08:34:14.0134014Z -               "error",
2026-08-10T08:34:14.0134435Z -               document.path,
2026-08-10T08:34:14.0135089Z -               "Drafted or later knowledge requires claim references.",
2026-08-10T08:34:14.0135628Z -             ),
2026-08-10T08:34:14.0135936Z -           );
2026-08-10T08:34:14.0136230Z -         }
2026-08-10T08:34:14.0136720Z +         if (asArray(concept.data.claims).length === 0) {}
2026-08-10T08:34:14.0137616Z 
2026-08-10T08:34:14.0137807Z [NoCoverage] BlockStatement
2026-08-10T08:34:14.0138331Z src/markdown-validator.ts:298:55
2026-08-10T08:34:14.0138952Z -         if (asArray(concept.data.sources).length === 0) {
2026-08-10T08:34:14.0139534Z -           diagnostics.push(
2026-08-10T08:34:14.0139976Z -             diagnostic(
2026-08-10T08:34:14.0140471Z -               "MARKDOWN_SOURCES_REQUIRED",
2026-08-10T08:34:14.0140982Z -               "error",
2026-08-10T08:34:14.0141404Z -               document.path,
2026-08-10T08:34:14.0142102Z -               "Drafted or later knowledge requires source references.",
2026-08-10T08:34:14.0142672Z -             ),
2026-08-10T08:34:14.0143001Z -           );
2026-08-10T08:34:14.0159715Z -         }
2026-08-10T08:34:14.0160263Z +         if (asArray(concept.data.sources).length === 0) {}
2026-08-10T08:34:14.0161165Z 
2026-08-10T08:34:14.0161363Z [NoCoverage] BlockStatement
2026-08-10T08:34:14.0161875Z src/markdown-validator.ts:310:31
2026-08-10T08:34:14.0162402Z -         if (!ids.has(match[0])) {
2026-08-10T08:34:14.0162886Z -           diagnostics.push(
2026-08-10T08:34:14.0163343Z -             diagnostic(
2026-08-10T08:34:14.0163838Z -               "MARKDOWN_RECORD_REFERENCE",
2026-08-10T08:34:14.0164334Z -               "error",
2026-08-10T08:34:14.0164780Z -               document.path,
2026-08-10T08:34:14.0165473Z -               `Markdown record reference '${match[0]}' does not resolve.`,
2026-08-10T08:34:14.0166061Z -             ),
2026-08-10T08:34:14.0166387Z -           );
2026-08-10T08:34:14.0166710Z -         }
2026-08-10T08:34:14.0167273Z +         if (!ids.has(match[0])) {}
2026-08-10T08:34:14.0167561Z 
2026-08-10T08:34:14.0167751Z [NoCoverage] BlockStatement
2026-08-10T08:34:14.0168220Z src/markdown-validator.ts:341:37
2026-08-10T08:34:14.0168729Z -           if (target.startsWith("#")) {
2026-08-10T08:34:14.0169319Z -             const anchor = target.slice(1);
2026-08-10T08:34:14.0170096Z -             const valid = headingAnchors(document.headings).has(anchor);
2026-08-10T08:34:14.0170797Z -             links.push({
2026-08-10T08:34:14.0171293Z -               path: document.path,
2026-08-10T08:34:14.0171761Z -               target,
2026-08-10T08:34:14.0172294Z -               status: valid ? "valid" : "broken",
2026-08-10T08:34:14.0173003Z -               ...(valid ? {} : { reason: "anchor not found" }),
2026-08-10T08:34:14.0173549Z -             });
2026-08-10T08:34:14.0173931Z -             if (!valid) {
2026-08-10T08:34:14.0174411Z -               diagnostics.push(
2026-08-10T08:34:14.0174882Z -                 diagnostic(
2026-08-10T08:34:14.0175425Z -                   "LINK_ANCHOR_UNRESOLVED",
2026-08-10T08:34:14.0175945Z -                   "error",
2026-08-10T08:34:14.0176433Z -                   document.path,
2026-08-10T08:34:14.0177579Z -                   `Local anchor '${target}' does not resolve.`,
2026-08-10T08:34:14.0178163Z -                 ),
2026-08-10T08:34:14.0178552Z -               );
2026-08-10T08:34:14.0178906Z -             }
2026-08-10T08:34:14.0179501Z -           }
2026-08-10T08:34:14.0180003Z +           if (target.startsWith("#")) {}
2026-08-10T08:34:14.0180343Z 
2026-08-10T08:34:14.0180545Z [NoCoverage] BooleanLiteral
2026-08-10T08:34:14.0181071Z src/markdown-validator.ts:350:15
2026-08-10T08:34:14.0181533Z -             if (!valid) {
2026-08-10T08:34:14.0181946Z +             if (valid) {
2026-08-10T08:34:14.0182175Z 
2026-08-10T08:34:14.0182404Z [NoCoverage] ConditionalExpression
2026-08-10T08:34:14.0182903Z src/markdown-validator.ts:350:15
2026-08-10T08:34:14.0183532Z -             if (!valid) {
2026-08-10T08:34:14.0183908Z +             if (true) {
2026-08-10T08:34:14.0184139Z 
2026-08-10T08:34:14.0184382Z [NoCoverage] ConditionalExpression
2026-08-10T08:34:14.0184917Z src/markdown-validator.ts:350:15
2026-08-10T08:34:14.0185370Z -             if (!valid) {
2026-08-10T08:34:14.0185736Z +             if (false) {
2026-08-10T08:34:14.0185957Z 
2026-08-10T08:34:14.0186126Z [NoCoverage] BlockStatement
2026-08-10T08:34:14.0187361Z src/markdown-validator.ts:350:23
2026-08-10T08:34:14.0187812Z -             if (!valid) {
2026-08-10T08:34:14.0188204Z -               diagnostics.push(
2026-08-10T08:34:14.0188620Z -                 diagnostic(
2026-08-10T08:34:14.0189070Z -                   "LINK_ANCHOR_UNRESOLVED",
2026-08-10T08:34:14.0189506Z -                   "error",
2026-08-10T08:34:14.0189944Z -                   document.path,
2026-08-10T08:34:14.0190546Z -                   `Local anchor '${target}' does not resolve.`,
2026-08-10T08:34:14.0191039Z -                 ),
2026-08-10T08:34:14.0191390Z -               );
2026-08-10T08:34:14.0191702Z -             }
2026-08-10T08:34:14.0192050Z +             if (!valid) {}
2026-08-10T08:34:14.0192298Z 
2026-08-10T08:34:14.0192476Z [NoCoverage] BlockStatement
2026-08-10T08:34:14.0193285Z src/markdown-validator.ts:371:81
2026-08-10T08:34:14.0194078Z -           if (valid && anchor && targetStat.isFile() && absolute.endsWith(".md")) {
2026-08-10T08:34:14.0195062Z -             const relative = toPosix(path.relative(model.root, absolute));
2026-08-10T08:34:14.0196097Z -             const targetDocument = model.markdownFiles.find((item) => item.path === relative);
2026-08-10T08:34:14.0217591Z -             valid = Boolean(targetDocument && headingAnchors(targetDocument.headings).has(anchor));
2026-08-10T08:34:14.0218474Z -             reason = "anchor not found";
2026-08-10T08:34:14.0218911Z -           }
2026-08-10T08:34:14.0219578Z +           if (valid && anchor && targetStat.isFile() && absolute.endsWith(".md")) {}
2026-08-10T08:34:14.0220168Z 
2026-08-10T08:34:14.0220405Z [NoCoverage] ConditionalExpression
2026-08-10T08:34:14.0220919Z src/markdown-validator.ts:373:69
2026-08-10T08:34:14.0221784Z -             const targetDocument = model.markdownFiles.find((item) => item.path === relative);
2026-08-10T08:34:14.0222811Z +             const targetDocument = model.markdownFiles.find((item) => true);
2026-08-10T08:34:14.0223288Z 
2026-08-10T08:34:14.0223514Z [NoCoverage] ConditionalExpression
2026-08-10T08:34:14.0224019Z src/markdown-validator.ts:373:69
2026-08-10T08:34:14.0224885Z -             const targetDocument = model.markdownFiles.find((item) => item.path === relative);
2026-08-10T08:34:14.0226610Z +             const targetDocument = model.markdownFiles.find((item) => false);
2026-08-10T08:34:14.0227262Z 
2026-08-10T08:34:14.0227460Z [NoCoverage] EqualityOperator
2026-08-10T08:34:14.0227960Z src/markdown-validator.ts:373:69
2026-08-10T08:34:14.0228861Z -             const targetDocument = model.markdownFiles.find((item) => item.path === relative);
2026-08-10T08:34:14.0230008Z +             const targetDocument = model.markdownFiles.find((item) => item.path !== relative);
2026-08-10T08:34:14.0230582Z 
2026-08-10T08:34:14.0230816Z [NoCoverage] ConditionalExpression
2026-08-10T08:34:14.0231329Z src/markdown-validator.ts:374:27
2026-08-10T08:34:14.0232220Z -             valid = Boolean(targetDocument && headingAnchors(targetDocument.headings).has(anchor));
2026-08-10T08:34:14.0233264Z +             valid = Boolean(true);
2026-08-10T08:34:14.0233571Z 
2026-08-10T08:34:14.0233803Z [NoCoverage] ConditionalExpression
2026-08-10T08:34:14.0234315Z src/markdown-validator.ts:374:27
2026-08-10T08:34:14.0235206Z -             valid = Boolean(targetDocument && headingAnchors(targetDocument.headings).has(anchor));
2026-08-10T08:34:14.0236039Z +             valid = Boolean(false);
2026-08-10T08:34:14.0236318Z 
2026-08-10T08:34:14.0236506Z [NoCoverage] LogicalOperator
2026-08-10T08:34:14.0257461Z src/markdown-validator.ts:374:27
2026-08-10T08:34:14.0258583Z -             valid = Boolean(targetDocument && headingAnchors(targetDocument.headings).has(anchor));
2026-08-10T08:34:14.0259796Z +             valid = Boolean(targetDocument || headingAnchors(targetDocument.headings).has(anchor));
2026-08-10T08:34:14.0260389Z 
2026-08-10T08:34:14.0260577Z [NoCoverage] BlockStatement
2026-08-10T08:34:14.0261057Z src/markdown-validator.ts:413:76
2026-08-10T08:34:14.0261858Z -   function headingAnchors(headings: readonly MarkdownHeading[]): Set<string> {
2026-08-10T08:34:14.0262632Z -     const counts = new Map<string, number>();
2026-08-10T08:34:14.0263194Z -     const anchors = new Set<string>();
2026-08-10T08:34:14.0263711Z -     for (const heading of headings) {
2026-08-10T08:34:14.0264211Z -       const base = heading.title
2026-08-10T08:34:14.0264703Z -         .toLocaleLowerCase("en")
2026-08-10T08:34:14.0265222Z -         .replace(/[^\p{L}\p{N}\s-]/gu, "")
2026-08-10T08:34:14.0265667Z -         .trim()
2026-08-10T08:34:14.0266054Z -         .replace(/\s+/gu, "-");
2026-08-10T08:34:14.0266556Z -       const count = counts.get(base) ?? 0;
2026-08-10T08:34:14.0267365Z -       anchors.add(count === 0 ? base : `${base}-${count}`);
2026-08-10T08:34:14.0267926Z -       counts.set(base, count + 1);
2026-08-10T08:34:14.0268320Z -     }
2026-08-10T08:34:14.0268624Z -     return anchors;
2026-08-10T08:34:14.0268933Z -   }
2026-08-10T08:34:14.0269577Z +   function headingAnchors(headings: readonly MarkdownHeading[]): Set<string> {}
2026-08-10T08:34:14.0270114Z 
2026-08-10T08:34:14.0270299Z [NoCoverage] BlockStatement
2026-08-10T08:34:14.0270766Z src/markdown-validator.ts:416:35
2026-08-10T08:34:14.0271240Z -     for (const heading of headings) {
2026-08-10T08:34:14.0271727Z -       const base = heading.title
2026-08-10T08:34:14.0272197Z -         .toLocaleLowerCase("en")
2026-08-10T08:34:14.0272699Z -         .replace(/[^\p{L}\p{N}\s-]/gu, "")
2026-08-10T08:34:14.0273126Z -         .trim()
2026-08-10T08:34:14.0273501Z -         .replace(/\s+/gu, "-");
2026-08-10T08:34:14.0273989Z -       const count = counts.get(base) ?? 0;
2026-08-10T08:34:14.0274628Z -       anchors.add(count === 0 ? base : `${base}-${count}`);
2026-08-10T08:34:14.0275218Z -       counts.set(base, count + 1);
2026-08-10T08:34:14.0275607Z -     }
2026-08-10T08:34:14.0276000Z +     for (const heading of headings) {}
2026-08-10T08:34:14.0276303Z 
2026-08-10T08:34:14.0276485Z [NoCoverage] LogicalOperator
2026-08-10T08:34:14.0297368Z src/markdown-validator.ts:422:19
2026-08-10T08:34:14.0297973Z -       const count = counts.get(base) ?? 0;
2026-08-10T08:34:14.0298553Z +       const count = counts.get(base) && 0;
2026-08-10T08:34:14.0298884Z 
2026-08-10T08:34:14.0299126Z [NoCoverage] ConditionalExpression
2026-08-10T08:34:14.0299653Z src/markdown-validator.ts:423:17
2026-08-10T08:34:14.0300287Z -       anchors.add(count === 0 ? base : `${base}-${count}`);
2026-08-10T08:34:14.0301000Z +       anchors.add(true ? base : `${base}-${count}`);
2026-08-10T08:34:14.0301372Z 
2026-08-10T08:34:14.0301614Z [NoCoverage] ConditionalExpression
2026-08-10T08:34:14.0302124Z src/markdown-validator.ts:423:17
2026-08-10T08:34:14.0302722Z -       anchors.add(count === 0 ? base : `${base}-${count}`);
2026-08-10T08:34:14.0303387Z +       anchors.add(false ? base : `${base}-${count}`);
2026-08-10T08:34:14.0303733Z 
2026-08-10T08:34:14.0303928Z [NoCoverage] EqualityOperator
2026-08-10T08:34:14.0304411Z src/markdown-validator.ts:423:17
2026-08-10T08:34:14.0305011Z -       anchors.add(count === 0 ? base : `${base}-${count}`);
2026-08-10T08:34:14.0306016Z +       anchors.add(count !== 0 ? base : `${base}-${count}`);
2026-08-10T08:34:14.0306415Z 
2026-08-10T08:34:14.0306602Z [Survived] LogicalOperator
2026-08-10T08:34:14.0307266Z src/markdown-validator.ts:273:9
2026-08-10T08:34:14.0307911Z -           document.sections.get("Security Implications") ?? "",
2026-08-10T08:34:14.0308695Z +           document.sections.get("Security Implications") && "",
2026-08-10T08:34:14.0309213Z Tests ran:
2026-08-10T08:34:14.0310107Z     Markdown contract validation rejects missing and duplicate sections, placeholders, absolutes, and missing trade-offs
2026-08-10T08:34:14.0311516Z     integrity reports writes deterministic reports and detects stale output
2026-08-10T08:34:14.0312019Z 
2026-08-10T08:34:14.0312027Z 
2026-08-10T08:34:14.0312202Z [Survived] LogicalOperator
2026-08-10T08:34:14.0312676Z src/markdown-validator.ts:259:25
2026-08-10T08:34:14.0313487Z -           isNotApplicable(document.sections.get("Risks and Failure Modes") ?? ""))
2026-08-10T08:34:14.0314433Z +           isNotApplicable(document.sections.get("Risks and Failure Modes") && ""))
2026-08-10T08:34:14.0315107Z Tests ran:
2026-08-10T08:34:14.0315676Z     Markdown contract validation accepts a complete synthetic knowledge unit
2026-08-10T08:34:14.0316886Z     Markdown contract validation rejects missing and duplicate sections, placeholders, absolutes, and missing trade-offs
2026-08-10T08:34:14.0338707Z     Markdown contract validation accepts explicit not-applicable reasons but rejects an empty marker
2026-08-10T08:34:14.0339516Z   and 3 more tests!
2026-08-10T08:34:14.0339716Z 
2026-08-10T08:34:14.0339724Z 
2026-08-10T08:34:14.0339910Z [Survived] LogicalOperator
2026-08-10T08:34:14.0340377Z src/markdown-validator.ts:270:9
2026-08-10T08:34:14.0341206Z -       if (securitySensitiveTypes.has(type) || securitySensitiveDomains.has(domain)) {
2026-08-10T08:34:14.0342338Z +       if (securitySensitiveTypes.has(type) && securitySensitiveDomains.has(domain)) {
2026-08-10T08:34:14.0343021Z Tests ran:
2026-08-10T08:34:14.0343596Z     Markdown contract validation accepts a complete synthetic knowledge unit
2026-08-10T08:34:14.0344774Z     Markdown contract validation rejects missing and duplicate sections, placeholders, absolutes, and missing trade-offs
2026-08-10T08:34:14.0346091Z     Markdown contract validation accepts explicit not-applicable reasons but rejects an empty marker
2026-08-10T08:34:14.0346863Z   and 4 more tests!
2026-08-10T08:34:14.0347290Z 
2026-08-10T08:34:14.0347300Z 
2026-08-10T08:34:14.0347546Z [Survived] ConditionalExpression
2026-08-10T08:34:14.0348046Z src/markdown-validator.ts:288:11
2026-08-10T08:34:14.0348633Z -         if (asArray(concept.data.claims).length === 0) {
2026-08-10T08:34:14.0349136Z +         if (false) {
2026-08-10T08:34:14.0349458Z Tests ran:
2026-08-10T08:34:14.0350022Z     integrity reports writes deterministic reports and detects stale output
2026-08-10T08:34:14.0350515Z 
2026-08-10T08:34:14.0350522Z 
2026-08-10T08:34:14.0350707Z [Survived] EqualityOperator
2026-08-10T08:34:14.0351188Z src/markdown-validator.ts:288:11
2026-08-10T08:34:14.0351758Z -         if (asArray(concept.data.claims).length === 0) {
2026-08-10T08:34:14.0352440Z +         if (asArray(concept.data.claims).length !== 0) {
2026-08-10T08:34:14.0352910Z Tests ran:
2026-08-10T08:34:14.0353472Z     integrity reports writes deterministic reports and detects stale output
2026-08-10T08:34:14.0353959Z 
2026-08-10T08:34:14.0353966Z 
2026-08-10T08:34:14.0354148Z [Survived] EqualityOperator
2026-08-10T08:34:14.0354621Z src/markdown-validator.ts:287:9
2026-08-10T08:34:14.0355226Z -       if (statusRank >= (lifecycleRank.get("drafted") ?? 3)) {
2026-08-10T08:34:14.0355960Z +       if (statusRank < (lifecycleRank.get("drafted") ?? 3)) {
2026-08-10T08:34:14.0356458Z Tests ran:
2026-08-10T08:34:14.0377459Z     Markdown contract validation accepts a complete synthetic knowledge unit
2026-08-10T08:34:14.0378946Z     Markdown contract validation rejects missing and duplicate sections, placeholders, absolutes, and missing trade-offs
2026-08-10T08:34:14.0380251Z     Markdown contract validation accepts explicit not-applicable reasons but rejects an empty marker
2026-08-10T08:34:14.0381022Z   and 4 more tests!
2026-08-10T08:34:14.0381229Z 
2026-08-10T08:34:14.0381238Z 
2026-08-10T08:34:14.0381409Z [Survived] EqualityOperator
2026-08-10T08:34:14.0381909Z src/markdown-validator.ts:298:11
2026-08-10T08:34:14.0382521Z -         if (asArray(concept.data.sources).length === 0) {
2026-08-10T08:34:14.0383207Z +         if (asArray(concept.data.sources).length !== 0) {
2026-08-10T08:34:14.0383871Z Tests ran:
2026-08-10T08:34:14.0384429Z     integrity reports writes deterministic reports and detects stale output
2026-08-10T08:34:14.0384929Z 
2026-08-10T08:34:14.0384937Z 
2026-08-10T08:34:14.0385114Z [Survived] BlockStatement
2026-08-10T08:34:14.0385571Z src/markdown-validator.ts:340:9
2026-08-10T08:34:14.0385957Z -         ) {
2026-08-10T08:34:14.0386381Z -           if (target.startsWith("#")) {
2026-08-10T08:34:14.0387138Z -             const anchor = target.slice(1);
2026-08-10T08:34:14.0387879Z -             const valid = headingAnchors(document.headings).has(anchor);
2026-08-10T08:34:14.0388468Z -             links.push({
2026-08-10T08:34:14.0388919Z -               path: document.path,
2026-08-10T08:34:14.0389336Z -               target,
2026-08-10T08:34:14.0389802Z -               status: valid ? "valid" : "broken",
2026-08-10T08:34:14.0390437Z -               ...(valid ? {} : { reason: "anchor not found" }),
2026-08-10T08:34:14.0390935Z -             });
2026-08-10T08:34:14.0391276Z -             if (!valid) {
2026-08-10T08:34:14.0391722Z -               diagnostics.push(
2026-08-10T08:34:14.0392147Z -                 diagnostic(
2026-08-10T08:34:14.0392627Z -                   "LINK_ANCHOR_UNRESOLVED",
2026-08-10T08:34:14.0393097Z -                   "error",
2026-08-10T08:34:14.0393535Z -                   document.path,
2026-08-10T08:34:14.0394126Z -                   `Local anchor '${target}' does not resolve.`,
2026-08-10T08:34:14.0394659Z -                 ),
2026-08-10T08:34:14.0394999Z -               );
2026-08-10T08:34:14.0395295Z -             }
2026-08-10T08:34:14.0395594Z -           }
2026-08-10T08:34:14.0395910Z -           continue;
2026-08-10T08:34:14.0396235Z -         }
2026-08-10T08:34:14.0396517Z +         ) {}
2026-08-10T08:34:14.0396810Z Tests ran:
2026-08-10T08:34:14.0417919Z     integrity reports writes deterministic reports and detects stale output
2026-08-10T08:34:14.0418454Z 
2026-08-10T08:34:14.0418476Z 
2026-08-10T08:34:14.0418673Z [Survived] LogicalOperator
2026-08-10T08:34:14.0419159Z src/markdown-validator.ts:337:9
2026-08-10T08:34:14.0419656Z -           target.startsWith("#") ||
2026-08-10T08:34:14.0420355Z -           /^(?:https?:|mailto:|app:)/u.test(target) ||
2026-08-10T08:34:14.0421204Z +           target.startsWith("#") && /^(?:https?:|mailto:|app:)/u.test(target) ||
2026-08-10T08:34:14.0421828Z Tests ran:
2026-08-10T08:34:14.0422328Z     Markdown link validation rejects a missing local target
2026-08-10T08:34:14.0423074Z     integrity reports writes deterministic reports and detects stale output
2026-08-10T08:34:14.0423544Z 
2026-08-10T08:34:14.0423551Z 
2026-08-10T08:34:14.0423758Z [Survived] ConditionalExpression
2026-08-10T08:34:14.0424239Z src/markdown-validator.ts:341:13
2026-08-10T08:34:14.0424723Z -           if (target.startsWith("#")) {
2026-08-10T08:34:14.0425161Z +           if (false) {
2026-08-10T08:34:14.0425492Z Tests ran:
2026-08-10T08:34:14.0426038Z     integrity reports writes deterministic reports and detects stale output
2026-08-10T08:34:14.0426526Z 
2026-08-10T08:34:14.0426533Z 
2026-08-10T08:34:14.0426762Z [Survived] ConditionalExpression
2026-08-10T08:34:14.0427455Z src/markdown-validator.ts:370:17
2026-08-10T08:34:14.0428099Z -           valid = targetStat.isFile() || targetStat.isDirectory();
2026-08-10T08:34:14.0428674Z +           valid = true;
2026-08-10T08:34:14.0429024Z Tests ran:
2026-08-10T08:34:14.0429814Z     integrity reports writes deterministic reports and detects stale output
2026-08-10T08:34:14.0430325Z 
2026-08-10T08:34:14.0430333Z 
2026-08-10T08:34:14.0430566Z [Survived] ConditionalExpression
2026-08-10T08:34:14.0431054Z src/markdown-validator.ts:371:13
2026-08-10T08:34:14.0431811Z -           if (valid && anchor && targetStat.isFile() && absolute.endsWith(".md")) {
2026-08-10T08:34:14.0432590Z +           if (true && absolute.endsWith(".md")) {
2026-08-10T08:34:14.0433060Z Tests ran:
2026-08-10T08:34:14.0433651Z     integrity reports writes deterministic reports and detects stale output
2026-08-10T08:34:14.0434353Z 
2026-08-10T08:34:14.0434362Z 
2026-08-10T08:34:14.0434554Z [Survived] LogicalOperator
2026-08-10T08:34:14.0435037Z src/markdown-validator.ts:371:13
2026-08-10T08:34:14.0435797Z -           if (valid && anchor && targetStat.isFile() && absolute.endsWith(".md")) {
2026-08-10T08:34:14.0436794Z +           if (valid && anchor && targetStat.isFile() || absolute.endsWith(".md")) {
2026-08-10T08:34:14.0457832Z Tests ran:
2026-08-10T08:34:14.0458428Z     integrity reports writes deterministic reports and detects stale output
2026-08-10T08:34:14.0458909Z 
2026-08-10T08:34:14.0458917Z 
2026-08-10T08:34:14.0459087Z [Survived] BlockStatement
2026-08-10T08:34:14.0459519Z src/markdown-validator.ts:377:15
2026-08-10T08:34:14.0459903Z -         } catch {
2026-08-10T08:34:14.0460235Z -           valid = false;
2026-08-10T08:34:14.0460555Z -         }
2026-08-10T08:34:14.0460843Z +         } catch {}
2026-08-10T08:34:14.0461137Z Tests ran:
2026-08-10T08:34:14.0461577Z     Markdown link validation rejects a missing local target
2026-08-10T08:34:14.0461946Z 
2026-08-10T08:34:14.0461952Z 
2026-08-10T08:34:14.0462123Z [Survived] LogicalOperator
2026-08-10T08:34:14.0462557Z src/markdown-validator.ts:371:13
2026-08-10T08:34:14.0463249Z -           if (valid && anchor && targetStat.isFile() && absolute.endsWith(".md")) {
2026-08-10T08:34:14.0464197Z +           if (valid || anchor && targetStat.isFile() && absolute.endsWith(".md")) {
2026-08-10T08:34:14.0464810Z Tests ran:
2026-08-10T08:34:14.0465386Z     integrity reports writes deterministic reports and detects stale output
2026-08-10T08:34:14.0465889Z 
2026-08-10T08:34:14.0465897Z 
2026-08-10T08:34:14.0466121Z [Survived] ConditionalExpression
2026-08-10T08:34:14.0466630Z src/markdown-validator.ts:386:11
2026-08-10T08:34:14.0467264Z -         if (!valid) {
2026-08-10T08:34:14.0467623Z +         if (true) {
2026-08-10T08:34:14.0467950Z Tests ran:
2026-08-10T08:34:14.0468416Z     Markdown link validation rejects a missing local target
2026-08-10T08:34:14.0469226Z     integrity reports writes deterministic reports and detects stale output
2026-08-10T08:34:14.0469704Z 
2026-08-10T08:34:14.0469712Z 
2026-08-10T08:34:14.0469882Z [Survived] BlockStatement
2026-08-10T08:34:14.0470327Z src/markdown-validator.ts:451:42
2026-08-10T08:34:14.0470845Z -   function truncate(value: string): string {
2026-08-10T08:34:14.0471567Z -     return value.length <= 120 ? value : `${value.slice(0, 117)}...`;
2026-08-10T08:34:14.0472104Z -   }
2026-08-10T08:34:14.0472528Z +   function truncate(value: string): string {}
2026-08-10T08:34:14.0472968Z Tests ran:
2026-08-10T08:34:14.0473832Z     Markdown contract validation rejects missing and duplicate sections, placeholders, absolutes, and missing trade-offs
2026-08-10T08:34:14.0474587Z 
2026-08-10T08:34:14.0474595Z 
2026-08-10T08:34:14.0474818Z [Survived] ConditionalExpression
2026-08-10T08:34:14.0475310Z src/markdown-validator.ts:452:10
2026-08-10T08:34:14.0475976Z -     return value.length <= 120 ? value : `${value.slice(0, 117)}...`;
2026-08-10T08:34:14.0476724Z +     return false ? value : `${value.slice(0, 117)}...`;
2026-08-10T08:34:14.0497842Z Tests ran:
2026-08-10T08:34:14.0498823Z     Markdown contract validation rejects missing and duplicate sections, placeholders, absolutes, and missing trade-offs
2026-08-10T08:34:14.0499683Z 
2026-08-10T08:34:14.0499700Z 
2026-08-10T08:34:14.0499929Z [Survived] ConditionalExpression
2026-08-10T08:34:14.0500434Z src/markdown-validator.ts:452:10
2026-08-10T08:34:14.0501312Z -     return value.length <= 120 ? value : `${value.slice(0, 117)}...`;
2026-08-10T08:34:14.0502063Z +     return true ? value : `${value.slice(0, 117)}...`;
2026-08-10T08:34:14.0502527Z Tests ran:
2026-08-10T08:34:14.0503385Z     Markdown contract validation rejects missing and duplicate sections, placeholders, absolutes, and missing trade-offs
2026-08-10T08:34:14.0504145Z 
2026-08-10T08:34:14.0504153Z 
2026-08-10T08:34:14.0504337Z [Survived] EqualityOperator
2026-08-10T08:34:14.0504819Z src/markdown-validator.ts:452:10
2026-08-10T08:34:14.0505665Z -     return value.length <= 120 ? value : `${value.slice(0, 117)}...`;
2026-08-10T08:34:14.0506467Z +     return value.length < 120 ? value : `${value.slice(0, 117)}...`;
2026-08-10T08:34:14.0507220Z Tests ran:
2026-08-10T08:34:14.0508109Z     Markdown contract validation rejects missing and duplicate sections, placeholders, absolutes, and missing trade-offs
2026-08-10T08:34:14.0508860Z 
2026-08-10T08:34:14.0508868Z 
2026-08-10T08:34:14.0509060Z [Survived] EqualityOperator
2026-08-10T08:34:14.0509535Z src/markdown-validator.ts:452:10
2026-08-10T08:34:14.0510201Z -     return value.length <= 120 ? value : `${value.slice(0, 117)}...`;
2026-08-10T08:34:14.0511019Z +     return value.length > 120 ? value : `${value.slice(0, 117)}...`;
2026-08-10T08:34:14.0511559Z Tests ran:
2026-08-10T08:34:14.0512435Z     Markdown contract validation rejects missing and duplicate sections, placeholders, absolutes, and missing trade-offs
2026-08-10T08:34:14.0513190Z 
2026-08-10T08:34:14.0513206Z 
2026-08-10T08:34:14.0513379Z [NoCoverage] BlockStatement
2026-08-10T08:34:14.0513861Z src/relationship-validator.ts:38:48
2026-08-10T08:34:14.0514407Z -       if (!subjectId || !objectId || !predicate) {
2026-08-10T08:34:14.0514881Z -         continue;
2026-08-10T08:34:14.0515177Z -       }
2026-08-10T08:34:14.0515608Z +       if (!subjectId || !objectId || !predicate) {}
2026-08-10T08:34:14.0515939Z 
2026-08-10T08:34:14.0516109Z [NoCoverage] BlockStatement
2026-08-10T08:34:14.0516575Z src/relationship-validator.ts:42:22
2026-08-10T08:34:14.0537461Z -       if (!definition) {
2026-08-10T08:34:14.0537903Z -         diagnostics.push(
2026-08-10T08:34:14.0538317Z -           diagnostic(
2026-08-10T08:34:14.0538751Z -             "REL_PREDICATE_UNKNOWN",
2026-08-10T08:34:14.0539188Z -             "error",
2026-08-10T08:34:14.0539598Z -             relationship.path,
2026-08-10T08:34:14.0540171Z -             `Predicate '${predicate}' is not registered.`,
2026-08-10T08:34:14.0540676Z -           ),
2026-08-10T08:34:14.0540982Z -         );
2026-08-10T08:34:14.0541290Z -         continue;
2026-08-10T08:34:14.0541591Z -       }
2026-08-10T08:34:14.0541914Z +       if (!definition) {}
2026-08-10T08:34:14.0542156Z 
2026-08-10T08:34:14.0542336Z [NoCoverage] BlockStatement
2026-08-10T08:34:14.0542809Z src/relationship-validator.ts:55:30
2026-08-10T08:34:14.0543288Z -       if (!subject || !object) {
2026-08-10T08:34:14.0543687Z -         continue;
2026-08-10T08:34:14.0543995Z -       }
2026-08-10T08:34:14.0544388Z +       if (!subject || !object) {}
2026-08-10T08:34:14.0544649Z 
2026-08-10T08:34:14.0544828Z [NoCoverage] BooleanLiteral
2026-08-10T08:34:14.0545287Z src/relationship-validator.ts:73:95
2026-08-10T08:34:14.0546218Z -       const selfAllowed = definition.self_relation_allowed ?? defaults.self_relation_allowed ?? false;
2026-08-10T08:34:14.0547677Z +       const selfAllowed = definition.self_relation_allowed ?? defaults.self_relation_allowed ?? true;
2026-08-10T08:34:14.0548308Z 
2026-08-10T08:34:14.0548490Z [NoCoverage] BooleanLiteral
2026-08-10T08:34:14.0548957Z src/relationship-validator.ts:95:73
2026-08-10T08:34:14.0549720Z -         definition.conditions_required ?? defaults.conditions_required ?? false;
2026-08-10T08:34:14.0550706Z +         definition.conditions_required ?? defaults.conditions_required ?? true;
2026-08-10T08:34:14.0551197Z 
2026-08-10T08:34:14.0551379Z [NoCoverage] BooleanLiteral
2026-08-10T08:34:14.0551855Z src/relationship-validator.ts:132:83
2026-08-10T08:34:14.0552983Z -         definition.evidence_claims_required ?? defaults.evidence_claims_required ?? true;
2026-08-10T08:34:14.0554100Z +         definition.evidence_claims_required ?? defaults.evidence_claims_required ?? false;
2026-08-10T08:34:14.0554647Z 
2026-08-10T08:34:14.0554818Z [NoCoverage] UnaryOperator
2026-08-10T08:34:14.0555273Z src/relationship-validator.ts:410:90
2026-08-10T08:34:14.0556148Z -       const claimConfidence = confidenceRank.get(asString(claim.data.confidence) ?? "") ?? -1;
2026-08-10T08:34:14.0578175Z +       const claimConfidence = confidenceRank.get(asString(claim.data.confidence) ?? "") ?? +1;
2026-08-10T08:34:14.0578898Z 
2026-08-10T08:34:14.0579178Z [NoCoverage] ConditionalExpression
2026-08-10T08:34:14.0579729Z src/relationship-validator.ts:556:9
2026-08-10T08:34:14.0580494Z -           explicitInverse.data.confidence !== relationship.data.confidence)
2026-08-10T08:34:14.0581163Z +           false)
2026-08-10T08:34:14.0581365Z 
2026-08-10T08:34:14.0581554Z [NoCoverage] EqualityOperator
2026-08-10T08:34:14.0582054Z src/relationship-validator.ts:556:9
2026-08-10T08:34:14.0582812Z -           explicitInverse.data.confidence !== relationship.data.confidence)
2026-08-10T08:34:14.0583789Z +           explicitInverse.data.confidence === relationship.data.confidence)
2026-08-10T08:34:14.0584290Z 
2026-08-10T08:34:14.0584518Z [Survived] ConditionalExpression
2026-08-10T08:34:14.0585028Z src/relationship-validator.ts:74:35
2026-08-10T08:34:14.0585635Z -       if (subjectId === objectId && selfAllowed !== true) {
2026-08-10T08:34:14.0586250Z +       if (subjectId === objectId && true) {
2026-08-10T08:34:14.0586677Z Tests ran:
2026-08-10T08:34:14.0587552Z     relationship validation rejects prohibited self-relations and endpoint type violations
2026-08-10T08:34:14.0588685Z     relationship validation blocks inferential quality impacts and causal quality-taxonomy edges
2026-08-10T08:34:14.0589293Z 
2026-08-10T08:34:14.0589302Z 
2026-08-10T08:34:14.0589477Z [Survived] EqualityOperator
2026-08-10T08:34:14.0589975Z src/relationship-validator.ts:84:46
2026-08-10T08:34:14.0590782Z -       if (expectedDirection === "symmetric" && subjectId.localeCompare(objectId) >= 0) {
2026-08-10T08:34:14.0591835Z +       if (expectedDirection === "symmetric" && subjectId.localeCompare(objectId) > 0) {
2026-08-10T08:34:14.0592490Z Tests ran:
2026-08-10T08:34:14.0593240Z     audit regression coverage enforces relationship direction, conditions, evidence, kinds, and ordering
2026-08-10T08:34:14.0594423Z     relationship validation rejects related-to when a precise predicate exists for the same pair
2026-08-10T08:34:14.0595457Z     integrity reports writes deterministic reports and detects stale output
2026-08-10T08:34:14.0595969Z 
2026-08-10T08:34:14.0595978Z 
2026-08-10T08:34:14.0596158Z [Survived] BlockStatement
2026-08-10T08:34:14.0596664Z src/relationship-validator.ts:110:62
2026-08-10T08:34:14.0617904Z -         if (conceptIds.length === 0 && scope !== "edge-local") {
2026-08-10T08:34:14.0618494Z -           diagnostics.push(
2026-08-10T08:34:14.0618903Z -             diagnostic(
2026-08-10T08:34:14.0619373Z -               "REL_CONDITION_SCOPE",
2026-08-10T08:34:14.0619802Z -               "error",
2026-08-10T08:34:14.0620314Z -               relationship.path,
2026-08-10T08:34:14.0621253Z -               "A relationship condition without concept IDs must be explicitly scoped as edge-local.",
2026-08-10T08:34:14.0622006Z -             ),
2026-08-10T08:34:14.0622306Z -           );
2026-08-10T08:34:14.0622603Z -         }
2026-08-10T08:34:14.0623143Z +         if (conceptIds.length === 0 && scope !== "edge-local") {}
2026-08-10T08:34:14.0623666Z Tests ran:
2026-08-10T08:34:14.0624359Z     relationship validation requires explicit edge-local or reusable-concept condition scope
2026-08-10T08:34:14.0624972Z 
2026-08-10T08:34:14.0624981Z 
2026-08-10T08:34:14.0625215Z [Survived] ConditionalExpression
2026-08-10T08:34:14.0625729Z src/relationship-validator.ts:120:36
2026-08-10T08:34:14.0626688Z -         if (conceptIds.length > 0 && scope !== "reusable-concept") {
2026-08-10T08:34:14.0627581Z +         if (conceptIds.length > 0 && true) {
2026-08-10T08:34:14.0628028Z Tests ran:
2026-08-10T08:34:14.0628724Z     relationship validation requires explicit edge-local or reusable-concept condition scope
2026-08-10T08:34:14.0629356Z 
2026-08-10T08:34:14.0629364Z 
2026-08-10T08:34:14.0629550Z [Survived] EqualityOperator
2026-08-10T08:34:14.0630050Z src/relationship-validator.ts:120:36
2026-08-10T08:34:14.0630762Z -         if (conceptIds.length > 0 && scope !== "reusable-concept") {
2026-08-10T08:34:14.0631781Z +         if (conceptIds.length > 0 && scope === "reusable-concept") {
2026-08-10T08:34:14.0632261Z Tests ran:
2026-08-10T08:34:14.0632932Z     relationship validation requires explicit edge-local or reusable-concept condition scope
2026-08-10T08:34:14.0633551Z 
2026-08-10T08:34:14.0633559Z 
2026-08-10T08:34:14.0633738Z [Survived] BlockStatement
2026-08-10T08:34:14.0634216Z src/relationship-validator.ts:120:66
2026-08-10T08:34:14.0634915Z -         if (conceptIds.length > 0 && scope !== "reusable-concept") {
2026-08-10T08:34:14.0635517Z -           diagnostics.push(
2026-08-10T08:34:14.0635924Z -             diagnostic(
2026-08-10T08:34:14.0636372Z -               "REL_CONDITION_SCOPE",
2026-08-10T08:34:14.0636809Z -               "error",
2026-08-10T08:34:14.0657850Z -               relationship.path,
2026-08-10T08:34:14.0658744Z -               "A relationship condition with concept IDs must be scoped as reusable-concept.",
2026-08-10T08:34:14.0659454Z -             ),
2026-08-10T08:34:14.0659792Z -           );
2026-08-10T08:34:14.0660098Z -         }
2026-08-10T08:34:14.0660692Z +         if (conceptIds.length > 0 && scope !== "reusable-concept") {}
2026-08-10T08:34:14.0661256Z Tests ran:
2026-08-10T08:34:14.0661940Z     relationship validation requires explicit edge-local or reusable-concept condition scope
2026-08-10T08:34:14.0662547Z 
2026-08-10T08:34:14.0662555Z 
2026-08-10T08:34:14.0662865Z [Survived] BlockStatement
2026-08-10T08:34:14.0663350Z src/relationship-validator.ts:185:95
2026-08-10T08:34:14.0664277Z -       if (traversalEligible && evidenceClaims.some((claim) => claim.data.status !== "sourced")) {
2026-08-10T08:34:14.0665064Z -         diagnostics.push(
2026-08-10T08:34:14.0665460Z -           diagnostic(
2026-08-10T08:34:14.0665954Z -             "REL_TRAVERSAL_UNSOURCED_EVIDENCE",
2026-08-10T08:34:14.0666420Z -             "error",
2026-08-10T08:34:14.0666820Z -             relationship.path,
2026-08-10T08:34:14.0667772Z -             "Traversal-eligible relationships require sourced claim evidence.",
2026-08-10T08:34:14.0668425Z -           ),
2026-08-10T08:34:14.0668723Z -         );
2026-08-10T08:34:14.0669005Z -       }
2026-08-10T08:34:14.0669766Z +       if (traversalEligible && evidenceClaims.some((claim) => claim.data.status !== "sourced")) {}
2026-08-10T08:34:14.0670482Z Tests ran:
2026-08-10T08:34:14.0671183Z     relationship validation blocks proposed and claim-context-only relationships from traversal
2026-08-10T08:34:14.0671807Z 
2026-08-10T08:34:14.0671815Z 
2026-08-10T08:34:14.0671989Z [Survived] BlockStatement
2026-08-10T08:34:14.0672472Z src/relationship-validator.ts:229:37
2026-08-10T08:34:14.0673009Z -       if (predicate === "related-to") {
2026-08-10T08:34:14.0673492Z -         diagnostics.push(
2026-08-10T08:34:14.0673883Z -           diagnostic(
2026-08-10T08:34:14.0674328Z -             "REL_RELATED_TO_SUSPICIOUS",
2026-08-10T08:34:14.0674777Z -             "warning",
2026-08-10T08:34:14.0675199Z -             relationship.path,
2026-08-10T08:34:14.0676087Z -             "Use of 'related-to' requires documented justification that no precise predicate applies.",
2026-08-10T08:34:14.0676809Z -           ),
2026-08-10T08:34:14.0697612Z -         );
2026-08-10T08:34:14.0697932Z -       }
2026-08-10T08:34:14.0698340Z +       if (predicate === "related-to") {}
2026-08-10T08:34:14.0698760Z Tests ran:
2026-08-10T08:34:14.0699795Z     relationship validation rejects related-to when a precise predicate exists for the same pair
2026-08-10T08:34:14.0700426Z 
2026-08-10T08:34:14.0700434Z 
2026-08-10T08:34:14.0700663Z [Survived] ConditionalExpression
2026-08-10T08:34:14.0701165Z src/relationship-validator.ts:217:7
2026-08-10T08:34:14.0701706Z -         objectType === "quality-attribute" &&
2026-08-10T08:34:14.0702172Z +         true &&
2026-08-10T08:34:14.0702468Z Tests ran:
2026-08-10T08:34:14.0703221Z     audit regression coverage enforces relationship direction, conditions, evidence, kinds, and ordering
2026-08-10T08:34:14.0704432Z     relationship validation applies predicate-specific cycle policy
2026-08-10T08:34:14.0705208Z     relationship validation rejects inconsistent explicit inverse metadata
2026-08-10T08:34:14.0705784Z   and 2 more tests!
2026-08-10T08:34:14.0705977Z 
2026-08-10T08:34:14.0705985Z 
2026-08-10T08:34:14.0706227Z [Survived] ConditionalExpression
2026-08-10T08:34:14.0706750Z src/relationship-validator.ts:239:39
2026-08-10T08:34:14.0707831Z -       if (predicate === "influences" && asArray(relationship.data.conditions).length === 0) {
2026-08-10T08:34:14.0708639Z +       if (predicate === "influences" && true) {
2026-08-10T08:34:14.0709080Z Tests ran:
2026-08-10T08:34:14.0709924Z     audit regression coverage enforces relationship direction, conditions, evidence, kinds, and ordering
2026-08-10T08:34:14.0711100Z     relationship validation blocks inferential quality impacts and causal quality-taxonomy edges
2026-08-10T08:34:14.0712080Z     integrity reports writes deterministic reports and detects stale output
2026-08-10T08:34:14.0712563Z 
2026-08-10T08:34:14.0712572Z 
2026-08-10T08:34:14.0712752Z [Survived] LogicalOperator
2026-08-10T08:34:14.0713224Z src/relationship-validator.ts:269:11
2026-08-10T08:34:14.0713794Z -             entries[0]?.path ?? "relationships/",
2026-08-10T08:34:14.0714383Z +             entries[0]?.path && "relationships/",
2026-08-10T08:34:14.0714817Z Tests ran:
2026-08-10T08:34:14.0715569Z     audit regression coverage detects duplicate, conflicting, ambiguous, and unknown relationship policy
2026-08-10T08:34:14.0716238Z 
2026-08-10T08:34:14.0716252Z 
2026-08-10T08:34:14.0716430Z [Survived] OptionalChaining
2026-08-10T08:34:14.0737745Z src/relationship-validator.ts:269:11
2026-08-10T08:34:14.0738470Z -             entries[0]?.path ?? "relationships/",
2026-08-10T08:34:14.0739099Z +             entries[0].path ?? "relationships/",
2026-08-10T08:34:14.0739553Z Tests ran:
2026-08-10T08:34:14.0740347Z     audit regression coverage detects duplicate, conflicting, ambiguous, and unknown relationship policy
2026-08-10T08:34:14.0741046Z 
2026-08-10T08:34:14.0741055Z 
2026-08-10T08:34:14.0741243Z [Survived] LogicalOperator
2026-08-10T08:34:14.0741738Z src/relationship-validator.ts:297:11
2026-08-10T08:34:14.0742297Z -             entries[0]?.path ?? "relationships/",
2026-08-10T08:34:14.0742866Z +             entries[0]?.path && "relationships/",
2026-08-10T08:34:14.0743294Z Tests ran:
2026-08-10T08:34:14.0744082Z     audit regression coverage detects duplicate, conflicting, ambiguous, and unknown relationship policy
2026-08-10T08:34:14.0744787Z 
2026-08-10T08:34:14.0744798Z 
2026-08-10T08:34:14.0745009Z [Survived] OptionalChaining
2026-08-10T08:34:14.0745561Z src/relationship-validator.ts:297:11
2026-08-10T08:34:14.0746136Z -             entries[0]?.path ?? "relationships/",
2026-08-10T08:34:14.0746745Z +             entries[0].path ?? "relationships/",
2026-08-10T08:34:14.0747489Z Tests ran:
2026-08-10T08:34:14.0748345Z     audit regression coverage detects duplicate, conflicting, ambiguous, and unknown relationship policy
2026-08-10T08:34:14.0749110Z 
2026-08-10T08:34:14.0749121Z 
2026-08-10T08:34:14.0749392Z [Survived] ConditionalExpression
2026-08-10T08:34:14.0750016Z src/relationship-validator.ts:302:41
2026-08-10T08:34:14.0750764Z -       if (predicates.has("related-to") && predicates.size > 1) {
2026-08-10T08:34:14.0751514Z +       if (predicates.has("related-to") && true) {
2026-08-10T08:34:14.0752004Z Tests ran:
2026-08-10T08:34:14.0753034Z     relationship validation rejects related-to when a precise predicate exists for the same pair
2026-08-10T08:34:14.0753719Z 
2026-08-10T08:34:14.0753728Z 
2026-08-10T08:34:14.0753938Z [Survived] EqualityOperator
2026-08-10T08:34:14.0754466Z src/relationship-validator.ts:302:41
2026-08-10T08:34:14.0755181Z -       if (predicates.has("related-to") && predicates.size > 1) {
2026-08-10T08:34:14.0793301Z +       if (predicates.has("related-to") && predicates.size >= 1) {
2026-08-10T08:34:14.0793898Z Tests ran:
2026-08-10T08:34:14.0794671Z     relationship validation rejects related-to when a precise predicate exists for the same pair
2026-08-10T08:34:14.0795618Z 
2026-08-10T08:34:14.0795628Z 
2026-08-10T08:34:14.0795828Z [Survived] LogicalOperator
2026-08-10T08:34:14.0796368Z src/relationship-validator.ts:307:11
2026-08-10T08:34:14.0797600Z -             entries.find((entry) => entry.data.predicate === "related-to")?.path ?? "relationships/",
2026-08-10T08:34:14.0798864Z +             entries.find(entry => entry.data.predicate === "related-to")?.path && "relationships/",
2026-08-10T08:34:14.0799602Z Tests ran:
2026-08-10T08:34:14.0800362Z     relationship validation rejects related-to when a precise predicate exists for the same pair
2026-08-10T08:34:14.0801008Z 
2026-08-10T08:34:14.0801016Z 
2026-08-10T08:34:14.0801261Z [Survived] ConditionalExpression
2026-08-10T08:34:14.0801824Z src/relationship-validator.ts:307:35
2026-08-10T08:34:14.0802836Z -             entries.find((entry) => entry.data.predicate === "related-to")?.path ?? "relationships/",
2026-08-10T08:34:14.0803939Z +             entries.find((entry) => true)?.path ?? "relationships/",
2026-08-10T08:34:14.0804557Z Tests ran:
2026-08-10T08:34:14.0805286Z     relationship validation rejects related-to when a precise predicate exists for the same pair
2026-08-10T08:34:14.0805888Z 
2026-08-10T08:34:14.0805897Z 
2026-08-10T08:34:14.0806142Z [Survived] ConditionalExpression
2026-08-10T08:34:14.0806714Z src/relationship-validator.ts:307:35
2026-08-10T08:34:14.0821688Z -             entries.find((entry) => entry.data.predicate === "related-to")?.path ?? "relationships/",
2026-08-10T08:34:14.0822808Z +             entries.find((entry) => false)?.path ?? "relationships/",
2026-08-10T08:34:14.0823428Z Tests ran:
2026-08-10T08:34:14.0824230Z     relationship validation rejects related-to when a precise predicate exists for the same pair
2026-08-10T08:34:14.0824903Z 
2026-08-10T08:34:14.0824913Z 
2026-08-10T08:34:14.0825515Z [Survived] OptionalChaining
2026-08-10T08:34:14.0826126Z src/relationship-validator.ts:307:11
2026-08-10T08:34:14.0827357Z -             entries.find((entry) => entry.data.predicate === "related-to")?.path ?? "relationships/",
2026-08-10T08:34:14.0828541Z +             entries.find(entry => entry.data.predicate === "related-to").path ?? "relationships/",
2026-08-10T08:34:14.0829239Z Tests ran:
2026-08-10T08:34:14.0830001Z     relationship validation rejects related-to when a precise predicate exists for the same pair
2026-08-10T08:34:14.0830700Z 
2026-08-10T08:34:14.0830709Z 
2026-08-10T08:34:14.0830906Z [Survived] EqualityOperator
2026-08-10T08:34:14.0831194Z src/relationship-validator.ts:307:35
2026-08-10T08:34:14.0831886Z -             entries.find((entry) => entry.data.predicate === "related-to")?.path ?? "relationships/",
2026-08-10T08:34:14.0832560Z +             entries.find((entry) => entry.data.predicate !== "related-to")?.path ?? "relationships/",
2026-08-10T08:34:14.0832724Z Tests ran:
2026-08-10T08:34:14.0833301Z     relationship validation rejects related-to when a precise predicate exists for the same pair
2026-08-10T08:34:14.0833329Z 
2026-08-10T08:34:14.0833338Z 
2026-08-10T08:34:14.0833544Z [Survived] LogicalOperator
2026-08-10T08:34:14.0833843Z src/relationship-validator.ts:317:11
2026-08-10T08:34:14.0834169Z -             entries[0]?.path ?? "relationships/",
2026-08-10T08:34:14.0834489Z +             entries[0]?.path && "relationships/",
2026-08-10T08:34:14.0834652Z Tests ran:
2026-08-10T08:34:14.0835594Z     audit regression coverage detects duplicate, conflicting, ambiguous, and unknown relationship policy
2026-08-10T08:34:14.0835621Z 
2026-08-10T08:34:14.0835631Z 
2026-08-10T08:34:14.0835866Z [Survived] OptionalChaining
2026-08-10T08:34:14.0836156Z src/relationship-validator.ts:317:11
2026-08-10T08:34:14.0836492Z -             entries[0]?.path ?? "relationships/",
2026-08-10T08:34:14.0836810Z +             entries[0].path ?? "relationships/",
2026-08-10T08:34:14.0837666Z Tests ran:
2026-08-10T08:34:14.0838393Z     audit regression coverage detects duplicate, conflicting, ambiguous, and unknown relationship policy
2026-08-10T08:34:14.0838685Z 
2026-08-10T08:34:14.0838696Z 
2026-08-10T08:34:14.0838989Z [Survived] ConditionalExpression
2026-08-10T08:34:14.0839270Z src/relationship-validator.ts:336:16
2026-08-10T08:34:14.0839624Z -       } else if (cycle.policy === "report-only") {
2026-08-10T08:34:14.0839831Z +       } else if (true) {
2026-08-10T08:34:14.0839980Z Tests ran:
2026-08-10T08:34:14.0840571Z     relationship validation rejects prohibited self-relations and endpoint type violations
2026-08-10T08:34:14.0841050Z     relationship validation applies predicate-specific cycle policy
2026-08-10T08:34:14.0841666Z     relationship validation blocks inferential quality impacts and causal quality-taxonomy edges
2026-08-10T08:34:14.0841688Z 
2026-08-10T08:34:14.0841697Z 
2026-08-10T08:34:14.0841913Z [Survived] EqualityOperator
2026-08-10T08:34:14.0842215Z src/relationship-validator.ts:477:41
2026-08-10T08:34:14.0842708Z -       } else if (claimConfidence === 1 || claimConditions.length > 0) {
2026-08-10T08:34:14.0843212Z +       } else if (claimConfidence === 1 || claimConditions.length <= 0) {
2026-08-10T08:34:14.0843368Z Tests ran:
2026-08-10T08:34:14.0848247Z     relationship validation accepts concept-global traversal only when structured proof is exact
2026-08-10T08:34:14.0848785Z     integrity reports writes deterministic reports and detects stale output
2026-08-10T08:34:14.0848806Z 
2026-08-10T08:34:14.0848816Z 
2026-08-10T08:34:14.0849037Z [Survived] LogicalOperator
2026-08-10T08:34:14.0849342Z src/relationship-validator.ts:525:54
2026-08-10T08:34:14.0850171Z -             `object '${record.id}' has concept type '${actualType ?? "missing"}', expected one of ${allowedTypes.join(", ")}.`,
2026-08-10T08:34:14.0851029Z +             `object '${record.id}' has concept type '${actualType && "missing"}', expected one of ${allowedTypes.join(", ")}.`,
2026-08-10T08:34:14.0851198Z Tests ran:
2026-08-10T08:34:14.0851762Z     relationship validation rejects prohibited self-relations and endpoint type violations
2026-08-10T08:34:14.0851794Z 
2026-08-10T08:34:14.0851803Z 
2026-08-10T08:34:14.0852072Z [Survived] ConditionalExpression
2026-08-10T08:34:14.0852372Z src/relationship-validator.ts:545:75
2026-08-10T08:34:14.0853086Z -         ...asArray(definition?.inverse_of).filter((item): item is string => typeof item === "string"),
2026-08-10T08:34:14.0853636Z +         ...asArray(definition?.inverse_of).filter((item): item is string => true),
2026-08-10T08:34:14.0853788Z Tests ran:
2026-08-10T08:34:14.0854230Z     relationship validation rejects inconsistent explicit inverse metadata
2026-08-10T08:34:14.0854249Z 
2026-08-10T08:34:14.0854267Z 
2026-08-10T08:34:14.0854501Z [Survived] ConditionalExpression
2026-08-10T08:34:14.0854786Z src/relationship-validator.ts:545:75
2026-08-10T08:34:14.0855482Z -         ...asArray(definition?.inverse_of).filter((item): item is string => typeof item === "string"),
2026-08-10T08:34:14.0856086Z +         ...asArray(definition?.inverse_of).filter((item): item is string => false),
2026-08-10T08:34:14.0856260Z Tests ran:
2026-08-10T08:34:14.0856702Z     relationship validation rejects inconsistent explicit inverse metadata
2026-08-10T08:34:14.0856726Z 
2026-08-10T08:34:14.0856735Z 
2026-08-10T08:34:14.0857738Z [Survived] EqualityOperator
2026-08-10T08:34:14.0858050Z src/relationship-validator.ts:545:75
2026-08-10T08:34:14.0858719Z -         ...asArray(definition?.inverse_of).filter((item): item is string => typeof item === "string"),
2026-08-10T08:34:14.0859635Z +         ...asArray(definition?.inverse_of).filter((item): item is string => typeof item !== "string"),
2026-08-10T08:34:14.0859832Z Tests ran:
2026-08-10T08:34:14.0860319Z     relationship validation rejects inconsistent explicit inverse metadata
2026-08-10T08:34:14.0860340Z 
2026-08-10T08:34:14.0860348Z 
2026-08-10T08:34:14.0860639Z [Survived] ConditionalExpression
2026-08-10T08:34:14.0860947Z src/relationship-validator.ts:555:8
2026-08-10T08:34:14.0861455Z -         (explicitInverse.data.strength !== relationship.data.strength ||
2026-08-10T08:34:14.0862314Z -           explicitInverse.data.confidence !== relationship.data.confidence)
2026-08-10T08:34:14.0862486Z +         (true)
2026-08-10T08:34:14.0862643Z Tests ran:
2026-08-10T08:34:14.0863091Z     relationship validation rejects inconsistent explicit inverse metadata
2026-08-10T08:34:14.0863107Z 
2026-08-10T08:34:14.0863116Z 
2026-08-10T08:34:14.0863380Z [Survived] ConditionalExpression
2026-08-10T08:34:14.0863654Z src/relationship-validator.ts:599:7
2026-08-10T08:34:14.0864048Z -         left.predicate.localeCompare(right.predicate) ||
2026-08-10T08:34:14.0864508Z -         left.nodes.join("|").localeCompare(right.nodes.join("|")),
2026-08-10T08:34:14.0864675Z +         true,
2026-08-10T08:34:14.0864823Z Tests ran:
2026-08-10T08:34:14.0865234Z     relationship validation applies predicate-specific cycle policy
2026-08-10T08:34:14.0865249Z 
2026-08-10T08:34:14.0865257Z 
2026-08-10T08:34:14.0865517Z [Survived] ConditionalExpression
2026-08-10T08:34:14.0865792Z src/relationship-validator.ts:599:7
2026-08-10T08:34:14.0866200Z -         left.predicate.localeCompare(right.predicate) ||
2026-08-10T08:34:14.0866675Z -         left.nodes.join("|").localeCompare(right.nodes.join("|")),
2026-08-10T08:34:14.0866836Z +         false,
2026-08-10T08:34:14.0867459Z Tests ran:
2026-08-10T08:34:14.0867879Z     relationship validation applies predicate-specific cycle policy
2026-08-10T08:34:14.0867894Z 
2026-08-10T08:34:14.0867907Z 
2026-08-10T08:34:14.0868127Z [Survived] LogicalOperator
2026-08-10T08:34:14.0868388Z src/relationship-validator.ts:599:7
2026-08-10T08:34:14.0868772Z -         left.predicate.localeCompare(right.predicate) ||
2026-08-10T08:34:14.0869182Z -         left.nodes.join("|").localeCompare(right.nodes.join("|")),
2026-08-10T08:34:14.0870032Z +         left.predicate.localeCompare(right.predicate) && left.nodes.join("|").localeCompare(right.nodes.join("|")),
2026-08-10T08:34:14.0870207Z Tests ran:
2026-08-10T08:34:14.0870644Z     relationship validation applies predicate-specific cycle policy
2026-08-10T08:34:14.0870698Z 
2026-08-10T08:34:14.0870707Z 
2026-08-10T08:34:14.0870931Z [Survived] UnaryOperator
2026-08-10T08:34:14.0871221Z src/relationship-validator.ts:637:32
2026-08-10T08:34:14.0871521Z -     const cycle = nodes.slice(0, -1);
2026-08-10T08:34:14.0871788Z +     const cycle = nodes.slice(0, +1);
2026-08-10T08:34:14.0871943Z Tests ran:
2026-08-10T08:34:14.0872525Z     relationship validation rejects prohibited self-relations and endpoint type violations
2026-08-10T08:34:14.0872950Z     relationship validation applies predicate-specific cycle policy
2026-08-10T08:34:14.0873561Z     relationship validation blocks inferential quality impacts and causal quality-taxonomy edges
2026-08-10T08:34:14.0873579Z 
2026-08-10T08:34:14.0873587Z 
2026-08-10T08:34:14.0873790Z [Survived] LogicalOperator
2026-08-10T08:34:14.0874069Z src/relationship-validator.ts:640:18
2026-08-10T08:34:14.0874365Z -     const chosen = rotations[0] ?? cycle;
2026-08-10T08:34:14.0874649Z +     const chosen = rotations[0] && cycle;
2026-08-10T08:34:14.0874810Z Tests ran:
2026-08-10T08:34:14.0875388Z     relationship validation rejects prohibited self-relations and endpoint type violations
2026-08-10T08:34:14.0875829Z     relationship validation applies predicate-specific cycle policy
2026-08-10T08:34:14.0876413Z     relationship validation blocks inferential quality impacts and causal quality-taxonomy edges
2026-08-10T08:34:14.0876441Z 
2026-08-10T08:34:14.0876449Z 
2026-08-10T08:34:14.0876901Z [Survived] LogicalOperator
2026-08-10T08:34:14.0877929Z src/relationship-validator.ts:641:22
2026-08-10T08:34:14.0878227Z -     return [...chosen, chosen[0] ?? ""];
2026-08-10T08:34:14.0878508Z +     return [...chosen, chosen[0] && ""];
2026-08-10T08:34:14.0878670Z Tests ran:
2026-08-10T08:34:14.0879226Z     relationship validation rejects prohibited self-relations and endpoint type violations
2026-08-10T08:34:14.0879667Z     relationship validation applies predicate-specific cycle policy
2026-08-10T08:34:14.0880551Z     relationship validation blocks inferential quality impacts and causal quality-taxonomy edges
2026-08-10T08:34:14.0880572Z 
2026-08-10T08:34:14.0880581Z 
2026-08-10T08:34:14.0880814Z [NoCoverage] BooleanLiteral
2026-08-10T08:34:14.0881123Z src/security-claim-validator.ts:84:35
2026-08-10T08:34:14.0881421Z -     if (expected.size === 0) return false;
2026-08-10T08:34:14.0881694Z +     if (expected.size === 0) return true;
2026-08-10T08:34:14.0881710Z 
2026-08-10T08:34:14.0881911Z [NoCoverage] BlockStatement
2026-08-10T08:34:14.0882195Z src/security-claim-validator.ts:129:40
2026-08-10T08:34:14.0882498Z -         if (!isPlainObject(implication)) {
2026-08-10T08:34:14.0882681Z -           continue;
2026-08-10T08:34:14.0882834Z -         }
2026-08-10T08:34:14.0883142Z +         if (!isPlainObject(implication)) {}
2026-08-10T08:34:14.0883160Z 
2026-08-10T08:34:14.0883363Z [NoCoverage] UnaryOperator
2026-08-10T08:34:14.0883652Z src/security-claim-validator.ts:207:93
2026-08-10T08:34:14.0884338Z -           const conceptStatusRank = lifecycleRank.get(asString(concept.data.status) ?? "") ?? -1;
2026-08-10T08:34:14.0885039Z +           const conceptStatusRank = lifecycleRank.get(asString(concept.data.status) ?? "") ?? +1;
2026-08-10T08:34:14.0885057Z 
2026-08-10T08:34:14.0885270Z [NoCoverage] UnaryOperator
2026-08-10T08:34:14.0885575Z src/security-claim-validator.ts:208:89
2026-08-10T08:34:14.0886220Z -           const claimStatusRank = lifecycleRank.get(asString(claim.data.status) ?? "") ?? -1;
2026-08-10T08:34:14.0886834Z +           const claimStatusRank = lifecycleRank.get(asString(claim.data.status) ?? "") ?? +1;
2026-08-10T08:34:14.0886852Z 
2026-08-10T08:34:14.0887305Z [NoCoverage] BlockStatement
2026-08-10T08:34:14.0887608Z src/security-claim-validator.ts:267:67
2026-08-10T08:34:14.0888080Z -             if (conceptDomain && !sourceDomains.has(conceptDomain)) {
2026-08-10T08:34:14.0888337Z -               diagnostics.push(
2026-08-10T08:34:14.0888527Z -                 diagnostic(
2026-08-10T08:34:14.0889114Z -                   "SECURITY_SOURCE_SCOPE",
2026-08-10T08:34:14.0889269Z -                   "error",
2026-08-10T08:34:14.0889455Z -                   concept.path,
2026-08-10T08:34:14.0890134Z -                   `Security claim '${claimId}' source '${sourceId}' does not admit the target concept domain '${conceptDomain}'.`,
2026-08-10T08:34:14.0890270Z -                 ),
2026-08-10T08:34:14.0890400Z -               );
2026-08-10T08:34:14.0890515Z -             }
2026-08-10T08:34:14.0890867Z +             if (conceptDomain && !sourceDomains.has(conceptDomain)) {}
2026-08-10T08:34:14.0890878Z 
2026-08-10T08:34:14.0891026Z [NoCoverage] UnaryOperator
2026-08-10T08:34:14.0891258Z src/security-claim-validator.ts:396:66
2026-08-10T08:34:14.0891650Z -           (lifecycleRank.get(asString(claim.data.status) ?? "") ?? -1) < 2
2026-08-10T08:34:14.0892026Z +           (lifecycleRank.get(asString(claim.data.status) ?? "") ?? +1) < 2
2026-08-10T08:34:14.0892038Z 
2026-08-10T08:34:14.0892194Z [Survived] LogicalOperator
2026-08-10T08:34:14.0892438Z src/security-claim-validator.ts:144:106
2026-08-10T08:34:14.0893208Z -               `Structured security guidance containing protocol force must use 'normative-control', not '${kind ?? "missing"}'.`,
2026-08-10T08:34:14.0894082Z +               `Structured security guidance containing protocol force must use 'normative-control', not '${kind && "missing"}'.`,
2026-08-10T08:34:14.0894231Z Tests ran:
2026-08-10T08:34:14.0894829Z     security claim binding rejects protocol force hidden under security-risk
2026-08-10T08:34:14.0895308Z     security claim binding rejects protocol force hidden under implementation-observation
2026-08-10T08:34:14.0895798Z     security claim binding rejects protocol force hidden under an operational recommendation
2026-08-10T08:34:14.0895810Z 
2026-08-10T08:34:14.0895818Z 
2026-08-10T08:34:14.0895979Z [Survived] LogicalOperator
2026-08-10T08:34:14.0896212Z src/security-claim-validator.ts:179:45
2026-08-10T08:34:14.0901359Z -                 `Security implication kind '${kind ?? "missing"}' binds normative claim '${claimId}' and must use 'normative-control'.`,
2026-08-10T08:34:14.0902466Z +                 `Security implication kind '${kind && "missing"}' binds normative claim '${claimId}' and must use 'normative-control'.`,
2026-08-10T08:34:14.0902610Z Tests ran:
2026-08-10T08:34:14.0903168Z     security claim binding rejects security-risk with normative claim despite non-uppercase prose
2026-08-10T08:34:14.0903842Z     security claim binding rejects implementation-observation with normative claim despite non-uppercase prose
2026-08-10T08:34:14.0904490Z     security claim binding rejects an operational recommendation binding a normative claim with neutral prose
2026-08-10T08:34:14.0904646Z   and 1 more test!
2026-08-10T08:34:14.0904659Z 
2026-08-10T08:34:14.0904668Z 
2026-08-10T08:34:14.0904862Z [Survived] LogicalOperator
2026-08-10T08:34:14.0905144Z src/security-claim-validator.ts:292:129
2026-08-10T08:34:14.0906197Z -                   `Normative control claim '${claimId}' must be a direct, normalized, or directly sourced synthesis claim, not '${claimType ?? "missing"}'.`,
2026-08-10T08:34:14.0907636Z +                   `Normative control claim '${claimId}' must be a direct, normalized, or directly sourced synthesis claim, not '${claimType && "missing"}'.`,
2026-08-10T08:34:14.0907788Z Tests ran:
2026-08-10T08:34:14.0908301Z     security claim binding rejects a recommendation projected as a protocol-level MUST NOT
2026-08-10T08:34:14.0908315Z 
2026-08-10T08:34:14.0908332Z 
2026-08-10T08:34:14.0908515Z [Survived] LogicalOperator
2026-08-10T08:34:14.0908777Z src/security-claim-validator.ts:321:120
2026-08-10T08:34:14.0909781Z -                   `Normative statement and implication for claim '${claimId}' must express exactly its declared force '${declaredForce ?? "missing"}'.`,
2026-08-10T08:34:14.0910786Z +                   `Normative statement and implication for claim '${claimId}' must express exactly its declared force '${declaredForce && "missing"}'.`,
2026-08-10T08:34:14.0911015Z Tests ran:
2026-08-10T08:34:14.0911552Z     security claim binding rejects a claim force weakened while its MUST statement remains
2026-08-10T08:34:14.0912043Z     security claim binding rejects a claim force stronger than its SHOULD statement
2026-08-10T08:34:14.0912062Z 
2026-08-10T08:34:14.0912070Z 
2026-08-10T08:34:14.0912352Z Ran 0.90 tests per mutant on average.
2026-08-10T08:34:14.0913217Z -------------------------------|------------------|----------|-----------|------------|----------|----------|
2026-08-10T08:34:14.0913667Z                                | % Mutation score |          |           |            |          |          |
2026-08-10T08:34:14.0914336Z File                           |  total | covered | # killed | # timeout | # survived | # no cov | # errors |
2026-08-10T08:34:14.0914976Z -------------------------------|--------|---------|----------|-----------|------------|----------|----------|
2026-08-10T08:34:14.0915546Z All files                      |  90.78 |   93.81 |     1095 |       284 |         91 |       49 |        0 |
2026-08-10T08:34:14.0916118Z  claim-derivation-validator.ts |  95.06 |   95.06 |      119 |        35 |          8 |        0 |        0 |
2026-08-10T08:34:14.0916650Z  evidence-validator.ts         |  92.35 |   92.90 |      131 |        26 |         12 |        1 |        0 |
2026-08-10T08:34:14.0917798Z  id-validator.ts               |  96.72 |   98.33 |      119 |        58 |          3 |        3 |        0 |
2026-08-10T08:34:14.0918595Z  lifecycle-validator.ts        |  93.75 |   95.54 |      112 |        38 |          7 |        3 |        0 |
2026-08-10T08:34:14.0919123Z  markdown-validator.ts         |  74.74 |   87.12 |      125 |        17 |         21 |       27 |        0 |
2026-08-10T08:34:14.0919697Z  relationship-validator.ts     |  89.10 |   91.09 |      304 |        64 |         36 |        9 |        0 |
2026-08-10T08:34:14.0920368Z  security-claim-validator.ts   |  95.85 |   98.30 |      185 |        46 |          4 |        6 |        0 |
2026-08-10T08:34:14.0921298Z -------------------------------|--------|---------|----------|-----------|------------|----------|----------|
2026-08-10T08:34:14.0922666Z [32m08:34:14 (2144) INFO MutationTestReportHelper[39m Final mutation score of 90.78 is greater than or equal to break threshold 60
2026-08-10T08:34:14.0924340Z [32m08:34:14 (2144) INFO JsonReporter[39m Your report can be found at: file:///home/runner/work/architecture-knowledge/architecture-knowledge/.tmp/mutation-legacy.json
2026-08-10T08:34:14.0925387Z [32m08:34:14 (2144) INFO MutationTestExecutor[39m Done in 37 minutes and 2 seconds.
2026-08-10T08:34:14.3702392Z ##[group]Run pnpm test:mutation:graph
2026-08-10T08:34:14.3702749Z [36;1mpnpm test:mutation:graph[0m
2026-08-10T08:34:14.3747627Z shell: /usr/bin/bash -e {0}
2026-08-10T08:34:14.3747887Z env:
2026-08-10T08:34:14.3748149Z   PNPM_HOME: /home/runner/setup-pnpm/node_modules/.bin
2026-08-10T08:34:14.3748467Z ##[endgroup]
2026-08-10T08:34:14.6821730Z 
2026-08-10T08:34:14.6823436Z > architecture-knowledge-system@0.2.0 test:mutation:graph /home/runner/work/architecture-knowledge/architecture-knowledge
2026-08-10T08:34:14.6825188Z > stryker run stryker.graph.config.json
2026-08-10T08:34:14.6825890Z 
2026-08-10T08:34:16.0683152Z [32m08:34:16 (10118) INFO ProjectReader[39m Found 3 of 320 file(s) to be mutated.
2026-08-10T08:34:16.5696715Z [32m08:34:16 (10118) INFO Instrumenter[39m Instrumented 3 source file(s) with 1875 mutant(s)
2026-08-10T08:34:16.9382028Z [32m08:34:16 (10118) INFO ConcurrencyTokenProvider[39m Creating 2 test runner process(es).
2026-08-10T08:34:17.5519807Z [32m08:34:17 (10118) INFO BroadcastReporter[39m Detected that current console does not support the "progress" reporter, downgrading to "progress-append-only" reporter
2026-08-10T08:34:18.7528105Z [32m08:34:18 (10118) INFO DryRunExecutor[39m Starting initial test run (vitest test runner with "perTest" coverage analysis). This may take a while.
2026-08-10T08:34:25.5001625Z [32m08:34:25 (10118) INFO DryRunExecutor[39m Initial test run succeeded. Ran 155 tests in 6 seconds (net 1902.4637340000058 ms, overhead 4827.536265999994 ms).
2026-08-10T08:34:25.5170012Z [33m08:34:25 (10118) WARN MutantTestPlanner[39m Detected 208 static mutants (19% of total) that are estimated to take 52% of the time running the tests!
2026-08-10T08:34:25.5172009Z   You might want to enable "ignoreStatic" to ignore these static mutants for your next run. 
2026-08-10T08:34:25.5174057Z   For more information about static mutants visit: https://stryker-mutator.io/docs/mutation-testing-elements/static-mutants
2026-08-10T08:34:25.5176698Z   (disable "warnings.slow" to ignore this warning)
2026-08-10T08:34:35.5176559Z Mutation testing 0% (elapsed: <1m, remaining: ~1h 40m) 42/1113 tested (1 survived, 0 timed out)
2026-08-10T08:34:45.5192552Z Mutation testing 0% (elapsed: <1m, remaining: ~1h 28m) 59/1113 tested (2 survived, 0 timed out)
2026-08-10T08:34:55.5218604Z Mutation testing 1% (elapsed: <1m, remaining: ~26m) 69/1113 tested (2 survived, 0 timed out)
2026-08-10T08:35:05.5208724Z Mutation testing 2% (elapsed: <1m, remaining: ~22m) 78/1113 tested (2 survived, 0 timed out)
2026-08-10T08:35:15.5248676Z Mutation testing 3% (elapsed: <1m, remaining: ~21m) 85/1113 tested (2 survived, 0 timed out)
2026-08-10T08:35:25.5240778Z Mutation testing 4% (elapsed: ~1m, remaining: ~19m) 93/1113 tested (3 survived, 0 timed out)
2026-08-10T08:35:35.5250116Z Mutation testing 6% (elapsed: ~1m, remaining: ~17m) 104/1113 tested (4 survived, 0 timed out)
2026-08-10T08:35:45.5250357Z Mutation testing 7% (elapsed: ~1m, remaining: ~16m) 112/1113 tested (5 survived, 0 timed out)
2026-08-10T08:35:55.5271040Z Mutation testing 8% (elapsed: ~1m, remaining: ~16m) 122/1113 tested (5 survived, 0 timed out)
2026-08-10T08:36:05.5318734Z Mutation testing 9% (elapsed: ~1m, remaining: ~15m) 130/1113 tested (5 survived, 0 timed out)
2026-08-10T08:36:15.5318480Z Mutation testing 10% (elapsed: ~1m, remaining: ~15m) 139/1113 tested (5 survived, 0 timed out)
2026-08-10T08:36:25.5328750Z Mutation testing 12% (elapsed: ~2m, remaining: ~14m) 148/1113 tested (5 survived, 0 timed out)
2026-08-10T08:36:35.5338191Z Mutation testing 13% (elapsed: ~2m, remaining: ~14m) 158/1113 tested (5 survived, 0 timed out)
2026-08-10T08:36:45.5348610Z Mutation testing 14% (elapsed: ~2m, remaining: ~13m) 168/1113 tested (5 survived, 0 timed out)
2026-08-10T08:36:55.5370028Z Mutation testing 15% (elapsed: ~2m, remaining: ~13m) 177/1113 tested (5 survived, 0 timed out)
2026-08-10T08:37:05.5384025Z Mutation testing 17% (elapsed: ~2m, remaining: ~13m) 184/1113 tested (5 survived, 0 timed out)
2026-08-10T08:37:15.5390836Z Mutation testing 17% (elapsed: ~2m, remaining: ~12m) 191/1113 tested (5 survived, 0 timed out)
2026-08-10T08:37:25.5418435Z Mutation testing 18% (elapsed: ~3m, remaining: ~12m) 199/1113 tested (6 survived, 0 timed out)
2026-08-10T08:37:35.5425360Z Mutation testing 20% (elapsed: ~3m, remaining: ~12m) 208/1113 tested (7 survived, 0 timed out)
2026-08-10T08:37:45.5434252Z Mutation testing 21% (elapsed: ~3m, remaining: ~12m) 216/1113 tested (7 survived, 0 timed out)
2026-08-10T08:37:55.5458206Z Mutation testing 22% (elapsed: ~3m, remaining: ~12m) 224/1113 tested (7 survived, 0 timed out)
2026-08-10T08:38:05.5460095Z Mutation testing 23% (elapsed: ~3m, remaining: ~11m) 232/1113 tested (7 survived, 0 timed out)
2026-08-10T08:38:15.5470052Z Mutation testing 24% (elapsed: ~3m, remaining: ~11m) 239/1113 tested (8 survived, 0 timed out)
2026-08-10T08:38:25.5474863Z Mutation testing 25% (elapsed: ~4m, remaining: ~11m) 246/1113 tested (10 survived, 0 timed out)
2026-08-10T08:38:35.5490102Z Mutation testing 26% (elapsed: ~4m, remaining: ~11m) 254/1113 tested (11 survived, 0 timed out)
2026-08-10T08:38:45.5504937Z Mutation testing 27% (elapsed: ~4m, remaining: ~11m) 262/1113 tested (12 survived, 0 timed out)
2026-08-10T08:38:55.5508674Z Mutation testing 28% (elapsed: ~4m, remaining: ~11m) 270/1113 tested (12 survived, 0 timed out)
2026-08-10T08:39:05.5548548Z Mutation testing 29% (elapsed: ~4m, remaining: ~10m) 277/1113 tested (12 survived, 0 timed out)
2026-08-10T08:39:15.5550490Z Mutation testing 30% (elapsed: ~4m, remaining: ~10m) 285/1113 tested (12 survived, 0 timed out)
2026-08-10T08:39:25.5588309Z Mutation testing 31% (elapsed: ~5m, remaining: ~10m) 291/1113 tested (12 survived, 0 timed out)
2026-08-10T08:39:35.5573898Z Mutation testing 33% (elapsed: ~5m, remaining: ~10m) 299/1113 tested (12 survived, 0 timed out)
2026-08-10T08:39:45.5590938Z Mutation testing 34% (elapsed: ~5m, remaining: ~10m) 307/1113 tested (12 survived, 0 timed out)
2026-08-10T08:39:55.5595682Z Mutation testing 34% (elapsed: ~5m, remaining: ~10m) 314/1113 tested (14 survived, 0 timed out)
2026-08-10T08:40:05.5609783Z Mutation testing 35% (elapsed: ~5m, remaining: ~10m) 322/1113 tested (14 survived, 0 timed out)
2026-08-10T08:40:15.5614589Z Mutation testing 36% (elapsed: ~5m, remaining: ~10m) 328/1113 tested (16 survived, 0 timed out)
2026-08-10T08:40:25.5619982Z Mutation testing 37% (elapsed: ~6m, remaining: ~10m) 335/1113 tested (19 survived, 0 timed out)
2026-08-10T08:40:35.5638491Z Mutation testing 38% (elapsed: ~6m, remaining: ~9m) 342/1113 tested (23 survived, 0 timed out)
2026-08-10T08:40:45.5625528Z Mutation testing 39% (elapsed: ~6m, remaining: ~9m) 349/1113 tested (24 survived, 0 timed out)
2026-08-10T08:40:55.5639036Z Mutation testing 40% (elapsed: ~6m, remaining: ~9m) 356/1113 tested (24 survived, 0 timed out)
2026-08-10T08:41:05.5628914Z Mutation testing 41% (elapsed: ~6m, remaining: ~9m) 364/1113 tested (27 survived, 0 timed out)
2026-08-10T08:41:15.5638540Z Mutation testing 42% (elapsed: ~6m, remaining: ~9m) 373/1113 tested (30 survived, 0 timed out)
2026-08-10T08:41:25.5650213Z Mutation testing 43% (elapsed: ~7m, remaining: ~9m) 380/1113 tested (30 survived, 0 timed out)
2026-08-10T08:41:35.5670113Z Mutation testing 44% (elapsed: ~7m, remaining: ~9m) 386/1113 tested (32 survived, 0 timed out)
2026-08-10T08:41:45.5718503Z Mutation testing 45% (elapsed: ~7m, remaining: ~8m) 393/1113 tested (33 survived, 0 timed out)
2026-08-10T08:41:55.5705596Z Mutation testing 46% (elapsed: ~7m, remaining: ~8m) 401/1113 tested (33 survived, 0 timed out)
2026-08-10T08:42:05.5701341Z Mutation testing 46% (elapsed: ~7m, remaining: ~8m) 406/1113 tested (36 survived, 0 timed out)
2026-08-10T08:42:15.5720654Z Mutation testing 47% (elapsed: ~7m, remaining: ~8m) 419/1113 tested (38 survived, 0 timed out)
2026-08-10T08:42:25.5738756Z Mutation testing 47% (elapsed: ~8m, remaining: ~8m) 436/1113 tested (41 survived, 0 timed out)
2026-08-10T08:42:35.5752766Z Mutation testing 47% (elapsed: ~8m, remaining: ~9m) 455/1113 tested (57 survived, 0 timed out)
2026-08-10T08:42:45.5769614Z Mutation testing 47% (elapsed: ~8m, remaining: ~9m) 473/1113 tested (69 survived, 0 timed out)
2026-08-10T08:42:55.5751213Z Mutation testing 47% (elapsed: ~8m, remaining: ~9m) 491/1113 tested (79 survived, 0 timed out)
2026-08-10T08:43:05.5755362Z Mutation testing 47% (elapsed: ~8m, remaining: ~9m) 509/1113 tested (86 survived, 0 timed out)
2026-08-10T08:43:15.5758436Z Mutation testing 47% (elapsed: ~8m, remaining: ~9m) 527/1113 tested (98 survived, 0 timed out)
2026-08-10T08:43:25.5757739Z Mutation testing 47% (elapsed: ~9m, remaining: ~9m) 545/1113 tested (103 survived, 0 timed out)
2026-08-10T08:43:35.5756707Z Mutation testing 47% (elapsed: ~9m, remaining: ~10m) 563/1113 tested (111 survived, 0 timed out)
2026-08-10T08:43:45.5760630Z Mutation testing 47% (elapsed: ~9m, remaining: ~10m) 581/1113 tested (113 survived, 0 timed out)
2026-08-10T08:43:55.5760371Z Mutation testing 47% (elapsed: ~9m, remaining: ~10m) 599/1113 tested (113 survived, 0 timed out)
2026-08-10T08:44:05.5778767Z Mutation testing 47% (elapsed: ~9m, remaining: ~10m) 617/1113 tested (116 survived, 0 timed out)
2026-08-10T08:44:15.5765236Z Mutation testing 47% (elapsed: ~9m, remaining: ~10m) 635/1113 tested (117 survived, 0 timed out)
2026-08-10T08:44:25.5778747Z Mutation testing 47% (elapsed: ~10m, remaining: ~11m) 652/1113 tested (117 survived, 0 timed out)
2026-08-10T08:44:35.5770103Z Mutation testing 47% (elapsed: ~10m, remaining: ~11m) 669/1113 tested (118 survived, 0 timed out)
2026-08-10T08:44:45.5778113Z Mutation testing 47% (elapsed: ~10m, remaining: ~11m) 688/1113 tested (119 survived, 2 timed out)
2026-08-10T08:44:55.5786245Z Mutation testing 47% (elapsed: ~10m, remaining: ~11m) 705/1113 tested (122 survived, 2 timed out)
2026-08-10T08:45:05.5785665Z Mutation testing 47% (elapsed: ~10m, remaining: ~11m) 723/1113 tested (126 survived, 2 timed out)
2026-08-10T08:45:15.5784489Z Mutation testing 47% (elapsed: ~10m, remaining: ~11m) 741/1113 tested (128 survived, 2 timed out)
2026-08-10T08:45:25.5791049Z Mutation testing 47% (elapsed: ~11m, remaining: ~12m) 759/1113 tested (129 survived, 2 timed out)
2026-08-10T08:45:35.5801980Z Mutation testing 47% (elapsed: ~11m, remaining: ~12m) 777/1113 tested (130 survived, 2 timed out)
2026-08-10T08:45:45.5799567Z Mutation testing 47% (elapsed: ~11m, remaining: ~12m) 795/1113 tested (131 survived, 2 timed out)
2026-08-10T08:45:55.5800508Z Mutation testing 47% (elapsed: ~11m, remaining: ~12m) 813/1113 tested (132 survived, 2 timed out)
2026-08-10T08:46:05.5818627Z Mutation testing 47% (elapsed: ~11m, remaining: ~12m) 831/1113 tested (134 survived, 2 timed out)
2026-08-10T08:46:15.5828032Z Mutation testing 47% (elapsed: ~11m, remaining: ~12m) 849/1113 tested (134 survived, 2 timed out)
2026-08-10T08:46:25.5868557Z Mutation testing 47% (elapsed: ~12m, remaining: ~13m) 867/1113 tested (134 survived, 2 timed out)
2026-08-10T08:46:35.5880713Z Mutation testing 47% (elapsed: ~12m, remaining: ~13m) 885/1113 tested (134 survived, 2 timed out)
2026-08-10T08:46:45.5918719Z Mutation testing 47% (elapsed: ~12m, remaining: ~13m) 903/1113 tested (135 survived, 2 timed out)
2026-08-10T08:46:55.5918747Z Mutation testing 49% (elapsed: ~12m, remaining: ~12m) 912/1113 tested (135 survived, 2 timed out)
2026-08-10T08:47:05.5915126Z Mutation testing 51% (elapsed: ~12m, remaining: ~11m) 920/1113 tested (135 survived, 2 timed out)
2026-08-10T08:47:15.5940816Z Mutation testing 54% (elapsed: ~12m, remaining: ~10m) 930/1113 tested (135 survived, 2 timed out)
2026-08-10T08:47:25.5950089Z Mutation testing 55% (elapsed: ~13m, remaining: ~10m) 936/1113 tested (135 survived, 2 timed out)
2026-08-10T08:47:35.5958809Z Mutation testing 59% (elapsed: ~13m, remaining: ~9m) 950/1113 tested (135 survived, 2 timed out)
2026-08-10T08:47:45.5951599Z Mutation testing 59% (elapsed: ~13m, remaining: ~9m) 952/1113 tested (137 survived, 2 timed out)
2026-08-10T08:47:55.5965672Z Mutation testing 61% (elapsed: ~13m, remaining: ~8m) 960/1113 tested (137 survived, 2 timed out)
2026-08-10T08:48:05.5964968Z Mutation testing 64% (elapsed: ~13m, remaining: ~7m) 971/1113 tested (137 survived, 2 timed out)
2026-08-10T08:48:15.5971871Z Mutation testing 66% (elapsed: ~13m, remaining: ~6m) 981/1113 tested (138 survived, 2 timed out)
2026-08-10T08:48:25.5992081Z Mutation testing 70% (elapsed: ~14m, remaining: ~5m) 997/1113 tested (138 survived, 2 timed out)
2026-08-10T08:48:35.6032106Z Mutation testing 72% (elapsed: ~14m, remaining: ~5m) 1004/1113 tested (138 survived, 2 timed out)
2026-08-10T08:48:45.6028573Z Mutation testing 73% (elapsed: ~14m, remaining: ~5m) 1009/1113 tested (138 survived, 2 timed out)
2026-08-10T08:48:55.6038709Z Mutation testing 75% (elapsed: ~14m, remaining: ~4m) 1014/1113 tested (140 survived, 2 timed out)
2026-08-10T08:49:05.6020239Z Mutation testing 76% (elapsed: ~14m, remaining: ~4m) 1019/1113 tested (141 survived, 2 timed out)
2026-08-10T08:49:15.6019809Z Mutation testing 77% (elapsed: ~14m, remaining: ~4m) 1024/1113 tested (142 survived, 2 timed out)
2026-08-10T08:49:25.6040592Z Mutation testing 78% (elapsed: ~15m, remaining: ~4m) 1027/1113 tested (143 survived, 2 timed out)
2026-08-10T08:49:35.6429317Z Mutation testing 79% (elapsed: ~15m, remaining: ~3m) 1030/1113 tested (143 survived, 2 timed out)
2026-08-10T08:49:45.6060169Z Mutation testing 79% (elapsed: ~15m, remaining: ~3m) 1032/1113 tested (145 survived, 2 timed out)
2026-08-10T08:49:55.6075132Z Mutation testing 81% (elapsed: ~15m, remaining: ~3m) 1040/1113 tested (147 survived, 2 timed out)
2026-08-10T08:50:05.6108699Z Mutation testing 82% (elapsed: ~15m, remaining: ~3m) 1042/1113 tested (149 survived, 2 timed out)
2026-08-10T08:50:15.6104008Z Mutation testing 84% (elapsed: ~15m, remaining: ~2m) 1050/1113 tested (149 survived, 2 timed out)
2026-08-10T08:50:25.6128671Z Mutation testing 85% (elapsed: ~16m, remaining: ~2m) 1057/1113 tested (151 survived, 2 timed out)
2026-08-10T08:50:35.6120255Z Mutation testing 87% (elapsed: ~16m, remaining: ~2m) 1062/1113 tested (151 survived, 2 timed out)
2026-08-10T08:50:45.6161131Z Mutation testing 88% (elapsed: ~16m, remaining: ~2m) 1066/1113 tested (153 survived, 2 timed out)
2026-08-10T08:50:55.6138511Z Mutation testing 89% (elapsed: ~16m, remaining: ~1m) 1073/1113 tested (153 survived, 2 timed out)
2026-08-10T08:51:05.6132227Z Mutation testing 92% (elapsed: ~16m, remaining: ~1m) 1084/1113 tested (154 survived, 2 timed out)
2026-08-10T08:51:15.6139658Z Mutation testing 96% (elapsed: ~16m, remaining: <1m) 1098/1113 tested (154 survived, 2 timed out)
2026-08-10T08:51:25.6134539Z Mutation testing 98% (elapsed: ~17m, remaining: <1m) 1108/1113 tested (157 survived, 2 timed out)
2026-08-10T08:51:27.8254486Z 
2026-08-10T08:51:27.8259095Z All tests
2026-08-10T08:51:27.8259835Z   graph-artifacts.test.ts
2026-08-10T08:51:27.8261887Z     ✓ M4 graph validation and currentness writes all artifacts and proves byte-identical regeneration (killed 24)
2026-08-10T08:51:27.8264723Z     ✓ M4 graph validation and currentness detects a stale artifact without changing it (killed 14)
2026-08-10T08:51:27.8266308Z     ✓ M4 graph validation and currentness detects a missing artifact (killed 16)
2026-08-10T08:51:27.8268294Z     ✓ M4 graph validation and currentness loads committed artifacts using the versioned contract (killed 126)
2026-08-10T08:51:27.8270091Z     ✓ M4 graph validation and currentness rejects graph schema-version mismatch while loading (killed 16)
2026-08-10T08:51:27.8271825Z     ✓ M4 graph validation and currentness rejects a same-version artifact that is not current (killed 16)
2026-08-10T08:51:27.8273960Z     ✓ M4 graph validation and currentness detects duplicate nodes (killed 20)
2026-08-10T08:51:27.8275378Z     ✓ M4 graph validation and currentness detects duplicate edges (killed 15)
2026-08-10T08:51:27.8276842Z     ✓ M4 graph validation and currentness detects unresolved endpoints (killed 17)
2026-08-10T08:51:27.8278873Z     ✓ M4 graph validation and currentness detects traversable provenance edges (killed 15)
2026-08-10T08:51:27.8280644Z     ✓ M4 graph validation and currentness detects an excluded edge missing its explanation (killed 15)
2026-08-10T08:51:27.8304504Z     ✓ M4 graph validation and currentness detects a traversable edge violating repository policy (killed 18)
2026-08-10T08:51:27.8324582Z     ✓ M4 graph validation and currentness detects lost relationship conditions (killed 15)
2026-08-10T08:51:27.8332075Z     ✓ M4 graph validation and currentness detects lost semantic scope (killed 15)
2026-08-10T08:51:27.8338264Z     ✓ M4 graph validation and currentness detects lost claim evidence (killed 21)
2026-08-10T08:51:27.8339741Z     ✓ M4 graph validation and currentness detects lost exact source locators (killed 17)
2026-08-10T08:51:27.8341308Z     ✓ M4 graph validation and currentness detects graph/index count disagreement (killed 19)
2026-08-10T08:51:27.8344407Z     ✓ M4 graph validation and currentness detects altered authoritative index content (killed 19)
2026-08-10T08:51:27.8347758Z     ✓ M4 graph validation and currentness detects altered index identity field record_kind (killed 13)
2026-08-10T08:51:27.8349332Z     ✓ M4 graph validation and currentness detects altered index identity field source_path (killed 17)
2026-08-10T08:51:27.8350889Z     ✓ M4 graph validation and currentness detects missing and unknown index records (killed 16)
2026-08-10T08:51:27.8354197Z     ✓ M4 graph validation and currentness detects altered graph-node field family (killed 24)
2026-08-10T08:51:27.8355953Z     ✓ M4 graph validation and currentness detects altered graph-node field source_path (killed 14)
2026-08-10T08:51:27.8357970Z     ✓ M4 graph validation and currentness detects altered graph-node field status (killed 14)
2026-08-10T08:51:27.8359474Z     ✓ M4 graph validation and currentness detects altered graph-node field title (killed 14)
2026-08-10T08:51:27.8363553Z     ✓ M4 graph validation and currentness detects missing and unknown graph nodes (killed 21)
2026-08-10T08:51:27.8365363Z     ✓ M4 graph validation and currentness detects altered provenance-edge field family (killed 32)
2026-08-10T08:51:27.8367425Z     ✓ M4 graph validation and currentness detects altered provenance-edge field from (killed 14)
2026-08-10T08:51:27.8369081Z     ✓ M4 graph validation and currentness detects altered provenance-edge field to (killed 14)
2026-08-10T08:51:27.8370716Z     ✓ M4 graph validation and currentness detects altered provenance-edge field predicate (killed 14)
2026-08-10T08:51:27.8373972Z     ✓ M4 graph validation and currentness detects altered provenance-edge field direction (killed 14)
2026-08-10T08:51:27.8378848Z     ✓ M4 graph validation and currentness detects altered provenance-edge field traversable (killed 14)
2026-08-10T08:51:27.8395217Z     ✓ M4 graph validation and currentness detects altered provenance-edge field source_path (killed 14)
2026-08-10T08:51:27.8396912Z     ✓ M4 graph validation and currentness detects missing and unknown provenance edges (killed 16)
2026-08-10T08:51:27.8399143Z     ✓ M4 graph validation and currentness detects altered claim-evidence edge field family (killed 23)
2026-08-10T08:51:27.8400936Z     ✓ M4 graph validation and currentness detects altered claim-evidence edge field from (killed 14)
2026-08-10T08:51:27.8402550Z     ✓ M4 graph validation and currentness detects altered claim-evidence edge field to (killed 14)
2026-08-10T08:51:27.8404222Z     ✓ M4 graph validation and currentness detects altered claim-evidence edge field predicate (killed 14)
2026-08-10T08:51:27.8405911Z     ✓ M4 graph validation and currentness detects altered claim-evidence edge field source_ids (killed 14)
2026-08-10T08:51:27.8412921Z     ✓ M4 graph validation and currentness detects altered semantic relationship fidelity (killed 33)
2026-08-10T08:51:27.8437307Z     ✓ M4 graph validation and currentness detects altered semantic relationship field from (killed 16)
2026-08-10T08:51:27.8439582Z     ✓ M4 graph validation and currentness detects altered semantic relationship field to (killed 14)
2026-08-10T08:51:27.8441324Z     ✓ M4 graph validation and currentness detects altered semantic relationship field predicate (killed 13)
2026-08-10T08:51:27.8479145Z     ✓ M4 graph validation and currentness detects altered semantic relationship field direction (killed 14)
2026-08-10T08:51:27.8481935Z     ✓ M4 graph validation and currentness detects altered semantic relationship field status (killed 14)
2026-08-10T08:51:27.8483716Z     ✓ M4 graph validation and currentness detects altered semantic relationship field confidence (killed 14)
2026-08-10T08:51:27.8485479Z     ✓ M4 graph validation and currentness detects altered semantic relationship field strength (killed 14)
2026-08-10T08:51:27.8487441Z     ✓ M4 graph validation and currentness detects altered semantic relationship field source_path (killed 14)
2026-08-10T08:51:27.8489211Z     ✓ M4 graph validation and currentness detects altered semantic relationship field claim_ids (killed 14)
2026-08-10T08:51:27.8490948Z     ✓ M4 graph validation and currentness detects altered semantic relationship field source_ids (killed 14)
2026-08-10T08:51:27.8492765Z     ✓ M4 graph validation and currentness detects altered semantic relationship field source_locations (killed 14)
2026-08-10T08:51:27.8494396Z     ✓ M4 graph validation and currentness detects a missing applicability edge (killed 16)
2026-08-10T08:51:27.8495867Z     ✓ M4 graph validation and currentness detects forward adjacency disagreement (killed 20)
2026-08-10T08:51:27.8497643Z     ✓ M4 graph validation and currentness detects reverse adjacency disagreement (killed 14)
2026-08-10T08:51:27.8499207Z     ✓ M4 graph validation and currentness detects artifact contract-version mismatch (killed 18)
2026-08-10T08:51:27.8500794Z     ✓ M4 graph validation and currentness detects platform-dependent generated paths (killed 16)
2026-08-10T08:51:27.8502374Z     ✓ M4 graph validation and currentness keeps production graph references resolved (killed 157)
2026-08-10T08:51:27.8503439Z   graph-projection.test.ts
2026-08-10T08:51:27.8504709Z     ✓ M4 graph projection production contract projects every governed family exactly once (killed 13)
2026-08-10T08:51:27.8506403Z     ✓ M4 graph projection production contract preserves stable IDs and normalized paths (killed 13)
2026-08-10T08:51:27.8508616Z     ✓ M4 graph projection production contract projects current and previous human keys from the immutable ledger (killed 13)
2026-08-10T08:51:27.8510597Z     ✓ M4 graph projection production contract preserves structured concept qualifiers rather than flattening them (killed 13)
2026-08-10T08:51:27.8512897Z     ✓ M4 graph projection production contract preserves claim type, normative force, applicability, and exact locator (killed 13)
2026-08-10T08:51:27.8514800Z     ✓ M4 graph projection production contract keeps direct and derived claim provenance distinct (killed 15)
2026-08-10T08:51:27.8516703Z     ✓ M4 graph projection production contract makes concept-to-claim-to-source provenance directly traversable (killed 14)
2026-08-10T08:51:27.8519038Z     ✓ M4 graph projection production contract makes relationship-to-claim-to-source provenance directly traversable (killed 18)
2026-08-10T08:51:27.8520992Z     ✓ M4 graph projection production contract preserves relationship conditions and semantic scope (killed 14)
2026-08-10T08:51:27.8522741Z     ✓ M4 graph projection production contract preserves every explicit exclusion decision (killed 38)
2026-08-10T08:51:27.8524714Z     ✓ M4 graph projection production contract allows only production relationships that satisfy the M3 traversal contract (killed 13)
2026-08-10T08:51:27.8527590Z     ✓ M4 graph projection production contract partitions every production relationship into traversable or excluded exactly once (killed 13)
2026-08-10T08:51:27.8529810Z     ✓ M4 graph projection production contract projects each relationship once with original predicate and both adjacency views (killed 13)
2026-08-10T08:51:27.8531971Z     ✓ M4 graph projection production contract reports relationship-record, semantic-edge, adjacency, and provenance counts separately (killed 16)
2026-08-10T08:51:27.8534105Z     ✓ M4 graph projection production contract does not elevate any lifecycle state (killed 13)
2026-08-10T08:51:27.8535957Z     ✓ M4 graph projection production contract reports zero unresolved references and zero invalid orphans (killed 13)
2026-08-10T08:51:27.8538082Z     ✓ M4 graph projection production contract has a deterministic input-only fingerprint and no timestamp (killed 13)
2026-08-10T08:51:27.8539836Z     ✓ M4 graph projection production contract generates byte-identical artifacts twice (killed 13)
2026-08-10T08:51:27.8541653Z     ✓ M4 graph projection production contract passes the graph validator against the production repository (killed 16)
2026-08-10T08:51:27.8543546Z     ✓ M4 graph projection production contract fails closed for an explicitly excluded relationship (killed 13)
2026-08-10T08:51:27.8545326Z     ✓ M4 graph projection production contract fails closed when an eligible relationship is proposed (killed 16)
2026-08-10T08:51:27.8547515Z     ✓ M4 graph projection production contract fails closed when eligible evidence is not sourced (killed 17)
2026-08-10T08:51:27.8549468Z     ✓ M4 graph projection production contract fails closed when admitted source grounding is removed (killed 21)
2026-08-10T08:51:27.8551323Z     ✓ M4 graph projection production contract fails closed for malformed eligible relationship evidence 0 (killed 16)
2026-08-10T08:51:27.8553172Z     ✓ M4 graph projection production contract fails closed for malformed eligible relationship evidence 1 (killed 16)
2026-08-10T08:51:27.8555113Z     ✓ M4 graph projection production contract fails closed for malformed eligible relationship evidence 2 (killed 17)
2026-08-10T08:51:27.8557191Z     ✓ M4 graph projection production contract fails closed when an eligible evidence claim is not sourced (killed 13)
2026-08-10T08:51:27.8559086Z     ✓ M4 graph projection production contract fails closed for causal quality edges backed by inferential evidence (killed 18)
2026-08-10T08:51:27.8561024Z     ✓ M4 graph projection production contract fails closed for an ungrounded or cyclic derivation branch (killed 16)
2026-08-10T08:51:27.8562827Z     ✓ M4 graph projection production contract fails closed for a claim with no complete admitted grounding 0 (killed 16)
2026-08-10T08:51:27.8564834Z     ✓ M4 graph projection production contract fails closed for a claim with no complete admitted grounding 1 (killed 14)
2026-08-10T08:51:27.8566861Z     ✓ M4 graph projection production contract accepts a fully grounded eligible edge when its admitted source is restricted (killed 14)
2026-08-10T08:51:27.8568391Z   graph-query.test.ts
2026-08-10T08:51:27.8569342Z     ✓ M4 graph query engine gets every record family by stable ID (killed 20)
2026-08-10T08:51:27.8570783Z     ✓ M4 graph query engine resolves an exact current human key without fuzzy matching (killed 28)
2026-08-10T08:51:27.8572188Z     ✓ M4 graph query engine returns a deterministic unknown-ID diagnostic (killed 13)
2026-08-10T08:51:27.8573535Z     ✓ M4 graph query engine returns only traversal-eligible neighbors by default (killed 31)
2026-08-10T08:51:27.8574978Z     ✓ M4 graph query engine labels excluded neighbors only when explicitly included (killed 32)
2026-08-10T08:51:27.8576235Z     ✓ M4 graph query engine supports exact predicate filtering (killed 20)
2026-08-10T08:51:27.8577949Z     ✓ M4 graph query engine distinguishes outgoing and incoming inspection without inventing an inverse (killed 25)
2026-08-10T08:51:27.8579672Z     ✓ M4 graph query engine inspects symmetric edges from either endpoint without duplicating storage (killed 16)
2026-08-10T08:51:27.8581626Z     ✓ M4 graph query engine returns deterministic multi-hop paths with full edge provenance (killed 60)
2026-08-10T08:51:27.8583232Z     ✓ M4 graph query engine returns an empty result rather than a fabricated path (killed 15)
2026-08-10T08:51:27.8584406Z     ✓ M4 graph query engine enforces maximum depth (killed 20)
2026-08-10T08:51:27.8585600Z     ✓ M4 graph query engine rejects zero, non-integer, and above-hard-limit depths (killed 21)
2026-08-10T08:51:27.8587476Z     ✓ M4 graph query engine terminates cycles and never returns the start node twice (killed 16)
2026-08-10T08:51:27.8588951Z     ✓ M4 graph query engine never permits an excluded edge in traversable paths (killed 14)
2026-08-10T08:51:27.8590548Z     ✓ M4 graph query engine proves every excluded production relationship is absent from all default paths (killed 13)
2026-08-10T08:51:27.8592075Z     ✓ M4 graph query engine supports concept-type and domain traversal filters (killed 22)
2026-08-10T08:51:27.8593412Z     ✓ M4 graph query engine queries claims by semantic and evidence metadata (killed 42)
2026-08-10T08:51:27.8594835Z     ✓ M4 graph query engine keeps direct evidence, locators, and derived evidence separate (killed 18)
2026-08-10T08:51:27.8596300Z     ✓ M4 graph query engine explains both eligible and excluded relationship traversal (killed 20)
2026-08-10T08:51:27.8597970Z     ✓ M4 graph query engine finds reverse dependents without claiming inverse semantics (killed 23)
2026-08-10T08:51:27.8599404Z     ✓ M4 graph query engine filters every index using exact structured metadata (killed 32)
2026-08-10T08:51:27.8600754Z     ✓ M4 graph query engine rejects unsupported index filters deterministically (killed 16)
2026-08-10T08:51:27.8602133Z     ✓ M4 graph query engine executes a non-empty structured multi-constraint query (killed 72)
2026-08-10T08:51:27.8603545Z     ✓ M4 graph query engine applies type, domain, and status node filters conjunctively (killed 24)
2026-08-10T08:51:27.8605128Z     ✓ M4 graph query engine includes a governed excluded edge only when structured traversal opts out (killed 21)
2026-08-10T08:51:27.8606623Z     ✓ M4 graph query engine rejects unknown and non-concept structured targets (killed 22)
2026-08-10T08:51:27.8608246Z     ✓ M4 graph query engine does not ignore a mismatched structured relationship predicate (killed 18)
2026-08-10T08:51:27.8609776Z     ✓ M4 graph query engine reports an ambiguous exact title rather than selecting one record (killed 18)
2026-08-10T08:51:27.8611211Z     ✓ M4 graph query engine rejects a non-object relationship constraint (killed 15)
2026-08-10T08:51:27.8612488Z     ✓ M4 graph query engine rejects a non-object structured query (killed 15)
2026-08-10T08:51:27.8613867Z     ✓ M4 graph query engine does not reinterpret a directed structured constraint in reverse (killed 16)
2026-08-10T08:51:27.8615481Z     ✓ M4 graph query engine matches a governed symmetric structured constraint from either endpoint (killed 29)
2026-08-10T08:51:27.8617087Z     ✓ M4 graph query engine explains a correct empty structured result (killed 13)
2026-08-10T08:51:27.8618355Z     ✓ M4 graph query engine rejects malformed structured constraints (killed 16)
2026-08-10T08:51:27.8619815Z     ✓ M4 graph query engine rejects unsupported structured query shapes instead of broadening them (killed 37)
2026-08-10T08:51:27.8621351Z     ✓ M4 graph query engine uses the stable query envelope for all successful queries (killed 13)
2026-08-10T08:51:27.8622332Z   retrieval-currentness.test.ts
2026-08-10T08:51:27.8623748Z     ✓ M5 generation identity and database manifest changes generation identity across repository and embedding contracts (killed 13)
2026-08-10T08:51:27.8625844Z     ✓ M5 generation identity and database manifest binds the row root to generation, metadata, citations, content, and vector contract (killed 13)
2026-08-10T08:51:27.8628180Z     ✓ M5 generation identity and database manifest fails closed for every active-generation contract mismatch and row-root tampering (killed 13)
2026-08-10T08:51:27.8629701Z   retrieval-evaluation.test.ts
2026-08-10T08:51:27.8630811Z     ✘ M5 retrieval evaluation validates a meaningful draft benchmark with a holdout (covered 0)
2026-08-10T08:51:27.8632486Z     ✘ M5 retrieval evaluation calculates rank, no-answer, citation, locator, and leakage gates deterministically (covered 0)
2026-08-10T08:51:27.8634236Z     ✓ M5 retrieval evaluation fails every safety gate for fabricated, uncited, excluded-path output (killed 3)
2026-08-10T08:51:27.8635276Z   retrieval-query.test.ts
2026-08-10T08:51:27.8636507Z     ✓ M5 query contract and ranking fails closed for malformed and excessive requests (killed 13)
2026-08-10T08:51:27.8638152Z     ✓ M5 query contract and ranking normalizes defaults and exact filter arrays (killed 13)
2026-08-10T08:51:27.8639876Z     ✓ M5 query contract and ranking accepts package-manager separators, --text, positional text, and rejects CLI conflicts (killed 13)
2026-08-10T08:51:27.8641833Z     ✓ M5 query contract and ranking uses weighted reciprocal ranks and deterministic ID ties without mixing raw scores (killed 13)
2026-08-10T08:51:27.8643395Z     ✓ M5 query contract and ranking boosts exact stable IDs and exact titles (killed 13)
2026-08-10T08:51:27.8644966Z     ✓ M5 query contract and ranking enforces token, unit, and per-concept budgets without truncating a claim (killed 13)
2026-08-10T08:51:27.8646609Z     ✓ M5 query contract and ranking expands only M4 traversable directed and symmetric edges (killed 17)
2026-08-10T08:51:27.8648551Z     ✓ M5 query contract and ranking applies graph penalties and every RRF contribution with descending score order (killed 13)
2026-08-10T08:51:27.8650386Z     ✓ M5 query contract and ranking labels explicit lexical fallback instead of silently claiming hybrid (killed 13)
2026-08-10T08:51:27.8652194Z     ✓ M5 query contract and ranking expands hybrid-graph candidates through the governed store path only (killed 13)
2026-08-10T08:51:27.8653820Z     ✓ M5 query contract and ranking keeps injection text in PostgreSQL parameters (killed 13)
2026-08-10T08:51:27.8654804Z   retrieval-units.test.ts
2026-08-10T08:51:27.8656032Z     ✓ M5 deterministic retrieval units generates every required family with stable unique IDs (killed 13)
2026-08-10T08:51:27.8657932Z     ✓ M5 deterministic retrieval units keeps claims atomic and preserves exact evidence locators (killed 13)
2026-08-10T08:51:27.8659742Z     ✓ M5 deterministic retrieval units preserves relationship conditions, strength, and traversal exclusions (killed 13)
2026-08-10T08:51:27.8661432Z     ✓ M5 deterministic retrieval units is byte deterministic (killed 13)
2026-08-10T08:51:27.8663118Z     ✓ M5 deterministic retrieval units changes content and manifest hashes without changing semantic unit identity (killed 13)
2026-08-10T08:51:27.8664828Z     ✓ M5 deterministic retrieval units splits oversized semantic text deterministically without random overlap (killed 13)
2026-08-10T08:51:27.8666507Z     ✓ M5 deterministic retrieval units rejects graph artifacts without a governed input fingerprint (killed 13)
2026-08-10T08:51:27.8727519Z     ✓ M5 deterministic retrieval units detects missing and stale committed artifacts (killed 13)
2026-08-10T08:51:27.8787383Z 
2026-08-10T08:51:27.8807648Z [NoCoverage] BlockStatement
2026-08-10T08:51:27.8809413Z src/graph-artifacts.ts:64:21
2026-08-10T08:51:27.8867636Z -       } catch (error) {
2026-08-10T08:51:27.8927659Z -         throw new Error(
2026-08-10T08:51:27.8947976Z -           `GRAPH_ARTIFACT_READ ${relative}: ${error instanceof Error ? error.message : String(error)}`,
2026-08-10T08:51:27.8986227Z -         );
2026-08-10T08:51:27.9077654Z -       }
2026-08-10T08:51:27.9103139Z +       } catch (error) {}
2026-08-10T08:51:27.9115875Z 
2026-08-10T08:51:27.9116285Z [NoCoverage] BlockStatement
2026-08-10T08:51:27.9121955Z src/graph-artifacts.ts:152:43
2026-08-10T08:51:27.9122804Z -       if (new Set(ids).size !== ids.length) {
2026-08-10T08:51:27.9123835Z -         add("GRAPH_DUPLICATE_INDEX_ID", `generated/indexes/${family}s.json`, family);
2026-08-10T08:51:27.9124983Z -       }
2026-08-10T08:51:27.9125665Z +       if (new Set(ids).size !== ids.length) {}
2026-08-10T08:51:27.9126131Z 
2026-08-10T08:51:27.9126469Z [NoCoverage] BlockStatement
2026-08-10T08:51:27.9127469Z src/graph-artifacts.ts:162:25
2026-08-10T08:51:27.9128087Z -       if (!isSorted(ids)) {
2026-08-10T08:51:27.9129021Z -         add("GRAPH_NONDETERMINISTIC_ORDER", `generated/indexes/${family}s.json`, family);
2026-08-10T08:51:27.9129838Z -       }
2026-08-10T08:51:27.9130357Z +       if (!isSorted(ids)) {}
2026-08-10T08:51:27.9130976Z 
2026-08-10T08:51:27.9131342Z [NoCoverage] BlockStatement
2026-08-10T08:51:27.9131937Z src/graph-artifacts.ts:287:72
2026-08-10T08:51:27.9132766Z -         if (!edgeById.has(`edge:claim-derived:${claim.id}:${parentId}`)) {
2026-08-10T08:51:27.9133846Z -           add("GRAPH_DERIVATION_MISSING", claim.path, `${claim.id} -> ${parentId}`);
2026-08-10T08:51:27.9134633Z -         }
2026-08-10T08:51:27.9135393Z +         if (!edgeById.has(`edge:claim-derived:${claim.id}:${parentId}`)) {}
2026-08-10T08:51:27.9136444Z 
2026-08-10T08:51:27.9136832Z [NoCoverage] BlockStatement
2026-08-10T08:51:27.9137937Z src/graph-artifacts.ts:301:16
2026-08-10T08:51:27.9138511Z -       if (!edge) {
2026-08-10T08:51:27.9139334Z -         add("GRAPH_RELATIONSHIP_EDGE_MISSING", relationship.path, relationship.id);
2026-08-10T08:51:27.9140194Z -         continue;
2026-08-10T08:51:27.9140908Z -       }
2026-08-10T08:51:27.9197746Z +       if (!edge) {}
2026-08-10T08:51:27.9219699Z 
2026-08-10T08:51:27.9220555Z [NoCoverage] BlockStatement
2026-08-10T08:51:27.9221221Z src/graph-artifacts.ts:345:83
2026-08-10T08:51:27.9222183Z -         if (!edgeById.has(`edge:relationship-claim:${relationship.id}:${claimId}`)) {
2026-08-10T08:51:27.9223422Z -           add("GRAPH_RELATIONSHIP_EVIDENCE_MISSING", relationship.path, claimId);
2026-08-10T08:51:27.9224279Z -         }
2026-08-10T08:51:27.9225183Z +         if (!edgeById.has(`edge:relationship-claim:${relationship.id}:${claimId}`)) {}
2026-08-10T08:51:27.9225936Z 
2026-08-10T08:51:27.9226299Z [NoCoverage] BlockStatement
2026-08-10T08:51:27.9227110Z src/graph-artifacts.ts:364:60
2026-08-10T08:51:27.9228005Z -     if (artifacts.manifest.unresolved_reference_count !== 0) {
2026-08-10T08:51:27.9229196Z -       add("GRAPH_MANIFEST_UNRESOLVED", "generated/graph/manifest.json", "must be zero");
2026-08-10T08:51:27.9235549Z -     }
2026-08-10T08:51:27.9236358Z +     if (artifacts.manifest.unresolved_reference_count !== 0) {}
2026-08-10T08:51:27.9237296Z 
2026-08-10T08:51:27.9237728Z [NoCoverage] BlockStatement
2026-08-10T08:51:27.9238399Z src/graph-artifacts.ts:371:13
2026-08-10T08:51:27.9239023Z -       } catch {
2026-08-10T08:51:27.9239767Z -         add("GRAPH_ARTIFACT_JSON", relative, "invalid JSON");
2026-08-10T08:51:27.9240572Z -         continue;
2026-08-10T08:51:27.9241150Z -       }
2026-08-10T08:51:27.9241750Z +       } catch {}
2026-08-10T08:51:27.9242157Z 
2026-08-10T08:51:27.9242574Z [NoCoverage] BlockStatement
2026-08-10T08:51:27.9243281Z src/graph-artifacts.ts:385:28
2026-08-10T08:51:27.9244031Z -     if (missingRelationship) {
2026-08-10T08:51:27.9244686Z -       add(
2026-08-10T08:51:27.9245389Z -         "GRAPH_INDEX_UNKNOWN_RELATIONSHIP",
2026-08-10T08:51:27.9246242Z -         missingRelationship.source_path,
2026-08-10T08:51:27.9247284Z -         missingRelationship.id,
2026-08-10T08:51:27.9247966Z -       );
2026-08-10T08:51:27.9248472Z -     }
2026-08-10T08:51:27.9249042Z +     if (missingRelationship) {}
2026-08-10T08:51:27.9249538Z 
2026-08-10T08:51:27.9249926Z [NoCoverage] BlockStatement
2026-08-10T08:51:27.9250589Z src/graph-artifacts.ts:516:18
2026-08-10T08:51:27.9251205Z -     if (!contents) {
2026-08-10T08:51:27.9252060Z -       add("GRAPH_ADJACENCY_MISSING", relative, "artifact missing");
2026-08-10T08:51:27.9252867Z -       return;
2026-08-10T08:51:27.9253400Z -     }
2026-08-10T08:51:27.9253972Z +     if (!contents) {}
2026-08-10T08:51:27.9254416Z 
2026-08-10T08:51:27.9255330Z [Survived] ConditionalExpression
2026-08-10T08:51:27.9256066Z src/graph-artifacts.ts:49:11
2026-08-10T08:51:27.9256824Z -         if (code !== "ENOENT") throw error;
2026-08-10T08:51:27.9257885Z +         if (false) throw error;
2026-08-10T08:51:27.9258502Z Tests ran:
2026-08-10T08:51:27.9259264Z     M4 graph validation and currentness detects a missing artifact
2026-08-10T08:51:27.9259951Z 
2026-08-10T08:51:27.9260157Z 
2026-08-10T08:51:27.9260685Z [Survived] ConditionalExpression
2026-08-10T08:51:27.9261445Z src/graph-artifacts.ts:69:9
2026-08-10T08:51:27.9262443Z -       if (!isPlainObject(value))
2026-08-10T08:51:27.9263170Z +       if (false)
2026-08-10T08:51:27.9263729Z Tests ran:
2026-08-10T08:51:27.9264685Z     M4 graph validation and currentness loads committed artifacts using the versioned contract
2026-08-10T08:51:27.9266056Z     M4 graph validation and currentness rejects graph schema-version mismatch while loading
2026-08-10T08:51:27.9267650Z     M4 graph validation and currentness rejects a same-version artifact that is not current
2026-08-10T08:51:27.9268537Z 
2026-08-10T08:51:27.9268729Z 
2026-08-10T08:51:27.9269178Z [Survived] ConditionalExpression
2026-08-10T08:51:27.9269890Z src/graph-artifacts.ts:152:9
2026-08-10T08:51:27.9270638Z -       if (new Set(ids).size !== ids.length) {
2026-08-10T08:51:27.9271353Z +       if (false) {
2026-08-10T08:51:27.9271878Z Tests ran:
2026-08-10T08:51:27.9272574Z     M4 graph validation and currentness detects duplicate nodes
2026-08-10T08:51:27.9274057Z     M4 graph validation and currentness detects duplicate edges
2026-08-10T08:51:27.9275075Z     M4 graph validation and currentness detects unresolved endpoints
2026-08-10T08:51:27.9275890Z   and 49 more tests!
2026-08-10T08:51:27.9276299Z 
2026-08-10T08:51:27.9276543Z 
2026-08-10T08:51:27.9277221Z [Survived] ConditionalExpression
2026-08-10T08:51:27.9277995Z src/graph-artifacts.ts:162:9
2026-08-10T08:51:27.9278667Z -       if (!isSorted(ids)) {
2026-08-10T08:51:27.9279296Z +       if (false) {
2026-08-10T08:51:27.9279824Z Tests ran:
2026-08-10T08:51:27.9280544Z     M4 graph validation and currentness detects duplicate nodes
2026-08-10T08:51:27.9281522Z     M4 graph validation and currentness detects duplicate edges
2026-08-10T08:51:27.9282523Z     M4 graph validation and currentness detects unresolved endpoints
2026-08-10T08:51:27.9283402Z   and 49 more tests!
2026-08-10T08:51:27.9283772Z 
2026-08-10T08:51:27.9283924Z 
2026-08-10T08:51:27.9284330Z [Survived] ConditionalExpression
2026-08-10T08:51:27.9285014Z src/graph-artifacts.ts:191:9
2026-08-10T08:51:27.9285840Z -           indexed.record_kind !== record.recordKind ||
2026-08-10T08:51:27.9286701Z +           false ||
2026-08-10T08:51:27.9287468Z Tests ran:
2026-08-10T08:51:27.9288176Z     M4 graph validation and currentness detects duplicate nodes
2026-08-10T08:51:27.9289141Z     M4 graph validation and currentness detects duplicate edges
2026-08-10T08:51:27.9290153Z     M4 graph validation and currentness detects unresolved endpoints
2026-08-10T08:51:27.9290957Z   and 49 more tests!
2026-08-10T08:51:27.9291364Z 
2026-08-10T08:51:27.9291535Z 
2026-08-10T08:51:27.9291952Z [Survived] ConditionalExpression
2026-08-10T08:51:27.9292672Z src/graph-artifacts.ts:261:9
2026-08-10T08:51:27.9293706Z -       if (!claimNodeIds.has(claim.id)) add("GRAPH_CLAIM_MISSING", claim.path, claim.id);
2026-08-10T08:51:27.9294927Z +       if (false) add("GRAPH_CLAIM_MISSING", claim.path, claim.id);
2026-08-10T08:51:27.9295677Z Tests ran:
2026-08-10T08:51:27.9296370Z     M4 graph validation and currentness detects duplicate nodes
2026-08-10T08:51:27.9297904Z     M4 graph validation and currentness detects duplicate edges
2026-08-10T08:51:27.9299047Z     M4 graph validation and currentness detects unresolved endpoints
2026-08-10T08:51:27.9299927Z   and 49 more tests!
2026-08-10T08:51:27.9300337Z 
2026-08-10T08:51:27.9300507Z 
2026-08-10T08:51:27.9300936Z [Survived] ConditionalExpression
2026-08-10T08:51:27.9301654Z src/graph-artifacts.ts:263:11
2026-08-10T08:51:27.9303151Z -         if (!sourceNodeIds.has(sourceId)) add("GRAPH_SOURCE_REFERENCE", claim.path, sourceId);
2026-08-10T08:51:27.9304337Z +         if (false) add("GRAPH_SOURCE_REFERENCE", claim.path, sourceId);
2026-08-10T08:51:27.9305144Z Tests ran:
2026-08-10T08:51:27.9305915Z     M4 graph validation and currentness detects duplicate nodes
2026-08-10T08:51:27.9307166Z     M4 graph validation and currentness detects duplicate edges
2026-08-10T08:51:27.9308364Z     M4 graph validation and currentness detects unresolved endpoints
2026-08-10T08:51:27.9309264Z   and 49 more tests!
2026-08-10T08:51:27.9309693Z 
2026-08-10T08:51:27.9310078Z 
2026-08-10T08:51:27.9310479Z [Survived] BlockStatement
2026-08-10T08:51:27.9311133Z src/graph-artifacts.ts:285:75
2026-08-10T08:51:27.9312166Z -       for (const parentId of asStringArray(claim.data.derived_from_claims)) {
2026-08-10T08:51:27.9314595Z -         if (!claimNodeIds.has(parentId)) add("GRAPH_CLAIM_REFERENCE", claim.path, parentId);
2026-08-10T08:51:27.9315721Z -         if (!edgeById.has(`edge:claim-derived:${claim.id}:${parentId}`)) {
2026-08-10T08:51:27.9316912Z -           add("GRAPH_DERIVATION_MISSING", claim.path, `${claim.id} -> ${parentId}`);
2026-08-10T08:51:27.9318248Z -         }
2026-08-10T08:51:27.9318746Z -       }
2026-08-10T08:51:27.9319610Z +       for (const parentId of asStringArray(claim.data.derived_from_claims)) {}
2026-08-10T08:51:27.9320471Z Tests ran:
2026-08-10T08:51:27.9321500Z     M4 graph validation and currentness detects duplicate nodes
2026-08-10T08:51:27.9322511Z     M4 graph validation and currentness detects duplicate edges
2026-08-10T08:51:27.9323551Z     M4 graph validation and currentness detects unresolved endpoints
2026-08-10T08:51:27.9324380Z   and 49 more tests!
2026-08-10T08:51:27.9324798Z 
2026-08-10T08:51:27.9324966Z 
2026-08-10T08:51:27.9325393Z [Survived] ConditionalExpression
2026-08-10T08:51:27.9326108Z src/graph-artifacts.ts:286:11
2026-08-10T08:51:27.9327422Z -         if (!claimNodeIds.has(parentId)) add("GRAPH_CLAIM_REFERENCE", claim.path, parentId);
2026-08-10T08:51:27.9329011Z +         if (false) add("GRAPH_CLAIM_REFERENCE", claim.path, parentId);
2026-08-10T08:51:27.9329771Z Tests ran:
2026-08-10T08:51:27.9330491Z     M4 graph validation and currentness detects duplicate nodes
2026-08-10T08:51:27.9331492Z     M4 graph validation and currentness detects duplicate edges
2026-08-10T08:51:27.9332482Z     M4 graph validation and currentness detects unresolved endpoints
2026-08-10T08:51:27.9333288Z   and 49 more tests!
2026-08-10T08:51:27.9333701Z 
2026-08-10T08:51:27.9333866Z 
2026-08-10T08:51:27.9334288Z [Survived] ConditionalExpression
2026-08-10T08:51:27.9334989Z src/graph-artifacts.ts:287:11
2026-08-10T08:51:27.9335927Z -         if (!edgeById.has(`edge:claim-derived:${claim.id}:${parentId}`)) {
2026-08-10T08:51:27.9336794Z +         if (false) {
2026-08-10T08:51:27.9337612Z Tests ran:
2026-08-10T08:51:27.9338333Z     M4 graph validation and currentness detects duplicate nodes
2026-08-10T08:51:27.9339273Z     M4 graph validation and currentness detects duplicate edges
2026-08-10T08:51:27.9340268Z     M4 graph validation and currentness detects unresolved endpoints
2026-08-10T08:51:27.9341045Z   and 49 more tests!
2026-08-10T08:51:27.9341439Z 
2026-08-10T08:51:27.9341600Z 
2026-08-10T08:51:27.9342009Z [Survived] ConditionalExpression
2026-08-10T08:51:27.9342693Z src/graph-artifacts.ts:292:11
2026-08-10T08:51:27.9343803Z -         if (!conceptNodeIds.has(conceptId)) add("GRAPH_CONCEPT_REFERENCE", claim.path, conceptId);
2026-08-10T08:51:27.9345057Z +         if (false) add("GRAPH_CONCEPT_REFERENCE", claim.path, conceptId);
2026-08-10T08:51:27.9345831Z Tests ran:
2026-08-10T08:51:27.9346541Z     M4 graph validation and currentness detects duplicate nodes
2026-08-10T08:51:27.9347693Z     M4 graph validation and currentness detects duplicate edges
2026-08-10T08:51:27.9348655Z     M4 graph validation and currentness detects unresolved endpoints
2026-08-10T08:51:27.9349455Z   and 49 more tests!
2026-08-10T08:51:27.9349891Z 
2026-08-10T08:51:27.9350367Z 
2026-08-10T08:51:27.9350841Z [Survived] ConditionalExpression
2026-08-10T08:51:27.9351599Z src/graph-artifacts.ts:301:9
2026-08-10T08:51:27.9352238Z -       if (!edge) {
2026-08-10T08:51:27.9352851Z +       if (false) {
2026-08-10T08:51:27.9353449Z Tests ran:
2026-08-10T08:51:27.9354235Z     M4 graph validation and currentness detects duplicate nodes
2026-08-10T08:51:27.9355248Z     M4 graph validation and currentness detects duplicate edges
2026-08-10T08:51:27.9356311Z     M4 graph validation and currentness detects unresolved endpoints
2026-08-10T08:51:27.9357521Z   and 49 more tests!
2026-08-10T08:51:27.9358157Z 
2026-08-10T08:51:27.9358361Z 
2026-08-10T08:51:27.9358808Z [Survived] ConditionalExpression
2026-08-10T08:51:27.9359508Z src/graph-artifacts.ts:330:9
2026-08-10T08:51:27.9360434Z -       if (edge.traversal_exclusion_reason !== expectedDecision.reason) {
2026-08-10T08:51:27.9361359Z +       if (false) {
2026-08-10T08:51:27.9361881Z Tests ran:
2026-08-10T08:51:27.9362518Z     M4 graph validation and currentness detects duplicate nodes
2026-08-10T08:51:27.9363390Z     M4 graph validation and currentness detects duplicate edges
2026-08-10T08:51:27.9364374Z     M4 graph validation and currentness detects unresolved endpoints
2026-08-10T08:51:27.9365161Z   and 49 more tests!
2026-08-10T08:51:27.9365555Z 
2026-08-10T08:51:27.9365709Z 
2026-08-10T08:51:27.9366061Z [Survived] BlockStatement
2026-08-10T08:51:27.9366700Z src/graph-artifacts.ts:330:70
2026-08-10T08:51:27.9367890Z -       if (edge.traversal_exclusion_reason !== expectedDecision.reason) {
2026-08-10T08:51:27.9369121Z -         add("GRAPH_TRAVERSAL_EXPLANATION", relationship.path, relationship.id);
2026-08-10T08:51:27.9369983Z -       }
2026-08-10T08:51:27.9370820Z +       if (edge.traversal_exclusion_reason !== expectedDecision.reason) {}
2026-08-10T08:51:27.9371619Z Tests ran:
2026-08-10T08:51:27.9372487Z     M4 graph validation and currentness detects an excluded edge missing its explanation
2026-08-10T08:51:27.9373243Z 
2026-08-10T08:51:27.9373410Z 
2026-08-10T08:51:27.9373773Z [Survived] BlockStatement
2026-08-10T08:51:27.9374370Z src/graph-artifacts.ts:342:70
2026-08-10T08:51:27.9375311Z -       for (const claimId of asStringArray(relationship.data.evidence)) {
2026-08-10T08:51:27.9376261Z -         if (!claimNodeIds.has(claimId))
2026-08-10T08:51:27.9377487Z -           add("GRAPH_RELATIONSHIP_CLAIM_REFERENCE", relationship.path, claimId);
2026-08-10T08:51:27.9378880Z -         if (!edgeById.has(`edge:relationship-claim:${relationship.id}:${claimId}`)) {
2026-08-10T08:51:27.9380146Z -           add("GRAPH_RELATIONSHIP_EVIDENCE_MISSING", relationship.path, claimId);
2026-08-10T08:51:27.9380979Z -         }
2026-08-10T08:51:27.9381455Z -       }
2026-08-10T08:51:27.9382280Z +       for (const claimId of asStringArray(relationship.data.evidence)) {}
2026-08-10T08:51:27.9383090Z Tests ran:
2026-08-10T08:51:27.9383770Z     M4 graph validation and currentness detects duplicate nodes
2026-08-10T08:51:27.9384700Z     M4 graph validation and currentness detects duplicate edges
2026-08-10T08:51:27.9385674Z     M4 graph validation and currentness detects unresolved endpoints
2026-08-10T08:51:27.9386453Z   and 49 more tests!
2026-08-10T08:51:27.9386830Z 
2026-08-10T08:51:27.9387308Z 
2026-08-10T08:51:27.9387744Z [Survived] ConditionalExpression
2026-08-10T08:51:27.9388435Z src/graph-artifacts.ts:343:11
2026-08-10T08:51:27.9389155Z -         if (!claimNodeIds.has(claimId))
2026-08-10T08:51:27.9389819Z +         if (false)
2026-08-10T08:51:27.9390342Z Tests ran:
2026-08-10T08:51:27.9391041Z     M4 graph validation and currentness detects duplicate nodes
2026-08-10T08:51:27.9392007Z     M4 graph validation and currentness detects duplicate edges
2026-08-10T08:51:27.9392985Z     M4 graph validation and currentness detects unresolved endpoints
2026-08-10T08:51:27.9393780Z   and 49 more tests!
2026-08-10T08:51:27.9394164Z 
2026-08-10T08:51:27.9394319Z 
2026-08-10T08:51:27.9394726Z [Survived] ConditionalExpression
2026-08-10T08:51:27.9395409Z src/graph-artifacts.ts:345:11
2026-08-10T08:51:27.9396681Z -         if (!edgeById.has(`edge:relationship-claim:${relationship.id}:${claimId}`)) {
2026-08-10T08:51:27.9397846Z +         if (false) {
2026-08-10T08:51:27.9398406Z Tests ran:
2026-08-10T08:51:27.9399104Z     M4 graph validation and currentness detects duplicate nodes
2026-08-10T08:51:27.9400051Z     M4 graph validation and currentness detects duplicate edges
2026-08-10T08:51:27.9401020Z     M4 graph validation and currentness detects unresolved endpoints
2026-08-10T08:51:27.9401804Z   and 49 more tests!
2026-08-10T08:51:27.9402190Z 
2026-08-10T08:51:27.9402353Z 
2026-08-10T08:51:27.9402943Z [Survived] ConditionalExpression
2026-08-10T08:51:27.9403643Z src/graph-artifacts.ts:355:7
2026-08-10T08:51:27.9404436Z -     if (artifacts.nodes.length !== expectedNodes) {
2026-08-10T08:51:27.9405153Z +     if (false) {
2026-08-10T08:51:27.9405646Z Tests ran:
2026-08-10T08:51:27.9406326Z     M4 graph validation and currentness detects duplicate nodes
2026-08-10T08:51:27.9407512Z     M4 graph validation and currentness detects duplicate edges
2026-08-10T08:51:27.9408493Z     M4 graph validation and currentness detects unresolved endpoints
2026-08-10T08:51:27.9409268Z   and 49 more tests!
2026-08-10T08:51:27.9409660Z 
2026-08-10T08:51:27.9409813Z 
2026-08-10T08:51:27.9410161Z [Survived] BlockStatement
2026-08-10T08:51:27.9410785Z src/graph-artifacts.ts:355:49
2026-08-10T08:51:27.9411580Z -     if (artifacts.nodes.length !== expectedNodes) {
2026-08-10T08:51:27.9412769Z -       add("GRAPH_NODE_COUNT", "generated/graph/manifest.json", String(artifacts.nodes.length));
2026-08-10T08:51:27.9413701Z -     }
2026-08-10T08:51:27.9414384Z +     if (artifacts.nodes.length !== expectedNodes) {}
2026-08-10T08:51:27.9415063Z Tests ran:
2026-08-10T08:51:27.9415749Z     M4 graph validation and currentness detects duplicate nodes
2026-08-10T08:51:27.9416793Z     M4 graph validation and currentness detects missing and unknown graph nodes
2026-08-10T08:51:27.9417716Z 
2026-08-10T08:51:27.9417894Z 
2026-08-10T08:51:27.9418308Z [Survived] ConditionalExpression
2026-08-10T08:51:27.9418985Z src/graph-artifacts.ts:358:7
2026-08-10T08:51:27.9419902Z -     if (artifacts.manifest.total_nodes !== artifacts.nodes.length) {
2026-08-10T08:51:27.9420729Z +     if (false) {
2026-08-10T08:51:27.9421242Z Tests ran:
2026-08-10T08:51:27.9421935Z     M4 graph validation and currentness detects duplicate nodes
2026-08-10T08:51:27.9422881Z     M4 graph validation and currentness detects duplicate edges
2026-08-10T08:51:27.9423859Z     M4 graph validation and currentness detects unresolved endpoints
2026-08-10T08:51:27.9424654Z   and 49 more tests!
2026-08-10T08:51:27.9425047Z 
2026-08-10T08:51:27.9425201Z 
2026-08-10T08:51:27.9425550Z [Survived] BlockStatement
2026-08-10T08:51:27.9426178Z src/graph-artifacts.ts:358:66
2026-08-10T08:51:27.9427288Z -     if (artifacts.manifest.total_nodes !== artifacts.nodes.length) {
2026-08-10T08:51:27.9428599Z -       add("GRAPH_MANIFEST_NODE_COUNT", "generated/graph/manifest.json", "count disagreement");
2026-08-10T08:51:27.9429532Z -     }
2026-08-10T08:51:27.9430339Z +     if (artifacts.manifest.total_nodes !== artifacts.nodes.length) {}
2026-08-10T08:51:27.9431135Z Tests ran:
2026-08-10T08:51:27.9431829Z     M4 graph validation and currentness detects duplicate nodes
2026-08-10T08:51:27.9432880Z     M4 graph validation and currentness detects missing and unknown graph nodes
2026-08-10T08:51:27.9433576Z 
2026-08-10T08:51:27.9433734Z 
2026-08-10T08:51:27.9434137Z [Survived] ConditionalExpression
2026-08-10T08:51:27.9434823Z src/graph-artifacts.ts:361:7
2026-08-10T08:51:27.9435739Z -     if (artifacts.manifest.total_edges !== artifacts.edges.length) {
2026-08-10T08:51:27.9436562Z +     if (false) {
2026-08-10T08:51:27.9437276Z Tests ran:
2026-08-10T08:51:27.9437993Z     M4 graph validation and currentness detects duplicate nodes
2026-08-10T08:51:27.9438947Z     M4 graph validation and currentness detects duplicate edges
2026-08-10T08:51:27.9439923Z     M4 graph validation and currentness detects unresolved endpoints
2026-08-10T08:51:27.9440929Z   and 49 more tests!
2026-08-10T08:51:27.9441319Z 
2026-08-10T08:51:27.9441477Z 
2026-08-10T08:51:27.9441826Z [Survived] BlockStatement
2026-08-10T08:51:27.9442461Z src/graph-artifacts.ts:361:66
2026-08-10T08:51:27.9443377Z -     if (artifacts.manifest.total_edges !== artifacts.edges.length) {
2026-08-10T08:51:27.9444678Z -       add("GRAPH_MANIFEST_EDGE_COUNT", "generated/graph/manifest.json", "count disagreement");
2026-08-10T08:51:27.9445586Z -     }
2026-08-10T08:51:27.9446363Z +     if (artifacts.manifest.total_edges !== artifacts.edges.length) {}
2026-08-10T08:51:27.9447668Z Tests ran:
2026-08-10T08:51:27.9448476Z     M4 graph validation and currentness detects duplicate edges
2026-08-10T08:51:27.9449482Z     M4 graph validation and currentness detects lost claim evidence
2026-08-10T08:51:27.9450592Z     M4 graph validation and currentness detects missing and unknown provenance edges
2026-08-10T08:51:27.9451479Z   and 1 more test!
2026-08-10T08:51:27.9451878Z 
2026-08-10T08:51:27.9452034Z 
2026-08-10T08:51:27.9452445Z [Survived] ConditionalExpression
2026-08-10T08:51:27.9453125Z src/graph-artifacts.ts:364:7
2026-08-10T08:51:27.9454000Z -     if (artifacts.manifest.unresolved_reference_count !== 0) {
2026-08-10T08:51:27.9454810Z +     if (false) {
2026-08-10T08:51:27.9455317Z Tests ran:
2026-08-10T08:51:27.9456028Z     M4 graph validation and currentness detects duplicate nodes
2026-08-10T08:51:27.9457217Z     M4 graph validation and currentness detects duplicate edges
2026-08-10T08:51:27.9458432Z     M4 graph validation and currentness detects unresolved endpoints
2026-08-10T08:51:27.9459290Z   and 49 more tests!
2026-08-10T08:51:27.9459736Z 
2026-08-10T08:51:27.9459910Z 
2026-08-10T08:51:27.9460346Z [Survived] ConditionalExpression
2026-08-10T08:51:27.9461193Z src/graph-artifacts.ts:395:7
2026-08-10T08:51:27.9461934Z -         left.code.localeCompare(right.code) ||
2026-08-10T08:51:27.9462782Z -         left.path.localeCompare(right.path) ||
2026-08-10T08:51:27.9463683Z -         left.message.localeCompare(right.message),
2026-08-10T08:51:27.9464388Z +         true,
2026-08-10T08:51:27.9464861Z Tests ran:
2026-08-10T08:51:27.9465502Z     M4 graph validation and currentness detects duplicate nodes
2026-08-10T08:51:27.9466401Z     M4 graph validation and currentness detects duplicate edges
2026-08-10T08:51:27.9467601Z     M4 graph validation and currentness detects unresolved endpoints
2026-08-10T08:51:27.9468496Z   and 20 more tests!
2026-08-10T08:51:27.9468896Z 
2026-08-10T08:51:27.9469053Z 
2026-08-10T08:51:27.9469491Z [Survived] ConditionalExpression
2026-08-10T08:51:27.9470208Z src/graph-artifacts.ts:385:7
2026-08-10T08:51:27.9470883Z -     if (missingRelationship) {
2026-08-10T08:51:27.9471498Z +     if (false) {
2026-08-10T08:51:27.9471995Z Tests ran:
2026-08-10T08:51:27.9472674Z     M4 graph validation and currentness detects duplicate nodes
2026-08-10T08:51:27.9473611Z     M4 graph validation and currentness detects duplicate edges
2026-08-10T08:51:27.9474574Z     M4 graph validation and currentness detects unresolved endpoints
2026-08-10T08:51:27.9475341Z   and 49 more tests!
2026-08-10T08:51:27.9475740Z 
2026-08-10T08:51:27.9475908Z 
2026-08-10T08:51:27.9476323Z [Survived] ConditionalExpression
2026-08-10T08:51:27.9477220Z src/graph-artifacts.ts:395:7
2026-08-10T08:51:27.9477953Z -         left.code.localeCompare(right.code) ||
2026-08-10T08:51:27.9478725Z -         left.path.localeCompare(right.path) ||
2026-08-10T08:51:27.9479506Z -         left.message.localeCompare(right.message),
2026-08-10T08:51:27.9480156Z +         false,
2026-08-10T08:51:27.9480637Z Tests ran:
2026-08-10T08:51:27.9481291Z     M4 graph validation and currentness detects duplicate nodes
2026-08-10T08:51:27.9482182Z     M4 graph validation and currentness detects duplicate edges
2026-08-10T08:51:27.9483106Z     M4 graph validation and currentness detects unresolved endpoints
2026-08-10T08:51:27.9483824Z   and 20 more tests!
2026-08-10T08:51:27.9484183Z 
2026-08-10T08:51:27.9484576Z 
2026-08-10T08:51:27.9484926Z [Survived] LogicalOperator
2026-08-10T08:51:27.9485525Z src/graph-artifacts.ts:395:7
2026-08-10T08:51:27.9486289Z -         left.code.localeCompare(right.code) ||
2026-08-10T08:51:27.9487479Z -         left.path.localeCompare(right.path) ||
2026-08-10T08:51:27.9488385Z -         left.message.localeCompare(right.message),
2026-08-10T08:51:27.9489882Z +         (left.code.localeCompare(right.code) || left.path.localeCompare(right.path)) && left.message.localeCompare(right.message),
2026-08-10T08:51:27.9491036Z Tests ran:
2026-08-10T08:51:27.9491942Z     M4 graph validation and currentness detects duplicate nodes
2026-08-10T08:51:27.9492932Z     M4 graph validation and currentness detects duplicate edges
2026-08-10T08:51:27.9493910Z     M4 graph validation and currentness detects unresolved endpoints
2026-08-10T08:51:27.9494705Z   and 20 more tests!
2026-08-10T08:51:27.9495093Z 
2026-08-10T08:51:27.9495252Z 
2026-08-10T08:51:27.9495680Z [Survived] ConditionalExpression
2026-08-10T08:51:27.9496268Z src/graph-artifacts.ts:395:7
2026-08-10T08:51:27.9496846Z -         left.code.localeCompare(right.code) ||
2026-08-10T08:51:27.9497884Z -         left.path.localeCompare(right.path) ||
2026-08-10T08:51:27.9498398Z +         false ||
2026-08-10T08:51:27.9498724Z Tests ran:
2026-08-10T08:51:27.9499252Z     M4 graph validation and currentness detects duplicate nodes
2026-08-10T08:51:27.9500034Z     M4 graph validation and currentness detects duplicate edges
2026-08-10T08:51:27.9500831Z     M4 graph validation and currentness detects unresolved endpoints
2026-08-10T08:51:27.9501434Z   and 20 more tests!
2026-08-10T08:51:27.9501657Z 
2026-08-10T08:51:27.9501665Z 
2026-08-10T08:51:27.9501858Z [Survived] LogicalOperator
2026-08-10T08:51:27.9502303Z src/graph-artifacts.ts:395:7
2026-08-10T08:51:27.9502863Z -         left.code.localeCompare(right.code) ||
2026-08-10T08:51:27.9503507Z -         left.path.localeCompare(right.path) ||
2026-08-10T08:51:27.9504415Z +         left.code.localeCompare(right.code) && left.path.localeCompare(right.path) ||
2026-08-10T08:51:27.9505129Z Tests ran:
2026-08-10T08:51:27.9505629Z     M4 graph validation and currentness detects duplicate nodes
2026-08-10T08:51:27.9506382Z     M4 graph validation and currentness detects duplicate edges
2026-08-10T08:51:27.9507497Z     M4 graph validation and currentness detects unresolved endpoints
2026-08-10T08:51:27.9508104Z   and 20 more tests!
2026-08-10T08:51:27.9508313Z 
2026-08-10T08:51:27.9508321Z 
2026-08-10T08:51:27.9508558Z [Survived] ConditionalExpression
2026-08-10T08:51:27.9509029Z src/graph-artifacts.ts:488:9
2026-08-10T08:51:27.9509514Z -       if (visited.has(claimId)) return;
2026-08-10T08:51:27.9509918Z +       if (false) return;
2026-08-10T08:51:27.9510225Z Tests ran:
2026-08-10T08:51:27.9510721Z     M4 graph validation and currentness detects duplicate nodes
2026-08-10T08:51:27.9511469Z     M4 graph validation and currentness detects duplicate edges
2026-08-10T08:51:27.9512235Z     M4 graph validation and currentness detects unresolved endpoints
2026-08-10T08:51:27.9512819Z   and 49 more tests!
2026-08-10T08:51:27.9513033Z 
2026-08-10T08:51:27.9513042Z 
2026-08-10T08:51:27.9513279Z [Survived] ConditionalExpression
2026-08-10T08:51:27.9513756Z src/graph-artifacts.ts:491:9
2026-08-10T08:51:27.9514185Z -       if (!claim) return;
2026-08-10T08:51:27.9514601Z +       if (false) return;
2026-08-10T08:51:27.9514976Z Tests ran:
2026-08-10T08:51:27.9515459Z     M4 graph validation and currentness detects duplicate nodes
2026-08-10T08:51:27.9516224Z     M4 graph validation and currentness detects duplicate edges
2026-08-10T08:51:27.9523157Z     M4 graph validation and currentness detects unresolved endpoints
2026-08-10T08:51:27.9523856Z   and 49 more tests!
2026-08-10T08:51:27.9524094Z 
2026-08-10T08:51:27.9524104Z 
2026-08-10T08:51:27.9524375Z [Survived] ConditionalExpression
2026-08-10T08:51:27.9524896Z src/graph-artifacts.ts:516:7
2026-08-10T08:51:27.9525359Z -     if (!contents) {
2026-08-10T08:51:27.9526004Z +     if (false) {
2026-08-10T08:51:27.9526354Z Tests ran:
2026-08-10T08:51:27.9526893Z     M4 graph validation and currentness detects duplicate nodes
2026-08-10T08:51:27.9528090Z     M4 graph validation and currentness detects duplicate edges
2026-08-10T08:51:27.9528888Z     M4 graph validation and currentness detects unresolved endpoints
2026-08-10T08:51:27.9529470Z   and 49 more tests!
2026-08-10T08:51:27.9529690Z 
2026-08-10T08:51:27.9529707Z 
2026-08-10T08:51:27.9529950Z [Survived] ConditionalExpression
2026-08-10T08:51:27.9530438Z src/graph-artifacts.ts:539:23
2026-08-10T08:51:27.9531452Z -       (value, index) => index === 0 || (values[index - 1] ?? "").localeCompare(value) <= 0,
2026-08-10T08:51:27.9532228Z +       (value, index) => true,
2026-08-10T08:51:27.9532635Z Tests ran:
2026-08-10T08:51:27.9533169Z     M4 graph validation and currentness detects duplicate nodes
2026-08-10T08:51:27.9533944Z     M4 graph validation and currentness detects duplicate edges
2026-08-10T08:51:27.9534754Z     M4 graph validation and currentness detects unresolved endpoints
2026-08-10T08:51:27.9535385Z   and 49 more tests!
2026-08-10T08:51:27.9535617Z 
2026-08-10T08:51:27.9535626Z 
2026-08-10T08:51:27.9535876Z [Survived] ConditionalExpression
2026-08-10T08:51:27.9536379Z src/graph-artifacts.ts:539:23
2026-08-10T08:51:27.9537465Z -       (value, index) => index === 0 || (values[index - 1] ?? "").localeCompare(value) <= 0,
2026-08-10T08:51:27.9538556Z +       (value, index) => false || (values[index - 1] ?? "").localeCompare(value) <= 0,
2026-08-10T08:51:27.9539221Z Tests ran:
2026-08-10T08:51:27.9539758Z     M4 graph validation and currentness detects duplicate nodes
2026-08-10T08:51:27.9540529Z     M4 graph validation and currentness detects duplicate edges
2026-08-10T08:51:27.9541319Z     M4 graph validation and currentness detects unresolved endpoints
2026-08-10T08:51:27.9541921Z   and 49 more tests!
2026-08-10T08:51:27.9542148Z 
2026-08-10T08:51:27.9542158Z 
2026-08-10T08:51:27.9542358Z [Survived] EqualityOperator
2026-08-10T08:51:27.9542840Z src/graph-artifacts.ts:539:23
2026-08-10T08:51:27.9543675Z -       (value, index) => index === 0 || (values[index - 1] ?? "").localeCompare(value) <= 0,
2026-08-10T08:51:27.9544749Z +       (value, index) => index !== 0 || (values[index - 1] ?? "").localeCompare(value) <= 0,
2026-08-10T08:51:27.9545391Z Tests ran:
2026-08-10T08:51:27.9545916Z     M4 graph validation and currentness detects duplicate nodes
2026-08-10T08:51:27.9546675Z     M4 graph validation and currentness detects duplicate edges
2026-08-10T08:51:27.9547861Z     M4 graph validation and currentness detects unresolved endpoints
2026-08-10T08:51:27.9548475Z   and 49 more tests!
2026-08-10T08:51:27.9548694Z 
2026-08-10T08:51:27.9548702Z 
2026-08-10T08:51:27.9548897Z [Survived] EqualityOperator
2026-08-10T08:51:27.9549354Z src/graph-artifacts.ts:539:38
2026-08-10T08:51:27.9550163Z -       (value, index) => index === 0 || (values[index - 1] ?? "").localeCompare(value) <= 0,
2026-08-10T08:51:27.9551252Z +       (value, index) => index === 0 || (values[index - 1] ?? "").localeCompare(value) < 0,
2026-08-10T08:51:27.9551952Z Tests ran:
2026-08-10T08:51:27.9552494Z     M4 graph validation and currentness detects duplicate nodes
2026-08-10T08:51:27.9553263Z     M4 graph validation and currentness detects duplicate edges
2026-08-10T08:51:27.9554076Z     M4 graph validation and currentness detects unresolved endpoints
2026-08-10T08:51:27.9554724Z   and 49 more tests!
2026-08-10T08:51:27.9554957Z 
2026-08-10T08:51:27.9554966Z 
2026-08-10T08:51:27.9555171Z [Survived] LogicalOperator
2026-08-10T08:51:27.9555644Z src/graph-artifacts.ts:539:39
2026-08-10T08:51:27.9556498Z -       (value, index) => index === 0 || (values[index - 1] ?? "").localeCompare(value) <= 0,
2026-08-10T08:51:27.9557962Z +       (value, index) => index === 0 || (values[index - 1] && "").localeCompare(value) <= 0,
2026-08-10T08:51:27.9558641Z Tests ran:
2026-08-10T08:51:27.9559190Z     M4 graph validation and currentness detects duplicate nodes
2026-08-10T08:51:27.9560171Z     M4 graph validation and currentness detects duplicate edges
2026-08-10T08:51:27.9560958Z     M4 graph validation and currentness detects unresolved endpoints
2026-08-10T08:51:27.9561522Z   and 49 more tests!
2026-08-10T08:51:27.9561735Z 
2026-08-10T08:51:27.9561744Z 
2026-08-10T08:51:27.9561950Z [Survived] OptionalChaining
2026-08-10T08:51:27.9562433Z src/graph-projector.ts:229:18
2026-08-10T08:51:27.9563028Z -           asString(claim?.data.claim_type) ?? "",
2026-08-10T08:51:27.9563698Z +           asString(claim.data.claim_type) ?? "",
2026-08-10T08:51:27.9564182Z Tests ran:
2026-08-10T08:51:27.9565218Z     M4 graph projection production contract fails closed for causal quality edges backed by inferential evidence
2026-08-10T08:51:27.9565975Z 
2026-08-10T08:51:27.9565984Z 
2026-08-10T08:51:27.9566237Z [Survived] ConditionalExpression
2026-08-10T08:51:27.9566748Z src/graph-projector.ts:258:37
2026-08-10T08:51:27.9567779Z -     if (directSources.length === 0 && derivedIds.length === 0) return false;
2026-08-10T08:51:27.9568676Z +     if (directSources.length === 0 && true) return false;
2026-08-10T08:51:27.9569204Z Tests ran:
2026-08-10T08:51:27.9570120Z     M4 graph projection production contract fails closed for an ungrounded or cyclic derivation branch
2026-08-10T08:51:27.9571751Z     M4 graph projection production contract fails closed for a claim with no complete admitted grounding 0
2026-08-10T08:51:27.9573083Z     M4 graph projection production contract fails closed for a claim with no complete admitted grounding 1
2026-08-10T08:51:27.9573779Z 
2026-08-10T08:51:27.9573786Z 
2026-08-10T08:51:27.9573986Z [Survived] BlockStatement
2026-08-10T08:51:27.9574453Z src/graph-projector.ts:259:35
2026-08-10T08:51:27.9574987Z -     return derivedIds.every((id) => {
2026-08-10T08:51:27.9575571Z -       const parent = claimById.get(id);
2026-08-10T08:51:27.9576611Z -       return parent ? claimHasAdmittedGrounding(parent, claimById, sourceById, nextVisited) : false;
2026-08-10T08:51:27.9589061Z -     });
2026-08-10T08:51:27.9589559Z +     return derivedIds.every((id) => {});
2026-08-10T08:51:27.9590047Z Tests ran:
2026-08-10T08:51:27.9590859Z     M4 graph projection production contract fails closed for an ungrounded or cyclic derivation branch
2026-08-10T08:51:27.9592178Z     M4 graph projection production contract fails closed for a claim with no complete admitted grounding 1
2026-08-10T08:51:27.9592890Z 
2026-08-10T08:51:27.9592899Z 
2026-08-10T08:51:27.9593113Z [Survived] OptionalChaining
2026-08-10T08:51:27.9593605Z src/graph-projector.ts:222:38
2026-08-10T08:51:27.9594394Z -     if (evidenceClaims.some((claim) => claim?.data.status !== "sourced")) {
2026-08-10T08:51:27.9595406Z +     if (evidenceClaims.some((claim) => claim.data.status !== "sourced")) {
2026-08-10T08:51:27.9596164Z Ran all tests for this mutant.
2026-08-10T08:51:27.9596440Z 
2026-08-10T08:51:27.9596643Z [Survived] LogicalOperator
2026-08-10T08:51:27.9615072Z src/graph-projector.ts:226:5
2026-08-10T08:51:27.9616025Z -       new Set(["improves", "degrades"]).has(asString(relationship.data.predicate) ?? "") &&
2026-08-10T08:51:27.9617150Z -       evidenceClaims.some((claim) =>
2026-08-10T08:51:27.9617988Z -         new Set(["inference", "recommendation", "hypothesis", "opinion"]).has(
2026-08-10T08:51:27.9618795Z -           asString(claim?.data.claim_type) ?? "",
2026-08-10T08:51:27.9640736Z -         ),
2026-08-10T08:51:27.9641122Z -       )
2026-08-10T08:51:27.9642828Z +       new Set(["improves", "degrades"]).has(asString(relationship.data.predicate) ?? "") || evidenceClaims.some(claim => new Set(["inference", "recommendation", "hypothesis", "opinion"]).has(asString(claim?.data.claim_type) ?? ""))
2026-08-10T08:51:27.9644299Z Ran all tests for this mutant.
2026-08-10T08:51:27.9644559Z 
2026-08-10T08:51:27.9644743Z [Survived] OptionalChaining
2026-08-10T08:51:27.9645168Z src/graph-projector.ts:253:20
2026-08-10T08:51:27.9645724Z -       const status = sourceById.get(id)?.data.status;
2026-08-10T08:51:27.9646362Z +       const status = sourceById.get(id).data.status;
2026-08-10T08:51:27.9667601Z Ran all tests for this mutant.
2026-08-10T08:51:27.9667902Z 
2026-08-10T08:51:27.9668153Z [Survived] ConditionalExpression
2026-08-10T08:51:27.9668649Z src/graph-projector.ts:407:9
2026-08-10T08:51:27.9669181Z -       if (claimIds.has(claimId)) return;
2026-08-10T08:51:27.9669673Z +       if (false) return;
2026-08-10T08:51:27.9670130Z Ran all tests for this mutant.
2026-08-10T08:51:27.9670392Z 
2026-08-10T08:51:27.9670633Z [Survived] ConditionalExpression
2026-08-10T08:51:27.9671112Z src/graph-projector.ts:410:9
2026-08-10T08:51:27.9671515Z -       if (!claim) return;
2026-08-10T08:51:27.9672100Z +       if (false) return;
2026-08-10T08:51:27.9672533Z Ran all tests for this mutant.
2026-08-10T08:51:27.9672768Z 
2026-08-10T08:51:27.9672951Z [Survived] OptionalChaining
2026-08-10T08:51:27.9673365Z src/graph-projector.ts:431:5
2026-08-10T08:51:27.9673867Z -       adjacency.get(primary)?.add(edge.id);
2026-08-10T08:51:27.9674469Z +       adjacency.get(primary).add(edge.id);
2026-08-10T08:51:27.9675022Z Ran all tests for this mutant.
2026-08-10T08:51:27.9675275Z 
2026-08-10T08:51:27.9675467Z [Survived] OptionalChaining
2026-08-10T08:51:27.9675909Z src/graph-projector.ts:434:7
2026-08-10T08:51:27.9676452Z -         adjacency.get(secondary)?.add(edge.id);
2026-08-10T08:51:27.9677332Z +         adjacency.get(secondary).add(edge.id);
2026-08-10T08:51:27.9677882Z Ran all tests for this mutant.
2026-08-10T08:51:27.9678143Z 
2026-08-10T08:51:27.9678384Z [Survived] ConditionalExpression
2026-08-10T08:51:27.9678858Z src/graph-projector.ts:459:11
2026-08-10T08:51:27.9679420Z -         if (typeof endpoint !== "string") continue;
2026-08-10T08:51:27.9679950Z +         if (false) continue;
2026-08-10T08:51:27.9680366Z Ran all tests for this mutant.
2026-08-10T08:51:27.9680604Z 
2026-08-10T08:51:27.9680813Z [Survived] ConditionalExpression
2026-08-10T08:51:27.9681261Z src/graph-projector.ts:472:9
2026-08-10T08:51:27.9682191Z -           asStringArray(concept.data.claims).length > 0 && !relationshipByConcept.has(concept.id),
2026-08-10T08:51:27.9682989Z +           false,
2026-08-10T08:51:27.9683395Z Ran all tests for this mutant.
2026-08-10T08:51:27.9683660Z 
2026-08-10T08:51:27.9683890Z [Survived] ConditionalExpression
2026-08-10T08:51:27.9684367Z src/graph-projector.ts:472:9
2026-08-10T08:51:27.9685244Z -           asStringArray(concept.data.claims).length > 0 && !relationshipByConcept.has(concept.id),
2026-08-10T08:51:27.9686158Z +           true && !relationshipByConcept.has(concept.id),
2026-08-10T08:51:27.9686719Z Ran all tests for this mutant.
2026-08-10T08:51:27.9707332Z 
2026-08-10T08:51:27.9707568Z [Survived] EqualityOperator
2026-08-10T08:51:27.9708062Z src/graph-projector.ts:472:9
2026-08-10T08:51:27.9709022Z -           asStringArray(concept.data.claims).length > 0 && !relationshipByConcept.has(concept.id),
2026-08-10T08:51:27.9710350Z +           asStringArray(concept.data.claims).length >= 0 && !relationshipByConcept.has(concept.id),
2026-08-10T08:51:27.9711211Z Ran all tests for this mutant.
2026-08-10T08:51:27.9711492Z 
2026-08-10T08:51:27.9711687Z [Survived] EqualityOperator
2026-08-10T08:51:27.9712125Z src/graph-projector.ts:472:9
2026-08-10T08:51:27.9712974Z -           asStringArray(concept.data.claims).length > 0 && !relationshipByConcept.has(concept.id),
2026-08-10T08:51:27.9714159Z +           asStringArray(concept.data.claims).length <= 0 && !relationshipByConcept.has(concept.id),
2026-08-10T08:51:27.9715020Z Ran all tests for this mutant.
2026-08-10T08:51:27.9715284Z 
2026-08-10T08:51:27.9715525Z [Survived] ConditionalExpression
2026-08-10T08:51:27.9716296Z src/graph-projector.ts:479:14
2026-08-10T08:51:27.9717363Z -         return connected.length > 0 && connected.every((item) => item.traversal_eligible !== true);
2026-08-10T08:51:27.9718533Z +         return true && connected.every((item) => item.traversal_eligible !== true);
2026-08-10T08:51:27.9719235Z Ran all tests for this mutant.
2026-08-10T08:51:27.9719472Z 
2026-08-10T08:51:27.9719653Z [Survived] EqualityOperator
2026-08-10T08:51:27.9720298Z src/graph-projector.ts:479:14
2026-08-10T08:51:27.9721156Z -         return connected.length > 0 && connected.every((item) => item.traversal_eligible !== true);
2026-08-10T08:51:27.9722437Z +         return connected.length >= 0 && connected.every((item) => item.traversal_eligible !== true);
2026-08-10T08:51:27.9723277Z Ran all tests for this mutant.
2026-08-10T08:51:27.9723543Z 
2026-08-10T08:51:27.9723722Z [Survived] BlockStatement
2026-08-10T08:51:27.9724167Z src/graph-projector.ts:492:37
2026-08-10T08:51:27.9724686Z -     for (const claim of model.claims) {
2026-08-10T08:51:27.9725646Z -       if (!declaredClaims.has(claim.id)) unprojectedClaims.push(claim.id);
2026-08-10T08:51:27.9726253Z -     }
2026-08-10T08:51:27.9726638Z +     for (const claim of model.claims) {}
2026-08-10T08:51:27.9746746Z Ran all tests for this mutant.
2026-08-10T08:51:27.9747277Z 
2026-08-10T08:51:27.9747525Z [Survived] ConditionalExpression
2026-08-10T08:51:27.9748009Z src/graph-projector.ts:493:9
2026-08-10T08:51:27.9748799Z -       if (!declaredClaims.has(claim.id)) unprojectedClaims.push(claim.id);
2026-08-10T08:51:27.9749575Z +       if (false) unprojectedClaims.push(claim.id);
2026-08-10T08:51:27.9750121Z Ran all tests for this mutant.
2026-08-10T08:51:27.9750373Z 
2026-08-10T08:51:27.9750544Z [Survived] OptionalChaining
2026-08-10T08:51:27.9750980Z src/graph-projector.ts:537:22
2026-08-10T08:51:27.9751504Z -             human_key: keys?.current ?? null,
2026-08-10T08:51:27.9752102Z +             human_key: keys.current ?? null,
2026-08-10T08:51:27.9752646Z Ran all tests for this mutant.
2026-08-10T08:51:27.9752922Z 
2026-08-10T08:51:27.9753116Z [Survived] OptionalChaining
2026-08-10T08:51:27.9753564Z src/graph-projector.ts:538:32
2026-08-10T08:51:27.9754150Z -             previous_human_keys: keys?.previous ?? [],
2026-08-10T08:51:27.9754808Z +             previous_human_keys: keys.previous ?? [],
2026-08-10T08:51:27.9755327Z Ran all tests for this mutant.
2026-08-10T08:51:27.9755571Z 
2026-08-10T08:51:27.9755808Z [Survived] ConditionalExpression
2026-08-10T08:51:27.9756251Z src/graph-projector.ts:569:9
2026-08-10T08:51:27.9756662Z -       if (!id) continue;
2026-08-10T08:51:27.9757247Z +       if (false) continue;
2026-08-10T08:51:27.9757709Z Ran all tests for this mutant.
2026-08-10T08:51:27.9757966Z 
2026-08-10T08:51:27.9758155Z [NoCoverage] BlockStatement
2026-08-10T08:51:27.9758588Z src/graph-query.ts:80:54
2026-08-10T08:51:27.9759173Z -       if (resolution.record.record_kind !== "concept") {
2026-08-10T08:51:27.9760258Z -         return failure(query, [diagnostic("GRAPH_QUERY_FAMILY", "Neighbors require a concept ID.")]);
2026-08-10T08:51:27.9761109Z -       }
2026-08-10T08:51:27.9761627Z +       if (resolution.record.record_kind !== "concept") {}
2026-08-10T08:51:27.9761999Z 
2026-08-10T08:51:27.9762174Z [NoCoverage] BlockStatement
2026-08-10T08:51:27.9762581Z src/graph-query.ts:99:54
2026-08-10T08:51:27.9763142Z -       if (resolution.record.record_kind !== "concept") {
2026-08-10T08:51:27.9764178Z -         return failure(query, [diagnostic("GRAPH_QUERY_FAMILY", "Traversal requires a concept ID.")]);
2026-08-10T08:51:27.9764953Z -       }
2026-08-10T08:51:27.9765467Z +       if (resolution.record.record_kind !== "concept") {}
2026-08-10T08:51:27.9765858Z 
2026-08-10T08:51:27.9766042Z [NoCoverage] BlockStatement
2026-08-10T08:51:27.9766480Z src/graph-query.ts:124:87
2026-08-10T08:51:27.9819111Z -       if (from.record.record_kind !== "concept" || to.record.record_kind !== "concept") {
2026-08-10T08:51:27.9820445Z -         return failure(query, [diagnostic("GRAPH_QUERY_FAMILY", "Path endpoints must be concepts.")]);
2026-08-10T08:51:27.9821216Z -       }
2026-08-10T08:51:27.9821973Z +       if (from.record.record_kind !== "concept" || to.record.record_kind !== "concept") {}
2026-08-10T08:51:27.9822532Z 
2026-08-10T08:51:27.9822730Z [NoCoverage] BlockStatement
2026-08-10T08:51:27.9823181Z src/graph-query.ts:138:54
2026-08-10T08:51:27.9823792Z -       if (resolution.record.record_kind !== "concept") {
2026-08-10T08:51:27.9825208Z -         return failure(query, [diagnostic("GRAPH_QUERY_FAMILY", "Claims query requires a concept.")]);
2026-08-10T08:51:27.9825976Z -       }
2026-08-10T08:51:27.9826486Z +       if (resolution.record.record_kind !== "concept") {}
2026-08-10T08:51:27.9827081Z 
2026-08-10T08:51:27.9831117Z [NoCoverage] BlockStatement
2026-08-10T08:51:27.9831588Z src/graph-query.ts:155:52
2026-08-10T08:51:27.9832195Z -       if (resolution.record.record_kind !== "claim") {
2026-08-10T08:51:27.9832766Z -         return failure(query, [
2026-08-10T08:51:27.9833715Z -           diagnostic("GRAPH_QUERY_FAMILY", "Evidence query requires a claim ID."),
2026-08-10T08:51:27.9834409Z -         ]);
2026-08-10T08:51:27.9834710Z -       }
2026-08-10T08:51:27.9835207Z +       if (resolution.record.record_kind !== "claim") {}
2026-08-10T08:51:27.9835577Z 
2026-08-10T08:51:27.9835826Z [NoCoverage] ConditionalExpression
2026-08-10T08:51:27.9836293Z src/graph-query.ts:163:55
2026-08-10T08:51:27.9847503Z -         .filter((record): record is GraphIndexRecord => record !== undefined);
2026-08-10T08:51:27.9848454Z +         .filter((record): record is GraphIndexRecord => true);
2026-08-10T08:51:27.9848848Z 
2026-08-10T08:51:27.9849087Z [NoCoverage] ConditionalExpression
2026-08-10T08:51:27.9849545Z src/graph-query.ts:163:55
2026-08-10T08:51:27.9850258Z -         .filter((record): record is GraphIndexRecord => record !== undefined);
2026-08-10T08:51:27.9851132Z +         .filter((record): record is GraphIndexRecord => false);
2026-08-10T08:51:27.9851538Z 
2026-08-10T08:51:27.9851734Z [NoCoverage] EqualityOperator
2026-08-10T08:51:27.9852190Z src/graph-query.ts:163:55
2026-08-10T08:51:27.9852907Z -         .filter((record): record is GraphIndexRecord => record !== undefined);
2026-08-10T08:51:27.9853872Z +         .filter((record): record is GraphIndexRecord => record === undefined);
2026-08-10T08:51:27.9854348Z 
2026-08-10T08:51:27.9854536Z [NoCoverage] BlockStatement
2026-08-10T08:51:27.9854954Z src/graph-query.ts:169:41
2026-08-10T08:51:27.9855438Z -       const visit = (id: string): void => {
2026-08-10T08:51:27.9855974Z -         if (visited.has(id)) return;
2026-08-10T08:51:27.9856438Z -         visited.add(id);
2026-08-10T08:51:27.9857221Z -         const parent = this.recordById.get(id);
2026-08-10T08:51:27.9857778Z -         if (!parent) return;
2026-08-10T08:51:27.9858726Z -         for (const sourceId of asStringArray(parent.sources)) derivedSourceIds.add(sourceId);
2026-08-10T08:51:27.9864601Z -         for (const parentId of asStringArray(parent.derived_from_claims)) visit(parentId);
2026-08-10T08:51:27.9865338Z -       };
2026-08-10T08:51:27.9865824Z +       const visit = (id: string): void => {};
2026-08-10T08:51:27.9866177Z 
2026-08-10T08:51:27.9866441Z [NoCoverage] ConditionalExpression
2026-08-10T08:51:27.9867292Z src/graph-query.ts:170:11
2026-08-10T08:51:27.9867859Z -         if (visited.has(id)) return;
2026-08-10T08:51:27.9868367Z +         if (true) return;
2026-08-10T08:51:27.9868631Z 
2026-08-10T08:51:27.9868912Z [NoCoverage] ConditionalExpression
2026-08-10T08:51:27.9869426Z src/graph-query.ts:170:11
2026-08-10T08:51:27.9869910Z -         if (visited.has(id)) return;
2026-08-10T08:51:27.9870369Z +         if (false) return;
2026-08-10T08:51:27.9870613Z 
2026-08-10T08:51:27.9870799Z [NoCoverage] BooleanLiteral
2026-08-10T08:51:27.9871220Z src/graph-query.ts:173:11
2026-08-10T08:51:27.9871660Z -         if (!parent) return;
2026-08-10T08:51:27.9872087Z +         if (parent) return;
2026-08-10T08:51:27.9872332Z 
2026-08-10T08:51:27.9872575Z [NoCoverage] ConditionalExpression
2026-08-10T08:51:27.9873045Z src/graph-query.ts:173:11
2026-08-10T08:51:27.9873475Z -         if (!parent) return;
2026-08-10T08:51:27.9873884Z +         if (true) return;
2026-08-10T08:51:27.9874116Z 
2026-08-10T08:51:27.9874347Z [NoCoverage] ConditionalExpression
2026-08-10T08:51:27.9874811Z src/graph-query.ts:173:11
2026-08-10T08:51:27.9875250Z -         if (!parent) return;
2026-08-10T08:51:27.9875664Z +         if (false) return;
2026-08-10T08:51:27.9876279Z 
2026-08-10T08:51:27.9876467Z [NoCoverage] BlockStatement
2026-08-10T08:51:27.9876886Z src/graph-query.ts:204:59
2026-08-10T08:51:27.9883423Z -       if (resolution.record.record_kind !== "relationship") {
2026-08-10T08:51:27.9884117Z -         return failure(query, [
2026-08-10T08:51:27.9884950Z -           diagnostic("GRAPH_QUERY_FAMILY", "Explain requires a relationship ID."),
2026-08-10T08:51:27.9885638Z -         ]);
2026-08-10T08:51:27.9885958Z -       }
2026-08-10T08:51:27.9886522Z +       if (resolution.record.record_kind !== "relationship") {}
2026-08-10T08:51:27.9887215Z 
2026-08-10T08:51:27.9887610Z [NoCoverage] BlockStatement
2026-08-10T08:51:27.9888104Z src/graph-query.ts:514:75
2026-08-10T08:51:27.9888878Z -     if (queryObject.node !== undefined && !isPlainObject(queryObject.node)) {
2026-08-10T08:51:27.9890082Z -       diagnostics.push(diagnostic("GRAPH_QUERY_SHAPE", "node must be an object when provided."));
2026-08-10T08:51:27.9891123Z -     } else if (isPlainObject(queryObject.node)) {
2026-08-10T08:51:27.9892400Z +     if (queryObject.node !== undefined && !isPlainObject(queryObject.node)) {} else if (isPlainObject(queryObject.node)) {
2026-08-10T08:51:27.9893210Z 
2026-08-10T08:51:27.9894392Z [Survived] ConditionalExpression
2026-08-10T08:51:27.9894879Z src/graph-query.ts:55:25
2026-08-10T08:51:27.9895649Z -                 (edge) => edge.from === id || (edge.direction === "symmetric" && edge.to === id),
2026-08-10T08:51:27.9896374Z +                 (edge) => true,
2026-08-10T08:51:27.9896776Z Tests ran:
2026-08-10T08:51:27.9897626Z     M4 graph query engine gets every record family by stable ID
2026-08-10T08:51:27.9898483Z     M4 graph query engine resolves an exact current human key without fuzzy matching
2026-08-10T08:51:27.9899413Z     M4 graph query engine uses the stable query envelope for all successful queries
2026-08-10T08:51:27.9899921Z 
2026-08-10T08:51:27.9899930Z 
2026-08-10T08:51:27.9900160Z [Survived] ConditionalExpression
2026-08-10T08:51:27.9900613Z src/graph-query.ts:55:25
2026-08-10T08:51:27.9901365Z -                 (edge) => edge.from === id || (edge.direction === "symmetric" && edge.to === id),
2026-08-10T08:51:27.9902063Z +                 (edge) => false,
2026-08-10T08:51:27.9902448Z Tests ran:
2026-08-10T08:51:27.9902928Z     M4 graph query engine gets every record family by stable ID
2026-08-10T08:51:27.9903740Z     M4 graph query engine resolves an exact current human key without fuzzy matching
2026-08-10T08:51:27.9904661Z     M4 graph query engine uses the stable query envelope for all successful queries
2026-08-10T08:51:27.9905152Z 
2026-08-10T08:51:27.9905165Z 
2026-08-10T08:51:27.9905346Z [Survived] LogicalOperator
2026-08-10T08:51:27.9905753Z src/graph-query.ts:55:25
2026-08-10T08:51:27.9906495Z -                 (edge) => edge.from === id || (edge.direction === "symmetric" && edge.to === id),
2026-08-10T08:51:27.9907835Z +                 (edge) => edge.from === id && edge.direction === "symmetric" && edge.to === id,
2026-08-10T08:51:27.9908577Z Tests ran:
2026-08-10T08:51:27.9909156Z     M4 graph query engine gets every record family by stable ID
2026-08-10T08:51:27.9910095Z     M4 graph query engine resolves an exact current human key without fuzzy matching
2026-08-10T08:51:27.9911125Z     M4 graph query engine uses the stable query envelope for all successful queries
2026-08-10T08:51:27.9911682Z 
2026-08-10T08:51:27.9911692Z 
2026-08-10T08:51:27.9911948Z [Survived] ConditionalExpression
2026-08-10T08:51:27.9912453Z src/graph-query.ts:55:25
2026-08-10T08:51:27.9913294Z -                 (edge) => edge.from === id || (edge.direction === "symmetric" && edge.to === id),
2026-08-10T08:51:27.9914371Z +                 (edge) => false || (edge.direction === "symmetric" && edge.to === id),
2026-08-10T08:51:27.9915019Z Tests ran:
2026-08-10T08:51:27.9915544Z     M4 graph query engine gets every record family by stable ID
2026-08-10T08:51:27.9916420Z     M4 graph query engine resolves an exact current human key without fuzzy matching
2026-08-10T08:51:27.9918039Z     M4 graph query engine uses the stable query envelope for all successful queries
2026-08-10T08:51:27.9918570Z 
2026-08-10T08:51:27.9918578Z 
2026-08-10T08:51:27.9918770Z [Survived] EqualityOperator
2026-08-10T08:51:27.9919208Z src/graph-query.ts:55:25
2026-08-10T08:51:27.9919977Z -                 (edge) => edge.from === id || (edge.direction === "symmetric" && edge.to === id),
2026-08-10T08:51:27.9921022Z +                 (edge) => edge.from !== id || (edge.direction === "symmetric" && edge.to === id),
2026-08-10T08:51:27.9921686Z Tests ran:
2026-08-10T08:51:27.9922457Z     M4 graph query engine gets every record family by stable ID
2026-08-10T08:51:27.9923414Z     M4 graph query engine resolves an exact current human key without fuzzy matching
2026-08-10T08:51:27.9924381Z     M4 graph query engine uses the stable query envelope for all successful queries
2026-08-10T08:51:27.9924880Z 
2026-08-10T08:51:27.9924888Z 
2026-08-10T08:51:27.9925106Z [Survived] ConditionalExpression
2026-08-10T08:51:27.9925561Z src/graph-query.ts:55:46
2026-08-10T08:51:27.9926288Z -                 (edge) => edge.from === id || (edge.direction === "symmetric" && edge.to === id),
2026-08-10T08:51:27.9927324Z +                 (edge) => edge.from === id || (false),
2026-08-10T08:51:27.9927773Z Tests ran:
2026-08-10T08:51:27.9928235Z     M4 graph query engine gets every record family by stable ID
2026-08-10T08:51:27.9929036Z     M4 graph query engine resolves an exact current human key without fuzzy matching
2026-08-10T08:51:27.9929937Z     M4 graph query engine uses the stable query envelope for all successful queries
2026-08-10T08:51:27.9930435Z 
2026-08-10T08:51:27.9930442Z 
2026-08-10T08:51:27.9930614Z [Survived] LogicalOperator
2026-08-10T08:51:27.9931021Z src/graph-query.ts:55:46
2026-08-10T08:51:27.9931742Z -                 (edge) => edge.from === id || (edge.direction === "symmetric" && edge.to === id),
2026-08-10T08:51:27.9932776Z +                 (edge) => edge.from === id || (edge.direction === "symmetric" || edge.to === id),
2026-08-10T08:51:27.9933422Z Tests ran:
2026-08-10T08:51:27.9933909Z     M4 graph query engine gets every record family by stable ID
2026-08-10T08:51:27.9934754Z     M4 graph query engine resolves an exact current human key without fuzzy matching
2026-08-10T08:51:27.9935653Z     M4 graph query engine uses the stable query envelope for all successful queries
2026-08-10T08:51:27.9936157Z 
2026-08-10T08:51:27.9936164Z 
2026-08-10T08:51:27.9936382Z [Survived] ConditionalExpression
2026-08-10T08:51:27.9936836Z src/graph-query.ts:55:46
2026-08-10T08:51:27.9937808Z -                 (edge) => edge.from === id || (edge.direction === "symmetric" && edge.to === id),
2026-08-10T08:51:27.9938709Z +                 (edge) => edge.from === id || (true && edge.to === id),
2026-08-10T08:51:27.9939234Z Tests ran:
2026-08-10T08:51:27.9939714Z     M4 graph query engine gets every record family by stable ID
2026-08-10T08:51:27.9940525Z     M4 graph query engine resolves an exact current human key without fuzzy matching
2026-08-10T08:51:27.9941472Z     M4 graph query engine uses the stable query envelope for all successful queries
2026-08-10T08:51:27.9941984Z 
2026-08-10T08:51:27.9941992Z 
2026-08-10T08:51:27.9942171Z [Survived] EqualityOperator
2026-08-10T08:51:27.9942606Z src/graph-query.ts:55:46
2026-08-10T08:51:27.9943376Z -                 (edge) => edge.from === id || (edge.direction === "symmetric" && edge.to === id),
2026-08-10T08:51:27.9944412Z +                 (edge) => edge.from === id || (edge.direction !== "symmetric" && edge.to === id),
2026-08-10T08:51:27.9945044Z Tests ran:
2026-08-10T08:51:27.9945531Z     M4 graph query engine gets every record family by stable ID
2026-08-10T08:51:27.9946383Z     M4 graph query engine resolves an exact current human key without fuzzy matching
2026-08-10T08:51:27.9947449Z     M4 graph query engine uses the stable query envelope for all successful queries
2026-08-10T08:51:27.9947962Z 
2026-08-10T08:51:27.9947970Z 
2026-08-10T08:51:27.9948195Z [Survived] ConditionalExpression
2026-08-10T08:51:27.9948933Z src/graph-query.ts:55:80
2026-08-10T08:51:27.9949740Z -                 (edge) => edge.from === id || (edge.direction === "symmetric" && edge.to === id),
2026-08-10T08:51:27.9950808Z +                 (edge) => edge.from === id || (edge.direction === "symmetric" && true),
2026-08-10T08:51:27.9951444Z Tests ran:
2026-08-10T08:51:27.9951969Z     M4 graph query engine gets every record family by stable ID
2026-08-10T08:51:27.9952879Z     M4 graph query engine resolves an exact current human key without fuzzy matching
2026-08-10T08:51:27.9954099Z     M4 graph query engine uses the stable query envelope for all successful queries
2026-08-10T08:51:27.9965231Z 
2026-08-10T08:51:27.9965242Z 
2026-08-10T08:51:27.9965463Z [Survived] EqualityOperator
2026-08-10T08:51:27.9965940Z src/graph-query.ts:55:80
2026-08-10T08:51:27.9966753Z -                 (edge) => edge.from === id || (edge.direction === "symmetric" && edge.to === id),
2026-08-10T08:51:27.9968093Z +                 (edge) => edge.from === id || (edge.direction === "symmetric" && edge.to !== id),
2026-08-10T08:51:27.9968743Z Tests ran:
2026-08-10T08:51:27.9969241Z     M4 graph query engine gets every record family by stable ID
2026-08-10T08:51:27.9970100Z     M4 graph query engine resolves an exact current human key without fuzzy matching
2026-08-10T08:51:27.9971045Z     M4 graph query engine uses the stable query envelope for all successful queries
2026-08-10T08:51:27.9971563Z 
2026-08-10T08:51:27.9971571Z 
2026-08-10T08:51:27.9971812Z [Survived] ConditionalExpression
2026-08-10T08:51:27.9972298Z src/graph-query.ts:61:25
2026-08-10T08:51:27.9973123Z -                 (edge) => edge.to === id || (edge.direction === "symmetric" && edge.from === id),
2026-08-10T08:51:27.9973887Z +                 (edge) => true,
2026-08-10T08:51:27.9974293Z Tests ran:
2026-08-10T08:51:27.9974809Z     M4 graph query engine gets every record family by stable ID
2026-08-10T08:51:27.9975707Z     M4 graph query engine resolves an exact current human key without fuzzy matching
2026-08-10T08:51:27.9976715Z     M4 graph query engine uses the stable query envelope for all successful queries
2026-08-10T08:51:27.9977468Z 
2026-08-10T08:51:27.9977477Z 
2026-08-10T08:51:27.9977727Z [Survived] ConditionalExpression
2026-08-10T08:51:27.9978210Z src/graph-query.ts:61:25
2026-08-10T08:51:27.9979018Z -                 (edge) => edge.to === id || (edge.direction === "symmetric" && edge.from === id),
2026-08-10T08:51:27.9979776Z +                 (edge) => false,
2026-08-10T08:51:27.9980190Z Tests ran:
2026-08-10T08:51:27.9980708Z     M4 graph query engine gets every record family by stable ID
2026-08-10T08:51:27.9981597Z     M4 graph query engine resolves an exact current human key without fuzzy matching
2026-08-10T08:51:27.9982585Z     M4 graph query engine uses the stable query envelope for all successful queries
2026-08-10T08:51:27.9983126Z 
2026-08-10T08:51:27.9983136Z 
2026-08-10T08:51:27.9983327Z [Survived] LogicalOperator
2026-08-10T08:51:27.9983786Z src/graph-query.ts:61:25
2026-08-10T08:51:27.9984579Z -                 (edge) => edge.to === id || (edge.direction === "symmetric" && edge.from === id),
2026-08-10T08:51:27.9985636Z +                 (edge) => edge.to === id && edge.direction === "symmetric" && edge.from === id,
2026-08-10T08:51:27.9986286Z Tests ran:
2026-08-10T08:51:27.9986817Z     M4 graph query engine gets every record family by stable ID
2026-08-10T08:51:27.9987913Z     M4 graph query engine resolves an exact current human key without fuzzy matching
2026-08-10T08:51:27.9988922Z     M4 graph query engine uses the stable query envelope for all successful queries
2026-08-10T08:51:27.9989458Z 
2026-08-10T08:51:27.9989466Z 
2026-08-10T08:51:27.9989724Z [Survived] ConditionalExpression
2026-08-10T08:51:27.9990202Z src/graph-query.ts:61:25
2026-08-10T08:51:27.9990995Z -                 (edge) => edge.to === id || (edge.direction === "symmetric" && edge.from === id),
2026-08-10T08:51:27.9992023Z +                 (edge) => false || (edge.direction === "symmetric" && edge.from === id),
2026-08-10T08:51:27.9992874Z Tests ran:
2026-08-10T08:51:27.9993381Z     M4 graph query engine gets every record family by stable ID
2026-08-10T08:51:27.9994250Z     M4 graph query engine resolves an exact current human key without fuzzy matching
2026-08-10T08:51:27.9995257Z     M4 graph query engine uses the stable query envelope for all successful queries
2026-08-10T08:51:27.9995786Z 
2026-08-10T08:51:27.9995794Z 
2026-08-10T08:51:27.9995994Z [Survived] EqualityOperator
2026-08-10T08:51:27.9996446Z src/graph-query.ts:61:25
2026-08-10T08:51:27.9997757Z -                 (edge) => edge.to === id || (edge.direction === "symmetric" && edge.from === id),
2026-08-10T08:51:27.9998912Z +                 (edge) => edge.to !== id || (edge.direction === "symmetric" && edge.from === id),
2026-08-10T08:51:27.9999626Z Tests ran:
2026-08-10T08:51:28.0000165Z     M4 graph query engine gets every record family by stable ID
2026-08-10T08:51:28.0001091Z     M4 graph query engine resolves an exact current human key without fuzzy matching
2026-08-10T08:51:28.0002146Z     M4 graph query engine uses the stable query envelope for all successful queries
2026-08-10T08:51:28.0002699Z 
2026-08-10T08:51:28.0002710Z 
2026-08-10T08:51:28.0002974Z [Survived] ConditionalExpression
2026-08-10T08:51:28.0003477Z src/graph-query.ts:61:44
2026-08-10T08:51:28.0004308Z -                 (edge) => edge.to === id || (edge.direction === "symmetric" && edge.from === id),
2026-08-10T08:51:28.0005155Z +                 (edge) => edge.to === id || (false),
2026-08-10T08:51:28.0005634Z Tests ran:
2026-08-10T08:51:28.0006162Z     M4 graph query engine gets every record family by stable ID
2026-08-10T08:51:28.0007309Z     M4 graph query engine resolves an exact current human key without fuzzy matching
2026-08-10T08:51:28.0008338Z     M4 graph query engine uses the stable query envelope for all successful queries
2026-08-10T08:51:28.0008870Z 
2026-08-10T08:51:28.0008879Z 
2026-08-10T08:51:28.0009085Z [Survived] LogicalOperator
2026-08-10T08:51:28.0009542Z src/graph-query.ts:61:44
2026-08-10T08:51:28.0010319Z -                 (edge) => edge.to === id || (edge.direction === "symmetric" && edge.from === id),
2026-08-10T08:51:28.0011399Z +                 (edge) => edge.to === id || (edge.direction === "symmetric" || edge.from === id),
2026-08-10T08:51:28.0012056Z Tests ran:
2026-08-10T08:51:28.0012567Z     M4 graph query engine gets every record family by stable ID
2026-08-10T08:51:28.0013441Z     M4 graph query engine resolves an exact current human key without fuzzy matching
2026-08-10T08:51:28.0014445Z     M4 graph query engine uses the stable query envelope for all successful queries
2026-08-10T08:51:28.0014980Z 
2026-08-10T08:51:28.0014989Z 
2026-08-10T08:51:28.0015242Z [Survived] ConditionalExpression
2026-08-10T08:51:28.0015724Z src/graph-query.ts:61:44
2026-08-10T08:51:28.0016526Z -                 (edge) => edge.to === id || (edge.direction === "symmetric" && edge.from === id),
2026-08-10T08:51:28.0017672Z +                 (edge) => edge.to === id || (true && edge.from === id),
2026-08-10T08:51:28.0018241Z Tests ran:
2026-08-10T08:51:28.0018751Z     M4 graph query engine gets every record family by stable ID
2026-08-10T08:51:28.0019630Z     M4 graph query engine resolves an exact current human key without fuzzy matching
2026-08-10T08:51:28.0020625Z     M4 graph query engine uses the stable query envelope for all successful queries
2026-08-10T08:51:28.0021155Z 
2026-08-10T08:51:28.0021163Z 
2026-08-10T08:51:28.0021366Z [Survived] EqualityOperator
2026-08-10T08:51:28.0021819Z src/graph-query.ts:61:44
2026-08-10T08:51:28.0022622Z -                 (edge) => edge.to === id || (edge.direction === "symmetric" && edge.from === id),
2026-08-10T08:51:28.0023699Z +                 (edge) => edge.to === id || (edge.direction !== "symmetric" && edge.from === id),
2026-08-10T08:51:28.0024355Z Tests ran:
2026-08-10T08:51:28.0024861Z     M4 graph query engine gets every record family by stable ID
2026-08-10T08:51:28.0025739Z     M4 graph query engine resolves an exact current human key without fuzzy matching
2026-08-10T08:51:28.0027154Z     M4 graph query engine uses the stable query envelope for all successful queries
2026-08-10T08:51:28.0027709Z 
2026-08-10T08:51:28.0027718Z 
2026-08-10T08:51:28.0027977Z [Survived] ConditionalExpression
2026-08-10T08:51:28.0028460Z src/graph-query.ts:61:78
2026-08-10T08:51:28.0029259Z -                 (edge) => edge.to === id || (edge.direction === "symmetric" && edge.from === id),
2026-08-10T08:51:28.0030259Z +                 (edge) => edge.to === id || (edge.direction === "symmetric" && true),
2026-08-10T08:51:28.0031023Z Tests ran:
2026-08-10T08:51:28.0031557Z     M4 graph query engine gets every record family by stable ID
2026-08-10T08:51:28.0032440Z     M4 graph query engine resolves an exact current human key without fuzzy matching
2026-08-10T08:51:28.0033439Z     M4 graph query engine uses the stable query envelope for all successful queries
2026-08-10T08:51:28.0033969Z 
2026-08-10T08:51:28.0033987Z 
2026-08-10T08:51:28.0034193Z [Survived] EqualityOperator
2026-08-10T08:51:28.0034645Z src/graph-query.ts:61:78
2026-08-10T08:51:28.0035446Z -                 (edge) => edge.to === id || (edge.direction === "symmetric" && edge.from === id),
2026-08-10T08:51:28.0036516Z +                 (edge) => edge.to === id || (edge.direction === "symmetric" && edge.from !== id),
2026-08-10T08:51:28.0037503Z Tests ran:
2026-08-10T08:51:28.0038031Z     M4 graph query engine gets every record family by stable ID
2026-08-10T08:51:28.0038932Z     M4 graph query engine resolves an exact current human key without fuzzy matching
2026-08-10T08:51:28.0039951Z     M4 graph query engine uses the stable query envelope for all successful queries
2026-08-10T08:51:28.0040490Z 
2026-08-10T08:51:28.0040498Z 
2026-08-10T08:51:28.0040698Z [Survived] LogicalOperator
2026-08-10T08:51:28.0041148Z src/graph-query.ts:74:18
2026-08-10T08:51:28.0041699Z -         direction: options.direction ?? "both",
2026-08-10T08:51:28.0042357Z +         direction: options.direction && "both",
2026-08-10T08:51:28.0042847Z Tests ran:
2026-08-10T08:51:28.0043466Z     M4 graph query engine returns only traversal-eligible neighbors by default
2026-08-10T08:51:28.0044429Z     M4 graph query engine labels excluded neighbors only when explicitly included
2026-08-10T08:51:28.0045296Z     M4 graph query engine supports exact predicate filtering
2026-08-10T08:51:28.0045858Z   and 2 more tests!
2026-08-10T08:51:28.0046071Z 
2026-08-10T08:51:28.0046079Z 
2026-08-10T08:51:28.0046279Z [Survived] LogicalOperator
2026-08-10T08:51:28.0046726Z src/graph-query.ts:75:19
2026-08-10T08:51:28.0047597Z -         predicates: options.predicates ?? [],
2026-08-10T08:51:28.0048238Z +         predicates: options.predicates && [],
2026-08-10T08:51:28.0048716Z Tests ran:
2026-08-10T08:51:28.0049360Z     M4 graph query engine returns only traversal-eligible neighbors by default
2026-08-10T08:51:28.0050378Z     M4 graph query engine labels excluded neighbors only when explicitly included
2026-08-10T08:51:28.0051338Z     M4 graph query engine supports exact predicate filtering
2026-08-10T08:51:28.0051951Z   and 2 more tests!
2026-08-10T08:51:28.0052182Z 
2026-08-10T08:51:28.0052201Z 
2026-08-10T08:51:28.0052413Z [Survived] LogicalOperator
2026-08-10T08:51:28.0052880Z src/graph-query.ts:76:25
2026-08-10T08:51:28.0053521Z -         include_excluded: options.includeExcluded ?? false,
2026-08-10T08:51:28.0054323Z +         include_excluded: options.includeExcluded && false,
2026-08-10T08:51:28.0054901Z Tests ran:
2026-08-10T08:51:28.0055536Z     M4 graph query engine returns only traversal-eligible neighbors by default
2026-08-10T08:51:28.0056551Z     M4 graph query engine labels excluded neighbors only when explicitly included
2026-08-10T08:51:28.0057839Z     M4 graph query engine supports exact predicate filtering
2026-08-10T08:51:28.0058397Z   and 2 more tests!
2026-08-10T08:51:28.0058605Z 
2026-08-10T08:51:28.0058614Z 
2026-08-10T08:51:28.0058793Z [Survived] BooleanLiteral
2026-08-10T08:51:28.0059434Z src/graph-query.ts:76:52
2026-08-10T08:51:28.0060035Z -         include_excluded: options.includeExcluded ?? false,
2026-08-10T08:51:28.0060838Z +         include_excluded: options.includeExcluded ?? true,
2026-08-10T08:51:28.0061337Z Tests ran:
2026-08-10T08:51:28.0061902Z     M4 graph query engine returns only traversal-eligible neighbors by default
2026-08-10T08:51:28.0062659Z     M4 graph query engine supports exact predicate filtering
2026-08-10T08:51:28.0063559Z     M4 graph query engine distinguishes outgoing and incoming inspection without inventing an inverse
2026-08-10T08:51:28.0064494Z   and 1 more test!
2026-08-10T08:51:28.0064704Z 
2026-08-10T08:51:28.0064713Z 
2026-08-10T08:51:28.0064947Z [Survived] ConditionalExpression
2026-08-10T08:51:28.0065409Z src/graph-query.ts:79:9
2026-08-10T08:51:28.0066117Z -       if (!resolution.record) return failure(query, resolution.diagnostics);
2026-08-10T08:51:28.0067198Z +       if (false) return failure(query, resolution.diagnostics);
2026-08-10T08:51:28.0067876Z Tests ran:
2026-08-10T08:51:28.0068472Z     M4 graph query engine returns only traversal-eligible neighbors by default
2026-08-10T08:51:28.0069337Z     M4 graph query engine labels excluded neighbors only when explicitly included
2026-08-10T08:51:28.0070107Z     M4 graph query engine supports exact predicate filtering
2026-08-10T08:51:28.0070605Z   and 2 more tests!
2026-08-10T08:51:28.0070799Z 
2026-08-10T08:51:28.0070806Z 
2026-08-10T08:51:28.0071028Z [Survived] ConditionalExpression
2026-08-10T08:51:28.0071469Z src/graph-query.ts:80:9
2026-08-10T08:51:28.0072036Z -       if (resolution.record.record_kind !== "concept") {
2026-08-10T08:51:28.0072571Z +       if (false) {
2026-08-10T08:51:28.0072708Z Tests ran:
2026-08-10T08:51:28.0073128Z     M4 graph query engine returns only traversal-eligible neighbors by default
2026-08-10T08:51:28.0073556Z     M4 graph query engine labels excluded neighbors only when explicitly included
2026-08-10T08:51:28.0073864Z     M4 graph query engine supports exact predicate filtering
2026-08-10T08:51:28.0074019Z   and 2 more tests!
2026-08-10T08:51:28.0074029Z 
2026-08-10T08:51:28.0074037Z 
2026-08-10T08:51:28.0074212Z [Survived] LogicalOperator
2026-08-10T08:51:28.0074400Z src/graph-query.ts:92:18
2026-08-10T08:51:28.0074709Z -         direction: options.direction ?? "outgoing",
2026-08-10T08:51:28.0074998Z +         direction: options.direction && "outgoing",
2026-08-10T08:51:28.0075125Z Tests ran:
2026-08-10T08:51:28.0075544Z     M4 graph query engine terminates cycles and never returns the start node twice
2026-08-10T08:51:28.0075930Z     M4 graph query engine never permits an excluded edge in traversable paths
2026-08-10T08:51:28.0076495Z     M4 graph query engine proves every excluded production relationship is absent from all default paths
2026-08-10T08:51:28.0076635Z   and 1 more test!
2026-08-10T08:51:28.0076646Z 
2026-08-10T08:51:28.0076654Z 
2026-08-10T08:51:28.0076824Z [Survived] LogicalOperator
2026-08-10T08:51:28.0077188Z src/graph-query.ts:93:19
2026-08-10T08:51:28.0077512Z -         predicates: options.predicates ?? [],
2026-08-10T08:51:28.0077809Z +         predicates: options.predicates && [],
2026-08-10T08:51:28.0077958Z Tests ran:
2026-08-10T08:51:28.0078418Z     M4 graph query engine terminates cycles and never returns the start node twice
2026-08-10T08:51:28.0078835Z     M4 graph query engine never permits an excluded edge in traversable paths
2026-08-10T08:51:28.0079453Z     M4 graph query engine proves every excluded production relationship is absent from all default paths
2026-08-10T08:51:28.0079613Z   and 1 more test!
2026-08-10T08:51:28.0079626Z 
2026-08-10T08:51:28.0079640Z 
2026-08-10T08:51:28.0079835Z [Survived] LogicalOperator
2026-08-10T08:51:28.0080024Z src/graph-query.ts:94:22
2026-08-10T08:51:28.0080354Z -         concept_types: options.conceptTypes ?? [],
2026-08-10T08:51:28.0080719Z +         concept_types: options.conceptTypes && [],
2026-08-10T08:51:28.0080855Z Tests ran:
2026-08-10T08:51:28.0081287Z     M4 graph query engine terminates cycles and never returns the start node twice
2026-08-10T08:51:28.0081918Z     M4 graph query engine never permits an excluded edge in traversable paths
2026-08-10T08:51:28.0082516Z     M4 graph query engine proves every excluded production relationship is absent from all default paths
2026-08-10T08:51:28.0082675Z   and 1 more test!
2026-08-10T08:51:28.0082689Z 
2026-08-10T08:51:28.0082696Z 
2026-08-10T08:51:28.0082882Z [Survived] LogicalOperator
2026-08-10T08:51:28.0083070Z src/graph-query.ts:95:16
2026-08-10T08:51:28.0083331Z -         domains: options.domains ?? [],
2026-08-10T08:51:28.0083747Z +         domains: options.domains && [],
2026-08-10T08:51:28.0083893Z Tests ran:
2026-08-10T08:51:28.0084363Z     M4 graph query engine terminates cycles and never returns the start node twice
2026-08-10T08:51:28.0084811Z     M4 graph query engine never permits an excluded edge in traversable paths
2026-08-10T08:51:28.0085463Z     M4 graph query engine proves every excluded production relationship is absent from all default paths
2026-08-10T08:51:28.0085650Z   and 1 more test!
2026-08-10T08:51:28.0085664Z 
2026-08-10T08:51:28.0085672Z 
2026-08-10T08:51:28.0085938Z [Survived] ConditionalExpression
2026-08-10T08:51:28.0086145Z src/graph-query.ts:98:9
2026-08-10T08:51:28.0086689Z -       if (!resolution.record) return failure(query, resolution.diagnostics);
2026-08-10T08:51:28.0087492Z +       if (false) return failure(query, resolution.diagnostics);
2026-08-10T08:51:28.0087656Z Tests ran:
2026-08-10T08:51:28.0088155Z     M4 graph query engine terminates cycles and never returns the start node twice
2026-08-10T08:51:28.0088618Z     M4 graph query engine never permits an excluded edge in traversable paths
2026-08-10T08:51:28.0089247Z     M4 graph query engine proves every excluded production relationship is absent from all default paths
2026-08-10T08:51:28.0089393Z   and 1 more test!
2026-08-10T08:51:28.0089406Z 
2026-08-10T08:51:28.0089413Z 
2026-08-10T08:51:28.0089651Z [Survived] ConditionalExpression
2026-08-10T08:51:28.0089849Z src/graph-query.ts:99:9
2026-08-10T08:51:28.0090216Z -       if (resolution.record.record_kind !== "concept") {
2026-08-10T08:51:28.0090398Z +       if (false) {
2026-08-10T08:51:28.0090544Z Tests ran:
2026-08-10T08:51:28.0091001Z     M4 graph query engine terminates cycles and never returns the start node twice
2026-08-10T08:51:28.0091433Z     M4 graph query engine never permits an excluded edge in traversable paths
2026-08-10T08:51:28.0092055Z     M4 graph query engine proves every excluded production relationship is absent from all default paths
2026-08-10T08:51:28.0092207Z   and 1 more test!
2026-08-10T08:51:28.0092226Z 
2026-08-10T08:51:28.0092234Z 
2026-08-10T08:51:28.0092428Z [Survived] LogicalOperator
2026-08-10T08:51:28.0092627Z src/graph-query.ts:117:18
2026-08-10T08:51:28.0092948Z -         direction: options.direction ?? "outgoing",
2026-08-10T08:51:28.0093262Z +         direction: options.direction && "outgoing",
2026-08-10T08:51:28.0093406Z Tests ran:
2026-08-10T08:51:28.0093930Z     M4 graph query engine returns deterministic multi-hop paths with full edge provenance
2026-08-10T08:51:28.0094382Z     M4 graph query engine returns an empty result rather than a fabricated path
2026-08-10T08:51:28.0094649Z     M4 graph query engine enforces maximum depth
2026-08-10T08:51:28.0094661Z 
2026-08-10T08:51:28.0094669Z 
2026-08-10T08:51:28.0094864Z [Survived] LogicalOperator
2026-08-10T08:51:28.0095058Z src/graph-query.ts:118:19
2026-08-10T08:51:28.0095361Z -         predicates: options.predicates ?? [],
2026-08-10T08:51:28.0095647Z +         predicates: options.predicates && [],
2026-08-10T08:51:28.0095799Z Tests ran:
2026-08-10T08:51:28.0096321Z     M4 graph query engine returns deterministic multi-hop paths with full edge provenance
2026-08-10T08:51:28.0096775Z     M4 graph query engine returns an empty result rather than a fabricated path
2026-08-10T08:51:28.0097259Z     M4 graph query engine enforces maximum depth
2026-08-10T08:51:28.0097275Z 
2026-08-10T08:51:28.0097284Z 
2026-08-10T08:51:28.0097762Z [Survived] ConditionalExpression
2026-08-10T08:51:28.0097967Z src/graph-query.ts:123:9
2026-08-10T08:51:28.0098438Z -       if (!from.record || !to.record) return failure(query, diagnostics);
2026-08-10T08:51:28.0098776Z +       if (false) return failure(query, diagnostics);
2026-08-10T08:51:28.0098921Z Tests ran:
2026-08-10T08:51:28.0099437Z     M4 graph query engine returns deterministic multi-hop paths with full edge provenance
2026-08-10T08:51:28.0099897Z     M4 graph query engine returns an empty result rather than a fabricated path
2026-08-10T08:51:28.0100372Z     M4 graph query engine enforces maximum depth
2026-08-10T08:51:28.0100389Z 
2026-08-10T08:51:28.0100398Z 
2026-08-10T08:51:28.0100594Z [Survived] LogicalOperator
2026-08-10T08:51:28.0100787Z src/graph-query.ts:123:9
2026-08-10T08:51:28.0101222Z -       if (!from.record || !to.record) return failure(query, diagnostics);
2026-08-10T08:51:28.0101655Z +       if (!from.record && !to.record) return failure(query, diagnostics);
2026-08-10T08:51:28.0101805Z Tests ran:
2026-08-10T08:51:28.0102337Z     M4 graph query engine returns deterministic multi-hop paths with full edge provenance
2026-08-10T08:51:28.0102789Z     M4 graph query engine returns an empty result rather than a fabricated path
2026-08-10T08:51:28.0103068Z     M4 graph query engine enforces maximum depth
2026-08-10T08:51:28.0103081Z 
2026-08-10T08:51:28.0103090Z 
2026-08-10T08:51:28.0103349Z [Survived] ConditionalExpression
2026-08-10T08:51:28.0103559Z src/graph-query.ts:124:9
2026-08-10T08:51:28.0104156Z -       if (from.record.record_kind !== "concept" || to.record.record_kind !== "concept") {
2026-08-10T08:51:28.0104344Z +       if (false) {
2026-08-10T08:51:28.0106113Z Tests ran:
2026-08-10T08:51:28.0106731Z     M4 graph query engine returns deterministic multi-hop paths with full edge provenance
2026-08-10T08:51:28.0107574Z     M4 graph query engine returns an empty result rather than a fabricated path
2026-08-10T08:51:28.0107861Z     M4 graph query engine enforces maximum depth
2026-08-10T08:51:28.0107886Z 
2026-08-10T08:51:28.0107895Z 
2026-08-10T08:51:28.0108092Z [Survived] LogicalOperator
2026-08-10T08:51:28.0108301Z src/graph-query.ts:124:9
2026-08-10T08:51:28.0108892Z -       if (from.record.record_kind !== "concept" || to.record.record_kind !== "concept") {
2026-08-10T08:51:28.0109462Z +       if (from.record.record_kind !== "concept" && to.record.record_kind !== "concept") {
2026-08-10T08:51:28.0109613Z Tests ran:
2026-08-10T08:51:28.0110132Z     M4 graph query engine returns deterministic multi-hop paths with full edge provenance
2026-08-10T08:51:28.0110583Z     M4 graph query engine returns an empty result rather than a fabricated path
2026-08-10T08:51:28.0110849Z     M4 graph query engine enforces maximum depth
2026-08-10T08:51:28.0110861Z 
2026-08-10T08:51:28.0110870Z 
2026-08-10T08:51:28.0111119Z [Survived] ConditionalExpression
2026-08-10T08:51:28.0111315Z src/graph-query.ts:124:9
2026-08-10T08:51:28.0111889Z -       if (from.record.record_kind !== "concept" || to.record.record_kind !== "concept") {
2026-08-10T08:51:28.0112257Z +       if (false || to.record.record_kind !== "concept") {
2026-08-10T08:51:28.0112397Z Tests ran:
2026-08-10T08:51:28.0112918Z     M4 graph query engine returns deterministic multi-hop paths with full edge provenance
2026-08-10T08:51:28.0113368Z     M4 graph query engine returns an empty result rather than a fabricated path
2026-08-10T08:51:28.0113626Z     M4 graph query engine enforces maximum depth
2026-08-10T08:51:28.0113646Z 
2026-08-10T08:51:28.0113654Z 
2026-08-10T08:51:28.0113893Z [Survived] ConditionalExpression
2026-08-10T08:51:28.0114101Z src/graph-query.ts:124:50
2026-08-10T08:51:28.0114674Z -       if (from.record.record_kind !== "concept" || to.record.record_kind !== "concept") {
2026-08-10T08:51:28.0115044Z +       if (from.record.record_kind !== "concept" || false) {
2026-08-10T08:51:28.0115189Z Tests ran:
2026-08-10T08:51:28.0115703Z     M4 graph query engine returns deterministic multi-hop paths with full edge provenance
2026-08-10T08:51:28.0116606Z     M4 graph query engine returns an empty result rather than a fabricated path
2026-08-10T08:51:28.0116897Z     M4 graph query engine enforces maximum depth
2026-08-10T08:51:28.0117140Z 
2026-08-10T08:51:28.0117153Z 
2026-08-10T08:51:28.0117413Z [Survived] ConditionalExpression
2026-08-10T08:51:28.0117712Z src/graph-query.ts:137:9
2026-08-10T08:51:28.0118224Z -       if (!resolution.record) return failure(query, resolution.diagnostics);
2026-08-10T08:51:28.0118665Z +       if (false) return failure(query, resolution.diagnostics);
2026-08-10T08:51:28.0118823Z Tests ran:
2026-08-10T08:51:28.0119491Z     M4 graph query engine queries claims by semantic and evidence metadata
2026-08-10T08:51:28.0119517Z 
2026-08-10T08:51:28.0119527Z 
2026-08-10T08:51:28.0119816Z [Survived] ConditionalExpression
2026-08-10T08:51:28.0120030Z src/graph-query.ts:138:9
2026-08-10T08:51:28.0120432Z -       if (resolution.record.record_kind !== "concept") {
2026-08-10T08:51:28.0120618Z +       if (false) {
2026-08-10T08:51:28.0120785Z Tests ran:
2026-08-10T08:51:28.0121222Z     M4 graph query engine queries claims by semantic and evidence metadata
2026-08-10T08:51:28.0121239Z 
2026-08-10T08:51:28.0121247Z 
2026-08-10T08:51:28.0121508Z [Survived] ConditionalExpression
2026-08-10T08:51:28.0121703Z src/graph-query.ts:144:9
2026-08-10T08:51:28.0122042Z -           claim.subject === resolution.record?.id ||
2026-08-10T08:51:28.0122299Z -           declared.has(claim.id) ||
2026-08-10T08:51:28.0122930Z -           asStringArray(claim.applicable_concept_ids).includes(resolution.record?.id ?? ""),
2026-08-10T08:51:28.0123108Z +           true,
2026-08-10T08:51:28.0123253Z Tests ran:
2026-08-10T08:51:28.0123660Z     M4 graph query engine queries claims by semantic and evidence metadata
2026-08-10T08:51:28.0123680Z 
2026-08-10T08:51:28.0123688Z 
2026-08-10T08:51:28.0123879Z [Survived] LogicalOperator
2026-08-10T08:51:28.0124080Z src/graph-query.ts:144:9
2026-08-10T08:51:28.0124415Z -           claim.subject === resolution.record?.id ||
2026-08-10T08:51:28.0124673Z -           declared.has(claim.id) ||
2026-08-10T08:51:28.0125169Z +           claim.subject === resolution.record?.id && declared.has(claim.id) ||
2026-08-10T08:51:28.0125315Z Tests ran:
2026-08-10T08:51:28.0125727Z     M4 graph query engine queries claims by semantic and evidence metadata
2026-08-10T08:51:28.0125742Z 
2026-08-10T08:51:28.0125752Z 
2026-08-10T08:51:28.0126020Z [Survived] ConditionalExpression
2026-08-10T08:51:28.0126227Z src/graph-query.ts:144:9
2026-08-10T08:51:28.0126558Z -           claim.subject === resolution.record?.id ||
2026-08-10T08:51:28.0126747Z +           false ||
2026-08-10T08:51:28.0126900Z Tests ran:
2026-08-10T08:51:28.0127680Z     M4 graph query engine queries claims by semantic and evidence metadata
2026-08-10T08:51:28.0127699Z 
2026-08-10T08:51:28.0127707Z 
2026-08-10T08:51:28.0127921Z [Survived] EqualityOperator
2026-08-10T08:51:28.0128123Z src/graph-query.ts:144:9
2026-08-10T08:51:28.0128454Z -           claim.subject === resolution.record?.id ||
2026-08-10T08:51:28.0128808Z +           claim.subject !== resolution.record?.id ||
2026-08-10T08:51:28.0128963Z Tests ran:
2026-08-10T08:51:28.0129379Z     M4 graph query engine queries claims by semantic and evidence metadata
2026-08-10T08:51:28.0129394Z 
2026-08-10T08:51:28.0129402Z 
2026-08-10T08:51:28.0129606Z [Survived] OptionalChaining
2026-08-10T08:51:28.0129813Z src/graph-query.ts:144:27
2026-08-10T08:51:28.0130142Z -           claim.subject === resolution.record?.id ||
2026-08-10T08:51:28.0130473Z +           claim.subject === resolution.record.id ||
2026-08-10T08:51:28.0130626Z Tests ran:
2026-08-10T08:51:28.0131040Z     M4 graph query engine queries claims by semantic and evidence metadata
2026-08-10T08:51:28.0131057Z 
2026-08-10T08:51:28.0131074Z 
2026-08-10T08:51:28.0131268Z [Survived] LogicalOperator
2026-08-10T08:51:28.0131471Z src/graph-query.ts:146:62
2026-08-10T08:51:28.0132114Z -           asStringArray(claim.applicable_concept_ids).includes(resolution.record?.id ?? ""),
2026-08-10T08:51:28.0133002Z +           asStringArray(claim.applicable_concept_ids).includes(resolution.record?.id && ""),
2026-08-10T08:51:28.0133160Z Tests ran:
2026-08-10T08:51:28.0133583Z     M4 graph query engine queries claims by semantic and evidence metadata
2026-08-10T08:51:28.0133605Z 
2026-08-10T08:51:28.0133613Z 
2026-08-10T08:51:28.0133813Z [Survived] OptionalChaining
2026-08-10T08:51:28.0134019Z src/graph-query.ts:146:62
2026-08-10T08:51:28.0134661Z -           asStringArray(claim.applicable_concept_ids).includes(resolution.record?.id ?? ""),
2026-08-10T08:51:28.0135485Z +           asStringArray(claim.applicable_concept_ids).includes(resolution.record.id ?? ""),
2026-08-10T08:51:28.0135658Z Tests ran:
2026-08-10T08:51:28.0136091Z     M4 graph query engine queries claims by semantic and evidence metadata
2026-08-10T08:51:28.0136107Z 
2026-08-10T08:51:28.0136116Z 
2026-08-10T08:51:28.0136363Z [Survived] ConditionalExpression
2026-08-10T08:51:28.0136567Z src/graph-query.ts:154:9
2026-08-10T08:51:28.0137413Z -       if (!resolution.record) return failure(query, resolution.diagnostics);
2026-08-10T08:51:28.0137830Z +       if (false) return failure(query, resolution.diagnostics);
2026-08-10T08:51:28.0137987Z Tests ran:
2026-08-10T08:51:28.0138500Z     M4 graph query engine keeps direct evidence, locators, and derived evidence separate
2026-08-10T08:51:28.0138516Z 
2026-08-10T08:51:28.0138524Z 
2026-08-10T08:51:28.0138747Z [Survived] ConditionalExpression
2026-08-10T08:51:28.0138937Z src/graph-query.ts:155:9
2026-08-10T08:51:28.0139273Z -       if (resolution.record.record_kind !== "claim") {
2026-08-10T08:51:28.0139436Z +       if (false) {
2026-08-10T08:51:28.0139568Z Tests ran:
2026-08-10T08:51:28.0140025Z     M4 graph query engine keeps direct evidence, locators, and derived evidence separate
2026-08-10T08:51:28.0140039Z 
2026-08-10T08:51:28.0140046Z 
2026-08-10T08:51:28.0140294Z [Survived] ConditionalExpression
2026-08-10T08:51:28.0140483Z src/graph-query.ts:166:55
2026-08-10T08:51:28.0140931Z -         .filter((record): record is GraphIndexRecord => record !== undefined);
2026-08-10T08:51:28.0141288Z +         .filter((record): record is GraphIndexRecord => true);
2026-08-10T08:51:28.0141419Z Tests ran:
2026-08-10T08:51:28.0141860Z     M4 graph query engine keeps direct evidence, locators, and derived evidence separate
2026-08-10T08:51:28.0141870Z 
2026-08-10T08:51:28.0141877Z 
2026-08-10T08:51:28.0142091Z [Survived] ConditionalExpression
2026-08-10T08:51:28.0142262Z src/graph-query.ts:166:55
2026-08-10T08:51:28.0142699Z -         .filter((record): record is GraphIndexRecord => record !== undefined);
2026-08-10T08:51:28.0143057Z +         .filter((record): record is GraphIndexRecord => false);
2026-08-10T08:51:28.0143180Z Tests ran:
2026-08-10T08:51:28.0143625Z     M4 graph query engine keeps direct evidence, locators, and derived evidence separate
2026-08-10T08:51:28.0143635Z 
2026-08-10T08:51:28.0143642Z 
2026-08-10T08:51:28.0143814Z [Survived] EqualityOperator
2026-08-10T08:51:28.0143981Z src/graph-query.ts:166:55
2026-08-10T08:51:28.0144422Z -         .filter((record): record is GraphIndexRecord => record !== undefined);
2026-08-10T08:51:28.0144846Z +         .filter((record): record is GraphIndexRecord => record === undefined);
2026-08-10T08:51:28.0144970Z Tests ran:
2026-08-10T08:51:28.0145405Z     M4 graph query engine keeps direct evidence, locators, and derived evidence separate
2026-08-10T08:51:28.0145415Z 
2026-08-10T08:51:28.0145422Z 
2026-08-10T08:51:28.0145591Z [Survived] LogicalOperator
2026-08-10T08:51:28.0145759Z src/graph-query.ts:185:20
2026-08-10T08:51:28.0146029Z -           normative: claim.normative ?? null,
2026-08-10T08:51:28.0146281Z +           normative: claim.normative && null,
2026-08-10T08:51:28.0146403Z Tests ran:
2026-08-10T08:51:28.0146847Z     M4 graph query engine keeps direct evidence, locators, and derived evidence separate
2026-08-10T08:51:28.0146856Z 
2026-08-10T08:51:28.0146863Z 
2026-08-10T08:51:28.0147394Z [Survived] ConditionalExpression
2026-08-10T08:51:28.0147777Z src/graph-query.ts:203:9
2026-08-10T08:51:28.0148234Z -       if (!resolution.record) return failure(query, resolution.diagnostics);
2026-08-10T08:51:28.0148589Z +       if (false) return failure(query, resolution.diagnostics);
2026-08-10T08:51:28.0148712Z Tests ran:
2026-08-10T08:51:28.0149150Z     M4 graph query engine explains both eligible and excluded relationship traversal
2026-08-10T08:51:28.0149161Z 
2026-08-10T08:51:28.0149168Z 
2026-08-10T08:51:28.0149383Z [Survived] ConditionalExpression
2026-08-10T08:51:28.0149555Z src/graph-query.ts:204:9
2026-08-10T08:51:28.0150040Z -       if (resolution.record.record_kind !== "relationship") {
2026-08-10T08:51:28.0150200Z +       if (false) {
2026-08-10T08:51:28.0150334Z Tests ran:
2026-08-10T08:51:28.0150759Z     M4 graph query engine explains both eligible and excluded relationship traversal
2026-08-10T08:51:28.0150769Z 
2026-08-10T08:51:28.0150776Z 
2026-08-10T08:51:28.0150993Z [Survived] ConditionalExpression
2026-08-10T08:51:28.0151167Z src/graph-query.ts:210:9
2026-08-10T08:51:28.0151749Z -       if (!edge) return failure(query, [diagnostic("GRAPH_EDGE_UNKNOWN", resolution.record.id)]);
2026-08-10T08:51:28.0152337Z +       if (false) return failure(query, [diagnostic("GRAPH_EDGE_UNKNOWN", resolution.record.id)]);
2026-08-10T08:51:28.0152468Z Tests ran:
2026-08-10T08:51:28.0152884Z     M4 graph query engine explains both eligible and excluded relationship traversal
2026-08-10T08:51:28.0152894Z 
2026-08-10T08:51:28.0152901Z 
2026-08-10T08:51:28.0153122Z [Survived] ConditionalExpression
2026-08-10T08:51:28.0153299Z src/graph-query.ts:237:9
2026-08-10T08:51:28.0153768Z -       if (!resolution.record) return failure(query, resolution.diagnostics);
2026-08-10T08:51:28.0154139Z +       if (false) return failure(query, resolution.diagnostics);
2026-08-10T08:51:28.0154273Z Tests ran:
2026-08-10T08:51:28.0154702Z     M4 graph query engine finds reverse dependents without claiming inverse semantics
2026-08-10T08:51:28.0154712Z 
2026-08-10T08:51:28.0154725Z 
2026-08-10T08:51:28.0154943Z [Survived] ConditionalExpression
2026-08-10T08:51:28.0155117Z src/graph-query.ts:240:25
2026-08-10T08:51:28.0155636Z -         .filter((edge) => edge.to === id || (edge.direction === "symmetric" && edge.from === id))
2026-08-10T08:51:28.0155848Z +         .filter((edge) => true)
2026-08-10T08:51:28.0155979Z Tests ran:
2026-08-10T08:51:28.0156404Z     M4 graph query engine finds reverse dependents without claiming inverse semantics
2026-08-10T08:51:28.0156420Z 
2026-08-10T08:51:28.0156428Z 
2026-08-10T08:51:28.0156637Z [Survived] ConditionalExpression
2026-08-10T08:51:28.0156821Z src/graph-query.ts:240:44
2026-08-10T08:51:28.0166096Z -         .filter((edge) => edge.to === id || (edge.direction === "symmetric" && edge.from === id))
2026-08-10T08:51:28.0166409Z +         .filter((edge) => edge.to === id || (false))
2026-08-10T08:51:28.0166544Z Tests ran:
2026-08-10T08:51:28.0167328Z     M4 graph query engine finds reverse dependents without claiming inverse semantics
2026-08-10T08:51:28.0167359Z 
2026-08-10T08:51:28.0167367Z 
2026-08-10T08:51:28.0167552Z [Survived] LogicalOperator
2026-08-10T08:51:28.0167759Z src/graph-query.ts:240:44
2026-08-10T08:51:28.0168356Z -         .filter((edge) => edge.to === id || (edge.direction === "symmetric" && edge.from === id))
2026-08-10T08:51:28.0168919Z +         .filter((edge) => edge.to === id || (edge.direction === "symmetric" || edge.from === id))
2026-08-10T08:51:28.0169060Z Tests ran:
2026-08-10T08:51:28.0169536Z     M4 graph query engine finds reverse dependents without claiming inverse semantics
2026-08-10T08:51:28.0169547Z 
2026-08-10T08:51:28.0169555Z 
2026-08-10T08:51:28.0169792Z [Survived] ConditionalExpression
2026-08-10T08:51:28.0169986Z src/graph-query.ts:240:44
2026-08-10T08:51:28.0170574Z -         .filter((edge) => edge.to === id || (edge.direction === "symmetric" && edge.from === id))
2026-08-10T08:51:28.0170996Z +         .filter((edge) => edge.to === id || (true && edge.from === id))
2026-08-10T08:51:28.0171136Z Tests ran:
2026-08-10T08:51:28.0171828Z     M4 graph query engine finds reverse dependents without claiming inverse semantics
2026-08-10T08:51:28.0171840Z 
2026-08-10T08:51:28.0171848Z 
2026-08-10T08:51:28.0172042Z [Survived] EqualityOperator
2026-08-10T08:51:28.0172219Z src/graph-query.ts:240:44
2026-08-10T08:51:28.0172753Z -         .filter((edge) => edge.to === id || (edge.direction === "symmetric" && edge.from === id))
2026-08-10T08:51:28.0173282Z +         .filter((edge) => edge.to === id || (edge.direction !== "symmetric" && edge.from === id))
2026-08-10T08:51:28.0173406Z Tests ran:
2026-08-10T08:51:28.0173997Z     M4 graph query engine finds reverse dependents without claiming inverse semantics
2026-08-10T08:51:28.0174012Z 
2026-08-10T08:51:28.0174019Z 
2026-08-10T08:51:28.0174249Z [Survived] ConditionalExpression
2026-08-10T08:51:28.0174429Z src/graph-query.ts:240:78
2026-08-10T08:51:28.0174971Z -         .filter((edge) => edge.to === id || (edge.direction === "symmetric" && edge.from === id))
2026-08-10T08:51:28.0175474Z +         .filter((edge) => edge.to === id || (edge.direction === "symmetric" && true))
2026-08-10T08:51:28.0175606Z Tests ran:
2026-08-10T08:51:28.0176072Z     M4 graph query engine finds reverse dependents without claiming inverse semantics
2026-08-10T08:51:28.0176083Z 
2026-08-10T08:51:28.0176091Z 
2026-08-10T08:51:28.0176278Z [Survived] EqualityOperator
2026-08-10T08:51:28.0176465Z src/graph-query.ts:240:78
2026-08-10T08:51:28.0177295Z -         .filter((edge) => edge.to === id || (edge.direction === "symmetric" && edge.from === id))
2026-08-10T08:51:28.0177881Z +         .filter((edge) => edge.to === id || (edge.direction === "symmetric" && edge.from !== id))
2026-08-10T08:51:28.0178016Z Tests ran:
2026-08-10T08:51:28.0178487Z     M4 graph query engine finds reverse dependents without claiming inverse semantics
2026-08-10T08:51:28.0178498Z 
2026-08-10T08:51:28.0178506Z 
2026-08-10T08:51:28.0178741Z [Survived] ConditionalExpression
2026-08-10T08:51:28.0178931Z src/graph-query.ts:242:32
2026-08-10T08:51:28.0179362Z -           referencing_record_id: edge.from === id ? edge.to : edge.from,
2026-08-10T08:51:28.0179720Z +           referencing_record_id: false ? edge.to : edge.from,
2026-08-10T08:51:28.0179853Z Tests ran:
2026-08-10T08:51:28.0180291Z     M4 graph query engine finds reverse dependents without claiming inverse semantics
2026-08-10T08:51:28.0180302Z 
2026-08-10T08:51:28.0180310Z 
2026-08-10T08:51:28.0180530Z [Survived] ConditionalExpression
2026-08-10T08:51:28.0180715Z src/graph-query.ts:255:11
2026-08-10T08:51:28.0180916Z -           : family === "claims"
2026-08-10T08:51:28.0181066Z +           : false
2026-08-10T08:51:28.0181200Z Tests ran:
2026-08-10T08:51:28.0181588Z     M4 graph query engine filters every index using exact structured metadata
2026-08-10T08:51:28.0181600Z 
2026-08-10T08:51:28.0181607Z 
2026-08-10T08:51:28.0181825Z [Survived] ConditionalExpression
2026-08-10T08:51:28.0182007Z src/graph-query.ts:259:15
2026-08-10T08:51:28.0182240Z -               : family === "sources"
2026-08-10T08:51:28.0182410Z +               : true
2026-08-10T08:51:28.0182546Z Tests ran:
2026-08-10T08:51:28.0182955Z     M4 graph query engine filters every index using exact structured metadata
2026-08-10T08:51:28.0182965Z 
2026-08-10T08:51:28.0182972Z 
2026-08-10T08:51:28.0183204Z [Survived] ConditionalExpression
2026-08-10T08:51:28.0183393Z src/graph-query.ts:262:9
2026-08-10T08:51:28.0183555Z -       if (!records)
2026-08-10T08:51:28.0183713Z +       if (false)
2026-08-10T08:51:28.0183850Z Tests ran:
2026-08-10T08:51:28.0184253Z     M4 graph query engine filters every index using exact structured metadata
2026-08-10T08:51:28.0184670Z     M4 graph query engine rejects unsupported index filters deterministically
2026-08-10T08:51:28.0184681Z 
2026-08-10T08:51:28.0184688Z 
2026-08-10T08:51:28.0184872Z [Survived] LogicalOperator
2026-08-10T08:51:28.0185056Z src/graph-query.ts:315:9
2026-08-10T08:51:28.0185698Z -       if (diagnostics.length > 0 || normalizedConstraints.some((item) => item === undefined)) {
2026-08-10T08:51:28.0186441Z +       if (diagnostics.length > 0 && normalizedConstraints.some(item => item === undefined)) {
2026-08-10T08:51:28.0186569Z Tests ran:
2026-08-10T08:51:28.0187203Z     M4 graph query engine executes a non-empty structured multi-constraint query
2026-08-10T08:51:28.0187647Z     M4 graph query engine applies type, domain, and status node filters conjunctively
2026-08-10T08:51:28.0188194Z     M4 graph query engine includes a governed excluded edge only when structured traversal opts out
2026-08-10T08:51:28.0188335Z   and 6 more tests!
2026-08-10T08:51:28.0188346Z 
2026-08-10T08:51:28.0188352Z 
2026-08-10T08:51:28.0188749Z [Survived] ConditionalExpression
2026-08-10T08:51:28.0188961Z src/graph-query.ts:315:9
2026-08-10T08:51:28.0189591Z -       if (diagnostics.length > 0 || normalizedConstraints.some((item) => item === undefined)) {
2026-08-10T08:51:28.0190087Z +       if (false || normalizedConstraints.some((item) => item === undefined)) {
2026-08-10T08:51:28.0190224Z Tests ran:
2026-08-10T08:51:28.0190670Z     M4 graph query engine executes a non-empty structured multi-constraint query
2026-08-10T08:51:28.0191130Z     M4 graph query engine applies type, domain, and status node filters conjunctively
2026-08-10T08:51:28.0191693Z     M4 graph query engine includes a governed excluded edge only when structured traversal opts out
2026-08-10T08:51:28.0191833Z   and 6 more tests!
2026-08-10T08:51:28.0191845Z 
2026-08-10T08:51:28.0191859Z 
2026-08-10T08:51:28.0192081Z [Survived] ConditionalExpression
2026-08-10T08:51:28.0192266Z src/graph-query.ts:315:72
2026-08-10T08:51:28.0192861Z -       if (diagnostics.length > 0 || normalizedConstraints.some((item) => item === undefined)) {
2026-08-10T08:51:28.0193367Z +       if (diagnostics.length > 0 || normalizedConstraints.some((item) => false)) {
2026-08-10T08:51:28.0193504Z Tests ran:
2026-08-10T08:51:28.0193925Z     M4 graph query engine executes a non-empty structured multi-constraint query
2026-08-10T08:51:28.0194454Z     M4 graph query engine includes a governed excluded edge only when structured traversal opts out
2026-08-10T08:51:28.0194930Z     M4 graph query engine does not ignore a mismatched structured relationship predicate
2026-08-10T08:51:28.0195074Z   and 3 more tests!
2026-08-10T08:51:28.0195085Z 
2026-08-10T08:51:28.0195092Z 
2026-08-10T08:51:28.0195308Z [Survived] ConditionalExpression
2026-08-10T08:51:28.0195492Z src/graph-query.ts:328:13
2026-08-10T08:51:28.0195740Z -               constraint !== undefined &&
2026-08-10T08:51:28.0195894Z +               true &&
2026-08-10T08:51:28.0196030Z Tests ran:
2026-08-10T08:51:28.0196448Z     M4 graph query engine executes a non-empty structured multi-constraint query
2026-08-10T08:51:28.0197248Z     M4 graph query engine includes a governed excluded edge only when structured traversal opts out
2026-08-10T08:51:28.0197704Z     M4 graph query engine does not ignore a mismatched structured relationship predicate
2026-08-10T08:51:28.0197847Z   and 3 more tests!
2026-08-10T08:51:28.0197858Z 
2026-08-10T08:51:28.0197871Z 
2026-08-10T08:51:28.0198046Z [Survived] EqualityOperator
2026-08-10T08:51:28.0198229Z src/graph-query.ts:357:9
2026-08-10T08:51:28.0198442Z -       if (matches.length > 1) {
2026-08-10T08:51:28.0198659Z +       if (matches.length >= 1) {
2026-08-10T08:51:28.0198791Z Tests ran:
2026-08-10T08:51:28.0199228Z     M4 graph query engine resolves an exact current human key without fuzzy matching
2026-08-10T08:51:28.0199589Z     M4 graph query engine returns a deterministic unknown-ID diagnostic
2026-08-10T08:51:28.0199983Z     M4 graph query engine rejects unknown and non-concept structured targets
2026-08-10T08:51:28.0200131Z   and 1 more test!
2026-08-10T08:51:28.0200142Z 
2026-08-10T08:51:28.0200149Z 
2026-08-10T08:51:28.0200373Z [Survived] ConditionalExpression
2026-08-10T08:51:28.0200560Z src/graph-query.ts:382:58
2026-08-10T08:51:28.0201168Z -             edge.direction === "symmetric" ? "symmetric" : edge.from === id ? "outgoing" : "incoming",
2026-08-10T08:51:28.0201690Z +             edge.direction === "symmetric" ? "symmetric" : false ? "outgoing" : "incoming",
2026-08-10T08:51:28.0201986Z Tests ran:
2026-08-10T08:51:28.0202408Z     M4 graph query engine labels excluded neighbors only when explicitly included
2026-08-10T08:51:28.0202977Z     M4 graph query engine distinguishes outgoing and incoming inspection without inventing an inverse
2026-08-10T08:51:28.0203450Z     M4 graph query engine returns deterministic multi-hop paths with full edge provenance
2026-08-10T08:51:28.0203595Z   and 2 more tests!
2026-08-10T08:51:28.0203606Z 
2026-08-10T08:51:28.0203613Z 
2026-08-10T08:51:28.0203937Z [Survived] LogicalOperator
2026-08-10T08:51:28.0204121Z src/graph-query.ts:405:20
2026-08-10T08:51:28.0204434Z -           direction: options.direction ?? "outgoing",
2026-08-10T08:51:28.0204741Z +           direction: options.direction && "outgoing",
2026-08-10T08:51:28.0204867Z Tests ran:
2026-08-10T08:51:28.0205341Z     M4 graph query engine returns deterministic multi-hop paths with full edge provenance
2026-08-10T08:51:28.0205759Z     M4 graph query engine returns an empty result rather than a fabricated path
2026-08-10T08:51:28.0205996Z     M4 graph query engine enforces maximum depth
2026-08-10T08:51:28.0206139Z   and 4 more tests!
2026-08-10T08:51:28.0206150Z 
2026-08-10T08:51:28.0206158Z 
2026-08-10T08:51:28.0206381Z [Survived] ConditionalExpression
2026-08-10T08:51:28.0206556Z src/graph-query.ts:410:13
2026-08-10T08:51:28.0207221Z -           if (!isPlainObject(candidate) || !isPlainObject(candidate.edge)) continue;
2026-08-10T08:51:28.0207440Z +           if (false) continue;
2026-08-10T08:51:28.0207567Z Tests ran:
2026-08-10T08:51:28.0208052Z     M4 graph query engine returns deterministic multi-hop paths with full edge provenance
2026-08-10T08:51:28.0208459Z     M4 graph query engine returns an empty result rather than a fabricated path
2026-08-10T08:51:28.0208698Z     M4 graph query engine enforces maximum depth
2026-08-10T08:51:28.0208948Z   and 3 more tests!
2026-08-10T08:51:28.0208976Z 
2026-08-10T08:51:28.0208991Z 
2026-08-10T08:51:28.0209170Z [Survived] LogicalOperator
2026-08-10T08:51:28.0209345Z src/graph-query.ts:410:13
2026-08-10T08:51:28.0209845Z -           if (!isPlainObject(candidate) || !isPlainObject(candidate.edge)) continue;
2026-08-10T08:51:28.0210347Z +           if (!isPlainObject(candidate) && !isPlainObject(candidate.edge)) continue;
2026-08-10T08:51:28.0210484Z Tests ran:
2026-08-10T08:51:28.0210977Z     M4 graph query engine returns deterministic multi-hop paths with full edge provenance
2026-08-10T08:51:28.0211401Z     M4 graph query engine returns an empty result rather than a fabricated path
2026-08-10T08:51:28.0211653Z     M4 graph query engine enforces maximum depth
2026-08-10T08:51:28.0211793Z   and 3 more tests!
2026-08-10T08:51:28.0211805Z 
2026-08-10T08:51:28.0211812Z 
2026-08-10T08:51:28.0212045Z [Survived] ConditionalExpression
2026-08-10T08:51:28.0212234Z src/graph-query.ts:415:13
2026-08-10T08:51:28.0212688Z -           if (!nextRecord || nextRecord.record_kind !== "concept") continue;
2026-08-10T08:51:28.0212917Z +           if (false) continue;
2026-08-10T08:51:28.0213053Z Tests ran:
2026-08-10T08:51:28.0213541Z     M4 graph query engine returns deterministic multi-hop paths with full edge provenance
2026-08-10T08:51:28.0213960Z     M4 graph query engine returns an empty result rather than a fabricated path
2026-08-10T08:51:28.0214192Z     M4 graph query engine enforces maximum depth
2026-08-10T08:51:28.0214325Z   and 3 more tests!
2026-08-10T08:51:28.0214336Z 
2026-08-10T08:51:28.0214343Z 
2026-08-10T08:51:28.0214513Z [Survived] LogicalOperator
2026-08-10T08:51:28.0214700Z src/graph-query.ts:415:13
2026-08-10T08:51:28.0215127Z -           if (!nextRecord || nextRecord.record_kind !== "concept") continue;
2026-08-10T08:51:28.0215551Z +           if (!nextRecord && nextRecord.record_kind !== "concept") continue;
2026-08-10T08:51:28.0215683Z Tests ran:
2026-08-10T08:51:28.0216151Z     M4 graph query engine returns deterministic multi-hop paths with full edge provenance
2026-08-10T08:51:28.0216737Z     M4 graph query engine returns an empty result rather than a fabricated path
2026-08-10T08:51:28.0217155Z     M4 graph query engine enforces maximum depth
2026-08-10T08:51:28.0217301Z   and 3 more tests!
2026-08-10T08:51:28.0217319Z 
2026-08-10T08:51:28.0217326Z 
2026-08-10T08:51:28.0217553Z [Survived] ConditionalExpression
2026-08-10T08:51:28.0217741Z src/graph-query.ts:415:28
2026-08-10T08:51:28.0218192Z -           if (!nextRecord || nextRecord.record_kind !== "concept") continue;
2026-08-10T08:51:28.0218448Z +           if (!nextRecord || false) continue;
2026-08-10T08:51:28.0218737Z Tests ran:
2026-08-10T08:51:28.0219221Z     M4 graph query engine returns deterministic multi-hop paths with full edge provenance
2026-08-10T08:51:28.0219611Z     M4 graph query engine returns an empty result rather than a fabricated path
2026-08-10T08:51:28.0219857Z     M4 graph query engine enforces maximum depth
2026-08-10T08:51:28.0220006Z   and 3 more tests!
2026-08-10T08:51:28.0220017Z 
2026-08-10T08:51:28.0220031Z 
2026-08-10T08:51:28.0220256Z [Survived] ConditionalExpression
2026-08-10T08:51:28.0220444Z src/graph-query.ts:416:13
2026-08-10T08:51:28.0220951Z -           if (!matchesAny(nextRecord.type, options.conceptTypes ?? [])) continue;
2026-08-10T08:51:28.0221164Z +           if (false) continue;
2026-08-10T08:51:28.0221299Z Tests ran:
2026-08-10T08:51:28.0221791Z     M4 graph query engine returns deterministic multi-hop paths with full edge provenance
2026-08-10T08:51:28.0222204Z     M4 graph query engine returns an empty result rather than a fabricated path
2026-08-10T08:51:28.0222866Z     M4 graph query engine enforces maximum depth
2026-08-10T08:51:28.0223072Z   and 3 more tests!
2026-08-10T08:51:28.0223083Z 
2026-08-10T08:51:28.0223138Z 
2026-08-10T08:51:28.0223401Z [Survived] ConditionalExpression
2026-08-10T08:51:28.0223669Z src/graph-query.ts:425:13
2026-08-10T08:51:28.0224161Z -           if (!destination || nextId !== destination) queue.push(nextState);
2026-08-10T08:51:28.0224564Z +           if (true) queue.push(nextState);
2026-08-10T08:51:28.0224802Z Tests ran:
2026-08-10T08:51:28.0225330Z     M4 graph query engine returns deterministic multi-hop paths with full edge provenance
2026-08-10T08:51:28.0225831Z     M4 graph query engine returns an empty result rather than a fabricated path
2026-08-10T08:51:28.0226181Z     M4 graph query engine enforces maximum depth
2026-08-10T08:51:28.0241498Z   and 3 more tests!
2026-08-10T08:51:28.0241528Z 
2026-08-10T08:51:28.0241536Z 
2026-08-10T08:51:28.0241749Z [Survived] BooleanLiteral
2026-08-10T08:51:28.0241963Z src/graph-query.ts:425:13
2026-08-10T08:51:28.0242456Z -           if (!destination || nextId !== destination) queue.push(nextState);
2026-08-10T08:51:28.0242965Z +           if (destination || nextId !== destination) queue.push(nextState);
2026-08-10T08:51:28.0243120Z Tests ran:
2026-08-10T08:51:28.0243626Z     M4 graph query engine returns deterministic multi-hop paths with full edge provenance
2026-08-10T08:51:28.0244034Z     M4 graph query engine returns an empty result rather than a fabricated path
2026-08-10T08:51:28.0244329Z     M4 graph query engine enforces maximum depth
2026-08-10T08:51:28.0244486Z   and 3 more tests!
2026-08-10T08:51:28.0244498Z 
2026-08-10T08:51:28.0244507Z 
2026-08-10T08:51:28.0244742Z [Survived] ConditionalExpression
2026-08-10T08:51:28.0244973Z src/graph-query.ts:489:14
2026-08-10T08:51:28.0245586Z -         return expected.length === 0 || expected.some((item) => exactValueMatch(value, item));
2026-08-10T08:51:28.0246018Z +         return false || expected.some((item) => exactValueMatch(value, item));
2026-08-10T08:51:28.0246156Z Tests ran:
2026-08-10T08:51:28.0246521Z     M4 graph query engine queries claims by semantic and evidence metadata
2026-08-10T08:51:28.0246885Z     M4 graph query engine filters every index using exact structured metadata
2026-08-10T08:51:28.0247401Z 
2026-08-10T08:51:28.0247410Z 
2026-08-10T08:51:28.0247641Z [Survived] ConditionalExpression
2026-08-10T08:51:28.0247826Z src/graph-query.ts:514:7
2026-08-10T08:51:28.0248545Z -     if (queryObject.node !== undefined && !isPlainObject(queryObject.node)) {
2026-08-10T08:51:28.0248699Z +     if (false) {
2026-08-10T08:51:28.0248828Z Tests ran:
2026-08-10T08:51:28.0249227Z     M4 graph query engine executes a non-empty structured multi-constraint query
2026-08-10T08:51:28.0249653Z     M4 graph query engine applies type, domain, and status node filters conjunctively
2026-08-10T08:51:28.0250182Z     M4 graph query engine includes a governed excluded edge only when structured traversal opts out
2026-08-10T08:51:28.0250329Z   and 8 more tests!
2026-08-10T08:51:28.0250533Z 
2026-08-10T08:51:28.0250548Z 
2026-08-10T08:51:28.0250784Z [Survived] ConditionalExpression
2026-08-10T08:51:28.0250973Z src/graph-query.ts:521:64
2026-08-10T08:51:28.0251519Z -         } else if (!Array.isArray(value) || value.some((item) => typeof item !== "string")) {
2026-08-10T08:51:28.0251933Z +         } else if (!Array.isArray(value) || value.some((item) => false)) {
2026-08-10T08:51:28.0252077Z Tests ran:
2026-08-10T08:51:28.0252497Z     M4 graph query engine executes a non-empty structured multi-constraint query
2026-08-10T08:51:28.0252927Z     M4 graph query engine applies type, domain, and status node filters conjunctively
2026-08-10T08:51:28.0253471Z     M4 graph query engine includes a governed excluded edge only when structured traversal opts out
2026-08-10T08:51:28.0253626Z   and 4 more tests!
2026-08-10T08:51:28.0253638Z 
2026-08-10T08:51:28.0253645Z 
2026-08-10T08:51:28.0254027Z [Survived] ConditionalExpression
2026-08-10T08:51:28.0257444Z src/graph-query.ts:534:11
2026-08-10T08:51:28.0257834Z -         if (!isPlainObject(constraint)) continue;
2026-08-10T08:51:28.0258056Z +         if (false) continue;
2026-08-10T08:51:28.0258193Z Tests ran:
2026-08-10T08:51:28.0258613Z     M4 graph query engine executes a non-empty structured multi-constraint query
2026-08-10T08:51:28.0259137Z     M4 graph query engine includes a governed excluded edge only when structured traversal opts out
2026-08-10T08:51:28.0259515Z     M4 graph query engine rejects unknown and non-concept structured targets
2026-08-10T08:51:28.0259656Z   and 7 more tests!
2026-08-10T08:51:28.0259668Z 
2026-08-10T08:51:28.0259676Z 
2026-08-10T08:51:28.0259897Z [Survived] ConditionalExpression
2026-08-10T08:51:28.0260070Z src/graph-query.ts:561:7
2026-08-10T08:51:28.0260472Z -     if (typeof value === "boolean") return String(value) === expected;
2026-08-10T08:51:28.0260824Z +     if (true) return String(value) === expected;
2026-08-10T08:51:28.0260951Z Tests ran:
2026-08-10T08:51:28.0261330Z     M4 graph query engine queries claims by semantic and evidence metadata
2026-08-10T08:51:28.0261713Z     M4 graph query engine filters every index using exact structured metadata
2026-08-10T08:51:28.0261724Z 
2026-08-10T08:51:28.0261731Z 
2026-08-10T08:51:28.0261948Z [Survived] ConditionalExpression
2026-08-10T08:51:28.0262127Z src/graph-query.ts:561:42
2026-08-10T08:51:28.0262524Z -     if (typeof value === "boolean") return String(value) === expected;
2026-08-10T08:51:28.0262801Z +     if (typeof value === "boolean") return true;
2026-08-10T08:51:28.0262936Z Tests ran:
2026-08-10T08:51:28.0263307Z     M4 graph query engine filters every index using exact structured metadata
2026-08-10T08:51:28.0263318Z 
2026-08-10T08:51:28.0263325Z 
2026-08-10T08:51:28.0263534Z [Survived] ConditionalExpression
2026-08-10T08:51:28.0263712Z src/graph-query.ts:609:35
2026-08-10T08:51:28.0264228Z -     return filters.length === 0 || (typeof value === "string" && filters.includes(value));
2026-08-10T08:51:28.0264617Z +     return filters.length === 0 || (true && filters.includes(value));
2026-08-10T08:51:28.0264745Z Tests ran:
2026-08-10T08:51:28.0265121Z     M4 graph query engine supports concept-type and domain traversal filters
2026-08-10T08:51:28.0265511Z     M4 graph query engine executes a non-empty structured multi-constraint query
2026-08-10T08:51:28.0265938Z     M4 graph query engine applies type, domain, and status node filters conjunctively
2026-08-10T08:51:28.0266322Z   and 5 more tests!
2026-08-10T08:51:28.0266334Z 
2026-08-10T08:51:28.0266341Z 
2026-08-10T08:51:28.0266517Z [Survived] BlockStatement
2026-08-10T08:51:28.0266689Z src/graph-query.ts:599:66
2026-08-10T08:51:28.0267376Z -   function compareEdges(left: GraphEdge, right: GraphEdge): number {
2026-08-10T08:51:28.0267520Z -     return (
2026-08-10T08:51:28.0267786Z -       left.from.localeCompare(right.from) ||
2026-08-10T08:51:28.0268125Z -       left.predicate.localeCompare(right.predicate) ||
2026-08-10T08:51:28.0268373Z -       left.to.localeCompare(right.to) ||
2026-08-10T08:51:28.0268806Z -       left.id.localeCompare(right.id)
2026-08-10T08:51:28.0268953Z -     );
2026-08-10T08:51:28.0269078Z -   }
2026-08-10T08:51:28.0269522Z +   function compareEdges(left: GraphEdge, right: GraphEdge): number {}
2026-08-10T08:51:28.0269735Z Ran all tests for this mutant.
2026-08-10T08:51:28.0269746Z 
2026-08-10T08:51:28.0269960Z [Survived] ConditionalExpression
2026-08-10T08:51:28.0270150Z src/graph-query.ts:601:5
2026-08-10T08:51:28.0270421Z -       left.from.localeCompare(right.from) ||
2026-08-10T08:51:28.0270738Z -       left.predicate.localeCompare(right.predicate) ||
2026-08-10T08:51:28.0270980Z -       left.to.localeCompare(right.to) ||
2026-08-10T08:51:28.0271210Z -       left.id.localeCompare(right.id)
2026-08-10T08:51:28.0271331Z +       true
2026-08-10T08:51:28.0271540Z Ran all tests for this mutant.
2026-08-10T08:51:28.0271551Z 
2026-08-10T08:51:28.0271770Z [Survived] ConditionalExpression
2026-08-10T08:51:28.0271936Z src/graph-query.ts:601:5
2026-08-10T08:51:28.0272211Z -       left.from.localeCompare(right.from) ||
2026-08-10T08:51:28.0272595Z -       left.predicate.localeCompare(right.predicate) ||
2026-08-10T08:51:28.0272847Z -       left.to.localeCompare(right.to) ||
2026-08-10T08:51:28.0273090Z -       left.id.localeCompare(right.id)
2026-08-10T08:51:28.0273220Z +       false
2026-08-10T08:51:28.0273421Z Ran all tests for this mutant.
2026-08-10T08:51:28.0273431Z 
2026-08-10T08:51:28.0273617Z [Survived] LogicalOperator
2026-08-10T08:51:28.0273807Z src/graph-query.ts:601:5
2026-08-10T08:51:28.0274081Z -       left.from.localeCompare(right.from) ||
2026-08-10T08:51:28.0274436Z -       left.predicate.localeCompare(right.predicate) ||
2026-08-10T08:51:28.0274702Z -       left.to.localeCompare(right.to) ||
2026-08-10T08:51:28.0274952Z -       left.id.localeCompare(right.id)
2026-08-10T08:51:28.0276164Z +       (left.from.localeCompare(right.from) || left.predicate.localeCompare(right.predicate) || left.to.localeCompare(right.to)) && left.id.localeCompare(right.id)
2026-08-10T08:51:28.0276388Z Ran all tests for this mutant.
2026-08-10T08:51:28.0276401Z 
2026-08-10T08:51:28.0276617Z [Survived] ConditionalExpression
2026-08-10T08:51:28.0276799Z src/graph-query.ts:601:5
2026-08-10T08:51:28.0277306Z -       left.from.localeCompare(right.from) ||
2026-08-10T08:51:28.0277706Z -       left.predicate.localeCompare(right.predicate) ||
2026-08-10T08:51:28.0277983Z -       left.to.localeCompare(right.to) ||
2026-08-10T08:51:28.0278166Z +       false ||
2026-08-10T08:51:28.0278366Z Ran all tests for this mutant.
2026-08-10T08:51:28.0278376Z 
2026-08-10T08:51:28.0278551Z [Survived] LogicalOperator
2026-08-10T08:51:28.0278726Z src/graph-query.ts:601:5
2026-08-10T08:51:28.0278990Z -       left.from.localeCompare(right.from) ||
2026-08-10T08:51:28.0279316Z -       left.predicate.localeCompare(right.predicate) ||
2026-08-10T08:51:28.0279558Z -       left.to.localeCompare(right.to) ||
2026-08-10T08:51:28.0280424Z +       (left.from.localeCompare(right.from) || left.predicate.localeCompare(right.predicate)) && left.to.localeCompare(right.to) ||
2026-08-10T08:51:28.0280642Z Ran all tests for this mutant.
2026-08-10T08:51:28.0280654Z 
2026-08-10T08:51:28.0280878Z [Survived] ConditionalExpression
2026-08-10T08:51:28.0281059Z src/graph-query.ts:601:5
2026-08-10T08:51:28.0281341Z -       left.from.localeCompare(right.from) ||
2026-08-10T08:51:28.0281672Z -       left.predicate.localeCompare(right.predicate) ||
2026-08-10T08:51:28.0282010Z +       false ||
2026-08-10T08:51:28.0282220Z Ran all tests for this mutant.
2026-08-10T08:51:28.0282230Z 
2026-08-10T08:51:28.0282413Z [Survived] LogicalOperator
2026-08-10T08:51:28.0282629Z src/graph-query.ts:601:5
2026-08-10T08:51:28.0282912Z -       left.from.localeCompare(right.from) ||
2026-08-10T08:51:28.0283287Z -       left.predicate.localeCompare(right.predicate) ||
2026-08-10T08:51:28.0283870Z +       left.from.localeCompare(right.from) && left.predicate.localeCompare(right.predicate) ||
2026-08-10T08:51:28.0284083Z Ran all tests for this mutant.
2026-08-10T08:51:28.0284093Z 
2026-08-10T08:51:28.0284483Z Ran 11.16 tests per mutant on average.
2026-08-10T08:51:28.0284977Z --------------------|------------------|----------|-----------|------------|----------|----------|
2026-08-10T08:51:28.0285444Z                     | % Mutation score |          |           |            |          |          |
2026-08-10T08:51:28.0286064Z File                |  total | covered | # killed | # timeout | # survived | # no cov | # errors |
2026-08-10T08:51:28.0286634Z --------------------|--------|---------|----------|-----------|------------|----------|----------|
2026-08-10T08:51:28.0291689Z All files           |  83.11 |   85.10 |      923 |         2 |        162 |       26 |        0 |
2026-08-10T08:51:28.0292211Z  graph-artifacts.ts |  87.82 |   90.10 |      346 |         0 |         38 |       10 |        0 |
2026-08-10T08:51:28.0292688Z  graph-projector.ts |  90.05 |   90.05 |      199 |         0 |         22 |        0 |        0 |
2026-08-10T08:51:28.0293153Z  graph-query.ts     |  76.31 |   78.84 |      378 |         2 |        102 |       16 |        0 |
2026-08-10T08:51:28.0293721Z --------------------|--------|---------|----------|-----------|------------|----------|----------|
2026-08-10T08:51:28.0295090Z [32m08:51:27 (10118) INFO MutationTestReportHelper[39m Final mutation score of 83.11 is greater than or equal to break threshold 60
2026-08-10T08:51:28.0296572Z [32m08:51:27 (10118) INFO JsonReporter[39m Your report can be found at: file:///home/runner/work/architecture-knowledge/architecture-knowledge/.tmp/mutation-graph.json
2026-08-10T08:51:28.0297549Z [32m08:51:27 (10118) INFO MutationTestExecutor[39m Done in 17 minutes and 12 seconds.
2026-08-10T08:51:28.0570183Z ##[group]Run pnpm test:mutation:retrieval
2026-08-10T08:51:28.0570407Z [36;1mpnpm test:mutation:retrieval[0m
2026-08-10T08:51:28.0647981Z shell: /usr/bin/bash -e {0}
2026-08-10T08:51:28.0648107Z env:
2026-08-10T08:51:28.0648349Z   PNPM_HOME: /home/runner/setup-pnpm/node_modules/.bin
2026-08-10T08:51:28.0648486Z ##[endgroup]
2026-08-10T08:51:28.4734083Z 
2026-08-10T08:51:28.4738847Z > architecture-knowledge-system@0.2.0 test:mutation:retrieval /home/runner/work/architecture-knowledge/architecture-knowledge
2026-08-10T08:51:28.4740420Z > stryker run stryker.retrieval.config.json
2026-08-10T08:51:28.4743041Z 
2026-08-10T08:51:29.7961923Z [32m08:51:29 (11718) INFO ProjectReader[39m Found 6 of 321 file(s) to be mutated.
2026-08-10T08:51:30.2198988Z [32m08:51:30 (11718) INFO Instrumenter[39m Instrumented 6 source file(s) with 1067 mutant(s)
2026-08-10T08:51:30.5994779Z [32m08:51:30 (11718) INFO ConcurrencyTokenProvider[39m Creating 2 test runner process(es).
2026-08-10T08:51:31.2272032Z [32m08:51:31 (11718) INFO BroadcastReporter[39m Detected that current console does not support the "progress" reporter, downgrading to "progress-append-only" reporter
2026-08-10T08:51:32.3249827Z [32m08:51:32 (11718) INFO DryRunExecutor[39m Starting initial test run (vitest test runner with "perTest" coverage analysis). This may take a while.
2026-08-10T08:51:36.0830097Z [32m08:51:36 (11718) INFO DryRunExecutor[39m Initial test run succeeded. Ran 39 tests in 3 seconds (net 517.6153900000004 ms, overhead 3224.3846099999996 ms).
2026-08-10T08:51:36.0913944Z [33m08:51:36 (11718) WARN MutantTestPlanner[39m Detected 35 static mutants (5% of total) that are estimated to take 46% of the time running the tests!
2026-08-10T08:51:36.0916358Z   You might want to enable "ignoreStatic" to ignore these static mutants for your next run. 
2026-08-10T08:51:36.0918471Z   For more information about static mutants visit: https://stryker-mutator.io/docs/mutation-testing-elements/static-mutants
2026-08-10T08:51:36.0920020Z   (disable "warnings.slow" to ignore this warning)
2026-08-10T08:51:46.0918111Z Mutation testing 3% (elapsed: <1m, remaining: ~4m) 70/679 tested (6 survived, 4 timed out)
2026-08-10T08:51:56.0927481Z Mutation testing 4% (elapsed: <1m, remaining: ~6m) 102/679 tested (10 survived, 4 timed out)
2026-08-10T08:52:06.0926296Z Mutation testing 7% (elapsed: <1m, remaining: ~6m) 142/679 tested (11 survived, 4 timed out)
2026-08-10T08:52:16.0930509Z Mutation testing 10% (elapsed: <1m, remaining: ~5m) 177/679 tested (14 survived, 4 timed out)
2026-08-10T08:52:26.0966187Z Mutation testing 12% (elapsed: <1m, remaining: ~5m) 226/679 tested (28 survived, 4 timed out)
2026-08-10T08:52:36.0942235Z Mutation testing 18% (elapsed: ~1m, remaining: ~4m) 275/679 tested (41 survived, 4 timed out)
2026-08-10T08:52:46.0950487Z Mutation testing 22% (elapsed: ~1m, remaining: ~3m) 306/679 tested (66 survived, 4 timed out)
2026-08-10T08:52:56.0978594Z Mutation testing 29% (elapsed: ~1m, remaining: ~3m) 322/679 tested (66 survived, 4 timed out)
2026-08-10T08:53:06.0998717Z Mutation testing 35% (elapsed: ~1m, remaining: ~2m) 338/679 tested (66 survived, 4 timed out)
2026-08-10T08:53:16.0998859Z Mutation testing 40% (elapsed: ~1m, remaining: ~2m) 354/679 tested (68 survived, 4 timed out)
2026-08-10T08:53:26.0987477Z Mutation testing 42% (elapsed: ~1m, remaining: ~2m) 372/679 tested (71 survived, 4 timed out)
2026-08-10T08:53:36.1008837Z Mutation testing 43% (elapsed: ~2m, remaining: ~2m) 389/679 tested (75 survived, 4 timed out)
2026-08-10T08:53:46.1261728Z Mutation testing 45% (elapsed: ~2m, remaining: ~2m) 406/679 tested (78 survived, 4 timed out)
2026-08-10T08:53:56.1002683Z Mutation testing 47% (elapsed: ~2m, remaining: ~2m) 425/679 tested (79 survived, 4 timed out)
2026-08-10T08:54:06.1003163Z Mutation testing 49% (elapsed: ~2m, remaining: ~2m) 444/679 tested (80 survived, 4 timed out)
2026-08-10T08:54:16.1005054Z Mutation testing 50% (elapsed: ~2m, remaining: ~2m) 462/679 tested (82 survived, 4 timed out)
2026-08-10T08:54:26.1042728Z Mutation testing 50% (elapsed: ~2m, remaining: ~2m) 480/679 tested (83 survived, 4 timed out)
2026-08-10T08:54:36.1046156Z Mutation testing 50% (elapsed: ~3m, remaining: ~2m) 499/679 tested (90 survived, 4 timed out)
2026-08-10T08:54:46.1045927Z Mutation testing 51% (elapsed: ~3m, remaining: ~3m) 518/679 tested (95 survived, 4 timed out)
2026-08-10T08:54:56.1063925Z Mutation testing 51% (elapsed: ~3m, remaining: ~3m) 536/679 tested (99 survived, 4 timed out)
2026-08-10T08:55:06.1069255Z Mutation testing 51% (elapsed: ~3m, remaining: ~3m) 556/679 tested (100 survived, 4 timed out)
2026-08-10T08:55:16.1061010Z Mutation testing 52% (elapsed: ~3m, remaining: ~3m) 574/679 tested (104 survived, 4 timed out)
2026-08-10T08:55:26.1055264Z Mutation testing 52% (elapsed: ~3m, remaining: ~3m) 594/679 tested (104 survived, 4 timed out)
2026-08-10T08:55:36.1078620Z Mutation testing 53% (elapsed: ~4m, remaining: ~3m) 612/679 tested (104 survived, 6 timed out)
2026-08-10T08:55:46.1075089Z Mutation testing 53% (elapsed: ~4m, remaining: ~3m) 627/679 tested (107 survived, 6 timed out)
2026-08-10T08:55:56.1108804Z Mutation testing 53% (elapsed: ~4m, remaining: ~3m) 637/679 tested (110 survived, 7 timed out)
2026-08-10T08:56:06.1078581Z Mutation testing 57% (elapsed: ~4m, remaining: ~3m) 647/679 tested (112 survived, 8 timed out)
2026-08-10T08:56:16.1089524Z Mutation testing 70% (elapsed: ~4m, remaining: ~1m) 657/679 tested (113 survived, 8 timed out)
2026-08-10T08:56:26.1074379Z Mutation testing 78% (elapsed: ~4m, remaining: ~1m) 663/679 tested (116 survived, 8 timed out)
2026-08-10T08:56:36.1110263Z Mutation testing 84% (elapsed: ~5m, remaining: <1m) 667/679 tested (118 survived, 8 timed out)
2026-08-10T08:56:46.1129871Z Mutation testing 84% (elapsed: ~5m, remaining: <1m) 667/679 tested (118 survived, 8 timed out)
2026-08-10T08:56:56.1168447Z Mutation testing 90% (elapsed: ~5m, remaining: <1m) 672/679 tested (118 survived, 10 timed out)
2026-08-10T08:57:06.1151093Z Mutation testing 97% (elapsed: ~5m, remaining: <1m) 677/679 tested (120 survived, 11 timed out)
2026-08-10T08:57:08.6173446Z 
2026-08-10T08:57:08.6198063Z All tests
2026-08-10T08:57:08.6198548Z   embedding-provider.test.ts
2026-08-10T08:57:08.6228645Z     ✓ M5 embedding providers requires credentials, preserves classification policy, and handles empty batches (killed 15)
2026-08-10T08:57:08.6230522Z     ✘ M5 embedding providers produces stable normalized local vectors without a network call (covered 0)
2026-08-10T08:57:08.6232437Z     ✓ M5 embedding providers supports controlled fake failures and malformed fixtures (killed 7)
2026-08-10T08:57:08.6234403Z     ✓ M5 embedding providers batches production requests and validates model, count, and dimension (killed 39)
2026-08-10T08:57:08.6236234Z     ✓ M5 embedding providers retries retryable responses but never retries authentication failures (killed 34)
2026-08-10T08:57:08.6238263Z     ✓ M5 embedding providers rejects provider model, count, item, and vector contract drift (killed 17)
2026-08-10T08:57:08.6239844Z     ✓ M5 embedding providers restores provider response order and enforces configuration bounds (killed 10)
2026-08-10T08:57:08.6241152Z     ✓ M5 embedding providers retries retryable HTTP 408 (killed 3)
2026-08-10T08:57:08.6242264Z     ✓ M5 embedding providers retries retryable HTTP 409 (killed 1)
2026-08-10T08:57:08.6243301Z     ~ M5 embedding providers retries retryable HTTP 429 (covered 111)
2026-08-10T08:57:08.6244434Z     ✓ M5 embedding providers retries retryable HTTP 500 (killed 2)
2026-08-10T08:57:08.6245414Z     ~ M5 embedding providers retries retryable HTTP 501 (covered 114)
2026-08-10T08:57:08.6246823Z     ✓ M5 embedding providers classifies 403 as non-retryable authentication failure (killed 2)
2026-08-10T08:57:08.6248837Z     ✓ M5 embedding providers stops at configured attempts and classifies exhausted network failures (killed 9)
2026-08-10T08:57:08.6250123Z   retrieval-currentness.test.ts
2026-08-10T08:57:08.6252193Z     ✓ M5 generation identity and database manifest changes generation identity across repository and embedding contracts (killed 11)
2026-08-10T08:57:08.6254472Z     ✓ M5 generation identity and database manifest binds the row root to generation, metadata, citations, content, and vector contract (killed 11)
2026-08-10T08:57:08.6256884Z     ✓ M5 generation identity and database manifest fails closed for every active-generation contract mismatch and row-root tampering (killed 56)
2026-08-10T08:57:08.6258602Z   retrieval-evaluation.test.ts
2026-08-10T08:57:08.6259901Z     ✓ M5 retrieval evaluation validates a meaningful draft benchmark with a holdout (killed 17)
2026-08-10T08:57:08.6261757Z     ✓ M5 retrieval evaluation calculates rank, no-answer, citation, locator, and leakage gates deterministically (killed 36)
2026-08-10T08:57:08.6263815Z     ✓ M5 retrieval evaluation fails every safety gate for fabricated, uncited, excluded-path output (killed 19)
2026-08-10T08:57:08.6265110Z   retrieval-query.test.ts
2026-08-10T08:57:08.6266424Z     ✓ M5 query contract and ranking fails closed for malformed and excessive requests (killed 90)
2026-08-10T08:57:08.6268487Z     ✓ M5 query contract and ranking normalizes defaults and exact filter arrays (killed 2)
2026-08-10T08:57:08.6270360Z     ✘ M5 query contract and ranking accepts package-manager separators, --text, positional text, and rejects CLI conflicts (covered 0)
2026-08-10T08:57:08.6272490Z     ✓ M5 query contract and ranking uses weighted reciprocal ranks and deterministic ID ties without mixing raw scores (killed 16)
2026-08-10T08:57:08.6274129Z     ~ M5 query contract and ranking boosts exact stable IDs and exact titles (covered 19)
2026-08-10T08:57:08.6275869Z     ✓ M5 query contract and ranking enforces token, unit, and per-concept budgets without truncating a claim (killed 30)
2026-08-10T08:57:08.6278233Z     ✓ M5 query contract and ranking expands only M4 traversable directed and symmetric edges (killed 49)
2026-08-10T08:57:08.6280116Z     ✓ M5 query contract and ranking applies graph penalties and every RRF contribution with descending score order (killed 10)
2026-08-10T08:57:08.6282002Z     ✓ M5 query contract and ranking labels explicit lexical fallback instead of silently claiming hybrid (killed 22)
2026-08-10T08:57:08.6283858Z     ✓ M5 query contract and ranking expands hybrid-graph candidates through the governed store path only (killed 16)
2026-08-10T08:57:08.6285557Z     ✓ M5 query contract and ranking keeps injection text in PostgreSQL parameters (killed 3)
2026-08-10T08:57:08.6286589Z   retrieval-units.test.ts
2026-08-10T08:57:08.6288168Z     ✓ M5 deterministic retrieval units generates every required family with stable unique IDs (killed 20)
2026-08-10T08:57:08.6289953Z     ✓ M5 deterministic retrieval units keeps claims atomic and preserves exact evidence locators (killed 11)
2026-08-10T08:57:08.6291870Z     ✓ M5 deterministic retrieval units preserves relationship conditions, strength, and traversal exclusions (killed 11)
2026-08-10T08:57:08.6293438Z     ✓ M5 deterministic retrieval units is byte deterministic (killed 11)
2026-08-10T08:57:08.6295144Z     ✓ M5 deterministic retrieval units changes content and manifest hashes without changing semantic unit identity (killed 11)
2026-08-10T08:57:08.6297530Z     ✓ M5 deterministic retrieval units splits oversized semantic text deterministically without random overlap (killed 26)
2026-08-10T08:57:08.6299603Z     ✓ M5 deterministic retrieval units rejects graph artifacts without a governed input fingerprint (killed 12)
2026-08-10T08:57:08.6301351Z     ✓ M5 deterministic retrieval units detects missing and stale committed artifacts (killed 11)
2026-08-10T08:57:08.6302213Z 
2026-08-10T08:57:08.6302676Z [Survived] ConditionalExpression
2026-08-10T08:57:08.6303460Z src/embedding-provider.ts:50:9
2026-08-10T08:57:08.6304236Z -       if (texts.length === 0) return [];
2026-08-10T08:57:08.6304999Z +       if (false) return [];
2026-08-10T08:57:08.6305626Z Tests ran:
2026-08-10T08:57:08.6306746Z     M5 embedding providers requires credentials, preserves classification policy, and handles empty batches
2026-08-10T08:57:08.6308892Z     M5 embedding providers batches production requests and validates model, count, and dimension
2026-08-10T08:57:08.6310410Z     M5 embedding providers restores provider response order and enforces configuration bounds
2026-08-10T08:57:08.6311265Z 
2026-08-10T08:57:08.6311441Z 
2026-08-10T08:57:08.6311842Z [Survived] EqualityOperator
2026-08-10T08:57:08.6312577Z src/embedding-provider.ts:52:25
2026-08-10T08:57:08.6313559Z -       for (let start = 0; start < texts.length; start += this.batchSize) {
2026-08-10T08:57:08.6314746Z +       for (let start = 0; start <= texts.length; start += this.batchSize) {
2026-08-10T08:57:08.6315567Z Tests ran:
2026-08-10T08:57:08.6316537Z     M5 embedding providers batches production requests and validates model, count, and dimension
2026-08-10T08:57:08.6318313Z     M5 embedding providers restores provider response order and enforces configuration bounds
2026-08-10T08:57:08.6319218Z 
2026-08-10T08:57:08.6319404Z 
2026-08-10T08:57:08.6319824Z [Survived] EqualityOperator
2026-08-10T08:57:08.6320635Z src/embedding-provider.ts:58:14
2026-08-10T08:57:08.6321422Z -         while (next < batches.length) {
2026-08-10T08:57:08.6322277Z +         while (next <= batches.length) {
2026-08-10T08:57:08.6322992Z Tests ran:
2026-08-10T08:57:08.6324069Z     M5 embedding providers batches production requests and validates model, count, and dimension
2026-08-10T08:57:08.6325568Z     M5 embedding providers restores provider response order and enforces configuration bounds
2026-08-10T08:57:08.6326423Z 
2026-08-10T08:57:08.6326567Z 
2026-08-10T08:57:08.6327212Z [Survived] ConditionalExpression
2026-08-10T08:57:08.6327994Z src/embedding-provider.ts:60:13
2026-08-10T08:57:08.6328730Z -           if (!batch) continue;
2026-08-10T08:57:08.6329825Z +           if (false) continue;
2026-08-10T08:57:08.6330457Z Tests ran:
2026-08-10T08:57:08.6331448Z     M5 embedding providers batches production requests and validates model, count, and dimension
2026-08-10T08:57:08.6332949Z     M5 embedding providers restores provider response order and enforces configuration bounds
2026-08-10T08:57:08.6333805Z 
2026-08-10T08:57:08.6333939Z 
2026-08-10T08:57:08.6334340Z [Survived] ConditionalExpression
2026-08-10T08:57:08.6335071Z src/embedding-provider.ts:72:9
2026-08-10T08:57:08.6336007Z -       if (!vector) throw new Error("RETRIEVAL_EMBEDDING_EMPTY");
2026-08-10T08:57:08.6337324Z +       if (false) throw new Error("RETRIEVAL_EMBEDDING_EMPTY");
2026-08-10T08:57:08.6338128Z Tests ran:
2026-08-10T08:57:08.6339093Z     M5 embedding providers retries retryable responses but never retries authentication failures
2026-08-10T08:57:08.6340276Z     M5 embedding providers retries retryable HTTP 408
2026-08-10T08:57:08.6341207Z     M5 embedding providers retries retryable HTTP 409
2026-08-10T08:57:08.6341899Z   and 3 more tests!
2026-08-10T08:57:08.6342246Z 
2026-08-10T08:57:08.6342360Z 
2026-08-10T08:57:08.6342728Z [Survived] ConditionalExpression
2026-08-10T08:57:08.6343419Z src/embedding-provider.ts:77:9
2026-08-10T08:57:08.6344485Z -       if (texts.some((text) => !text.trim())) throw new Error("RETRIEVAL_EMBEDDING_INPUT_EMPTY");
2026-08-10T08:57:08.6345657Z +       if (false) throw new Error("RETRIEVAL_EMBEDDING_INPUT_EMPTY");
2026-08-10T08:57:08.6346330Z Tests ran:
2026-08-10T08:57:08.6347447Z     M5 embedding providers batches production requests and validates model, count, and dimension
2026-08-10T08:57:08.6348865Z     M5 embedding providers retries retryable responses but never retries authentication failures
2026-08-10T08:57:08.6350196Z     M5 embedding providers rejects provider model, count, item, and vector contract drift
2026-08-10T08:57:08.6351090Z   and 8 more tests!
2026-08-10T08:57:08.6351424Z 
2026-08-10T08:57:08.6351541Z 
2026-08-10T08:57:08.6351860Z [Survived] BlockStatement
2026-08-10T08:57:08.6352511Z src/embedding-provider.ts:117:17
2026-08-10T08:57:08.6353122Z -         } finally {
2026-08-10T08:57:08.6353722Z -           clearTimeout(timeout);
2026-08-10T08:57:08.6354275Z -         }
2026-08-10T08:57:08.6354978Z +         } finally {}
2026-08-10T08:57:08.6355554Z Tests ran:
2026-08-10T08:57:08.6356496Z     M5 embedding providers batches production requests and validates model, count, and dimension
2026-08-10T08:57:08.6358218Z     M5 embedding providers retries retryable responses but never retries authentication failures
2026-08-10T08:57:08.6359539Z     M5 embedding providers rejects provider model, count, item, and vector contract drift
2026-08-10T08:57:08.6360447Z   and 8 more tests!
2026-08-10T08:57:08.6360793Z 
2026-08-10T08:57:08.6360919Z 
2026-08-10T08:57:08.6361244Z [Survived] ArithmeticOperator
2026-08-10T08:57:08.6361933Z src/embedding-provider.ts:125:41
2026-08-10T08:57:08.6362928Z -       const exponential = Math.min(4_000, 200 * 2 ** (attempt - 1));
2026-08-10T08:57:08.6364080Z +       const exponential = Math.min(4_000, 200 / 2 ** (attempt - 1));
2026-08-10T08:57:08.6364861Z Tests ran:
2026-08-10T08:57:08.6365875Z     M5 embedding providers retries retryable responses but never retries authentication failures
2026-08-10T08:57:08.6367190Z     M5 embedding providers retries retryable HTTP 408
2026-08-10T08:57:08.6368059Z     M5 embedding providers retries retryable HTTP 409
2026-08-10T08:57:08.6368730Z   and 4 more tests!
2026-08-10T08:57:08.6369081Z 
2026-08-10T08:57:08.6369192Z 
2026-08-10T08:57:08.6369528Z [Survived] ArithmeticOperator
2026-08-10T08:57:08.6370232Z src/embedding-provider.ts:126:22
2026-08-10T08:57:08.6371172Z -       await this.sleep(exponential + Math.floor(this.random() * 100));
2026-08-10T08:57:08.6372338Z +       await this.sleep(exponential - Math.floor(this.random() * 100));
2026-08-10T08:57:08.6373111Z Tests ran:
2026-08-10T08:57:08.6374019Z     M5 embedding providers retries retryable responses but never retries authentication failures
2026-08-10T08:57:08.6375455Z     M5 embedding providers retries retryable HTTP 408
2026-08-10T08:57:08.6376284Z     M5 embedding providers retries retryable HTTP 409
2026-08-10T08:57:08.6377181Z   and 4 more tests!
2026-08-10T08:57:08.6377569Z 
2026-08-10T08:57:08.6377685Z 
2026-08-10T08:57:08.6378006Z [Survived] ArithmeticOperator
2026-08-10T08:57:08.6378687Z src/embedding-provider.ts:126:47
2026-08-10T08:57:08.6379641Z -       await this.sleep(exponential + Math.floor(this.random() * 100));
2026-08-10T08:57:08.6380816Z +       await this.sleep(exponential + Math.floor(this.random() / 100));
2026-08-10T08:57:08.6381583Z Tests ran:
2026-08-10T08:57:08.6382499Z     M5 embedding providers retries retryable responses but never retries authentication failures
2026-08-10T08:57:08.6383604Z     M5 embedding providers retries retryable HTTP 408
2026-08-10T08:57:08.6384473Z     M5 embedding providers retries retryable HTTP 409
2026-08-10T08:57:08.6385181Z   and 4 more tests!
2026-08-10T08:57:08.6385561Z 
2026-08-10T08:57:08.6385672Z 
2026-08-10T08:57:08.6386053Z [Survived] ConditionalExpression
2026-08-10T08:57:08.6386740Z src/embedding-provider.ts:202:26
2026-08-10T08:57:08.6388033Z -     if (!isObject(body) || body.model !== expectedModel || !Array.isArray(body.data)) {
2026-08-10T08:57:08.6389164Z +     if (!isObject(body) || false || !Array.isArray(body.data)) {
2026-08-10T08:57:08.6389827Z Tests ran:
2026-08-10T08:57:08.6390695Z     M5 embedding providers batches production requests and validates model, count, and dimension
2026-08-10T08:57:08.6392054Z     M5 embedding providers retries retryable responses but never retries authentication failures
2026-08-10T08:57:08.6393366Z     M5 embedding providers rejects provider model, count, item, and vector contract drift
2026-08-10T08:57:08.6394321Z   and 6 more tests!
2026-08-10T08:57:08.6394691Z 
2026-08-10T08:57:08.6394801Z 
2026-08-10T08:57:08.6395132Z [Survived] EqualityOperator
2026-08-10T08:57:08.6395823Z src/embedding-provider.ts:220:54
2026-08-10T08:57:08.6396759Z -     if (!Number.isInteger(value) || value < minimum || value > maximum) {
2026-08-10T08:57:08.6398135Z +     if (!Number.isInteger(value) || value < minimum || value >= maximum) {
2026-08-10T08:57:08.6398954Z Tests ran:
2026-08-10T08:57:08.6400197Z     M5 embedding providers requires credentials, preserves classification policy, and handles empty batches
2026-08-10T08:57:08.6401779Z     M5 embedding providers batches production requests and validates model, count, and dimension
2026-08-10T08:57:08.6403134Z     M5 embedding providers retries retryable responses but never retries authentication failures
2026-08-10T08:57:08.6404051Z   and 9 more tests!
2026-08-10T08:57:08.6404365Z 
2026-08-10T08:57:08.6404464Z 
2026-08-10T08:57:08.6404813Z [Survived] ConditionalExpression
2026-08-10T08:57:08.6405496Z src/embedding-provider.ts:227:10
2026-08-10T08:57:08.6406404Z -     return typeof value === "object" && value !== null && !Array.isArray(value);
2026-08-10T08:57:08.6407859Z +     return true && value !== null && !Array.isArray(value);
2026-08-10T08:57:08.6408580Z Tests ran:
2026-08-10T08:57:08.6409481Z     M5 embedding providers batches production requests and validates model, count, and dimension
2026-08-10T08:57:08.6410868Z     M5 embedding providers retries retryable responses but never retries authentication failures
2026-08-10T08:57:08.6412182Z     M5 embedding providers rejects provider model, count, item, and vector contract drift
2026-08-10T08:57:08.6413064Z   and 6 more tests!
2026-08-10T08:57:08.6413397Z 
2026-08-10T08:57:08.6413504Z 
2026-08-10T08:57:08.6413818Z [NoCoverage] BooleanLiteral
2026-08-10T08:57:08.6414494Z src/retrieval-evaluation.ts:136:40
2026-08-10T08:57:08.6415460Z -           (id) => id === "AKR-000010" || !TRAVERSABLE_RELATIONSHIPS.has(id),
2026-08-10T08:57:08.6416564Z +           (id) => id === "AKR-000010" || TRAVERSABLE_RELATIONSHIPS.has(id),
2026-08-10T08:57:08.6417421Z 
2026-08-10T08:57:08.6417816Z [Survived] ConditionalExpression
2026-08-10T08:57:08.6418850Z src/retrieval-evaluation.ts:114:5
2026-08-10T08:57:08.6419587Z -       strictRelevant.size === 0
2026-08-10T08:57:08.6420177Z +       true
2026-08-10T08:57:08.6420626Z Tests ran:
2026-08-10T08:57:08.6421653Z     M5 retrieval evaluation calculates rank, no-answer, citation, locator, and leakage gates deterministically
2026-08-10T08:57:08.6423212Z     M5 retrieval evaluation fails every safety gate for fabricated, uncited, excluded-path output
2026-08-10T08:57:08.6424081Z 
2026-08-10T08:57:08.6424185Z 
2026-08-10T08:57:08.6424571Z [Survived] ConditionalExpression
2026-08-10T08:57:08.6425328Z src/retrieval-evaluation.ts:120:15
2026-08-10T08:57:08.6426309Z -         Boolean(citation.source_id && citation.title && citation.url),
2026-08-10T08:57:08.6427506Z +         Boolean(false),
2026-08-10T08:57:08.6428077Z Tests ran:
2026-08-10T08:57:08.6428994Z     M5 retrieval evaluation fails every safety gate for fabricated, uncited, excluded-path output
2026-08-10T08:57:08.6429786Z 
2026-08-10T08:57:08.6429912Z 
2026-08-10T08:57:08.6430234Z [Survived] LogicalOperator
2026-08-10T08:57:08.6430912Z src/retrieval-evaluation.ts:120:15
2026-08-10T08:57:08.6431819Z -         Boolean(citation.source_id && citation.title && citation.url),
2026-08-10T08:57:08.6432889Z +         Boolean(citation.source_id && citation.title || citation.url),
2026-08-10T08:57:08.6433641Z Tests ran:
2026-08-10T08:57:08.6434539Z     M5 retrieval evaluation fails every safety gate for fabricated, uncited, excluded-path output
2026-08-10T08:57:08.6435325Z 
2026-08-10T08:57:08.6435435Z 
2026-08-10T08:57:08.6435797Z [Survived] ConditionalExpression
2026-08-10T08:57:08.6436489Z src/retrieval-evaluation.ts:120:15
2026-08-10T08:57:08.6437620Z -         Boolean(citation.source_id && citation.title && citation.url),
2026-08-10T08:57:08.6438600Z +         Boolean(true && citation.url),
2026-08-10T08:57:08.6439244Z Tests ran:
2026-08-10T08:57:08.6440193Z     M5 retrieval evaluation fails every safety gate for fabricated, uncited, excluded-path output
2026-08-10T08:57:08.6441065Z 
2026-08-10T08:57:08.6441182Z 
2026-08-10T08:57:08.6441527Z [Survived] LogicalOperator
2026-08-10T08:57:08.6442242Z src/retrieval-evaluation.ts:120:15
2026-08-10T08:57:08.6443440Z -         Boolean(citation.source_id && citation.title && citation.url),
2026-08-10T08:57:08.6444619Z +         Boolean(citation.source_id || citation.title && citation.url),
2026-08-10T08:57:08.6445384Z Tests ran:
2026-08-10T08:57:08.6446285Z     M5 retrieval evaluation fails every safety gate for fabricated, uncited, excluded-path output
2026-08-10T08:57:08.6447330Z 
2026-08-10T08:57:08.6447444Z 
2026-08-10T08:57:08.6447822Z [Survived] ConditionalExpression
2026-08-10T08:57:08.6448525Z src/retrieval-evaluation.ts:124:25
2026-08-10T08:57:08.6449343Z -       .filter((result) => result.unit.unit_kind === "claim")
2026-08-10T08:57:08.6450126Z +       .filter((result) => true)
2026-08-10T08:57:08.6450640Z Tests ran:
2026-08-10T08:57:08.6451723Z     M5 retrieval evaluation calculates rank, no-answer, citation, locator, and leakage gates deterministically
2026-08-10T08:57:08.6453305Z     M5 retrieval evaluation fails every safety gate for fabricated, uncited, excluded-path output
2026-08-10T08:57:08.6454146Z 
2026-08-10T08:57:08.6454251Z 
2026-08-10T08:57:08.6454584Z [Survived] BlockStatement
2026-08-10T08:57:08.6455266Z src/retrieval-evaluation.ts:125:24
2026-08-10T08:57:08.6455926Z -       .every((result) => {
2026-08-10T08:57:08.6456885Z -         const expected = Array.isArray(result.unit.metadata.source_locations)
2026-08-10T08:57:08.6458147Z -           ? result.unit.metadata.source_locations
2026-08-10T08:57:08.6458788Z -           : [];
2026-08-10T08:57:08.6459699Z -         const actual = result.unit.citations.flatMap((citation) => citation.locators);
2026-08-10T08:57:08.6460958Z -         return serializeGraphValue(expected) === serializeGraphValue(actual);
2026-08-10T08:57:08.6461776Z -       });
2026-08-10T08:57:08.6462293Z +       .every((result) => {});
2026-08-10T08:57:08.6462806Z Tests ran:
2026-08-10T08:57:08.6463969Z     M5 retrieval evaluation fails every safety gate for fabricated, uncited, excluded-path output
2026-08-10T08:57:08.6464787Z 
2026-08-10T08:57:08.6464897Z 
2026-08-10T08:57:08.6465331Z [Survived] ConditionalExpression
2026-08-10T08:57:08.6466028Z src/retrieval-evaluation.ts:130:14
2026-08-10T08:57:08.6467222Z -         return serializeGraphValue(expected) === serializeGraphValue(actual);
2026-08-10T08:57:08.6468114Z +         return false;
2026-08-10T08:57:08.6468606Z Tests ran:
2026-08-10T08:57:08.6469496Z     M5 retrieval evaluation fails every safety gate for fabricated, uncited, excluded-path output
2026-08-10T08:57:08.6470290Z 
2026-08-10T08:57:08.6470389Z 
2026-08-10T08:57:08.6470753Z [Survived] ConditionalExpression
2026-08-10T08:57:08.6471442Z src/retrieval-evaluation.ts:136:17
2026-08-10T08:57:08.6472314Z -           (id) => id === "AKR-000010" || !TRAVERSABLE_RELATIONSHIPS.has(id),
2026-08-10T08:57:08.6473068Z +           (id) => true,
2026-08-10T08:57:08.6473542Z Tests ran:
2026-08-10T08:57:08.6474545Z     M5 retrieval evaluation fails every safety gate for fabricated, uncited, excluded-path output
2026-08-10T08:57:08.6504970Z 
2026-08-10T08:57:08.6520279Z 
2026-08-10T08:57:08.6520668Z [Survived] LogicalOperator
2026-08-10T08:57:08.6521398Z src/retrieval-evaluation.ts:136:17
2026-08-10T08:57:08.6522282Z -           (id) => id === "AKR-000010" || !TRAVERSABLE_RELATIONSHIPS.has(id),
2026-08-10T08:57:08.6523248Z +           (id) => id === "AKR-000010" && !TRAVERSABLE_RELATIONSHIPS.has(id),
2026-08-10T08:57:08.6523912Z Tests ran:
2026-08-10T08:57:08.6524755Z     M5 retrieval evaluation fails every safety gate for fabricated, uncited, excluded-path output
2026-08-10T08:57:08.6525573Z 
2026-08-10T08:57:08.6525685Z 
2026-08-10T08:57:08.6526046Z [Survived] ConditionalExpression
2026-08-10T08:57:08.6526731Z src/retrieval-evaluation.ts:136:17
2026-08-10T08:57:08.6527853Z -           (id) => id === "AKR-000010" || !TRAVERSABLE_RELATIONSHIPS.has(id),
2026-08-10T08:57:08.6528752Z +           (id) => false || !TRAVERSABLE_RELATIONSHIPS.has(id),
2026-08-10T08:57:08.6529376Z Tests ran:
2026-08-10T08:57:08.6530207Z     M5 retrieval evaluation fails every safety gate for fabricated, uncited, excluded-path output
2026-08-10T08:57:08.6530942Z 
2026-08-10T08:57:08.6531262Z 
2026-08-10T08:57:08.6531576Z [Survived] EqualityOperator
2026-08-10T08:57:08.6532194Z src/retrieval-evaluation.ts:136:17
2026-08-10T08:57:08.6533028Z -           (id) => id === "AKR-000010" || !TRAVERSABLE_RELATIONSHIPS.has(id),
2026-08-10T08:57:08.6533988Z +           (id) => id !== "AKR-000010" || !TRAVERSABLE_RELATIONSHIPS.has(id),
2026-08-10T08:57:08.6534640Z Tests ran:
2026-08-10T08:57:08.6535464Z     M5 retrieval evaluation fails every safety gate for fabricated, uncited, excluded-path output
2026-08-10T08:57:08.6536190Z 
2026-08-10T08:57:08.6536285Z 
2026-08-10T08:57:08.6536569Z [Survived] ArithmeticOperator
2026-08-10T08:57:08.6537512Z src/retrieval-evaluation.ts:142:17
2026-08-10T08:57:08.6538481Z -       precision5: records.slice(0, 5).filter((id) => relevant.has(id)).length / 5,
2026-08-10T08:57:08.6539637Z +       precision5: records.slice(0, 5).filter(id => relevant.has(id)).length * 5,
2026-08-10T08:57:08.6540379Z Tests ran:
2026-08-10T08:57:08.6541340Z     M5 retrieval evaluation calculates rank, no-answer, citation, locator, and leakage gates deterministically
2026-08-10T08:57:08.6542717Z     M5 retrieval evaluation fails every safety gate for fabricated, uncited, excluded-path output
2026-08-10T08:57:08.6543430Z 
2026-08-10T08:57:08.6543522Z 
2026-08-10T08:57:08.6543809Z [Survived] ArithmeticOperator
2026-08-10T08:57:08.6544455Z src/retrieval-evaluation.ts:143:37
2026-08-10T08:57:08.6545182Z -       reciprocalRank: first < 0 ? 0 : 1 / (first + 1),
2026-08-10T08:57:08.6545958Z +       reciprocalRank: first < 0 ? 0 : 1 * (first + 1),
2026-08-10T08:57:08.6546532Z Tests ran:
2026-08-10T08:57:08.6547659Z     M5 retrieval evaluation calculates rank, no-answer, citation, locator, and leakage gates deterministically
2026-08-10T08:57:08.6548800Z 
2026-08-10T08:57:08.6548907Z 
2026-08-10T08:57:08.6549283Z [Survived] ConditionalExpression
2026-08-10T08:57:08.6549941Z src/retrieval-evaluation.ts:175:7
2026-08-10T08:57:08.6550956Z -         noAnswer.length === 0 ? 1 : mean(noAnswer.map((item) => (item.noAnswerCorrect ? 1 : 0))),
2026-08-10T08:57:08.6552158Z +         false ? 1 : mean(noAnswer.map((item) => (item.noAnswerCorrect ? 1 : 0))),
2026-08-10T08:57:08.6552889Z Tests ran:
2026-08-10T08:57:08.6553805Z     M5 retrieval evaluation calculates rank, no-answer, citation, locator, and leakage gates deterministically
2026-08-10T08:57:08.6555159Z     M5 retrieval evaluation fails every safety gate for fabricated, uncited, excluded-path output
2026-08-10T08:57:08.6555898Z 
2026-08-10T08:57:08.6555992Z 
2026-08-10T08:57:08.6556266Z [Survived] BlockStatement
2026-08-10T08:57:08.6556862Z src/retrieval-evaluation.ts:193:59
2026-08-10T08:57:08.6557896Z -     for (const mode of ["hybrid", "hybrid-graph"] as const) {
2026-08-10T08:57:08.6558926Z -       if (modes[mode].recall_at_5 < 0.9) failures.push(`${mode}:recall-at-5`);
2026-08-10T08:57:08.6559961Z -       if (modes[mode].mrr_at_10 < 0.8) failures.push(`${mode}:mrr-at-10`);
2026-08-10T08:57:08.6560643Z -     }
2026-08-10T08:57:08.6561287Z +     for (const mode of ["hybrid", "hybrid-graph"] as const) {}
2026-08-10T08:57:08.6561937Z Tests ran:
2026-08-10T08:57:08.6562847Z     M5 retrieval evaluation calculates rank, no-answer, citation, locator, and leakage gates deterministically
2026-08-10T08:57:08.6564251Z     M5 retrieval evaluation fails every safety gate for fabricated, uncited, excluded-path output
2026-08-10T08:57:08.6565055Z 
2026-08-10T08:57:08.6565150Z 
2026-08-10T08:57:08.6565484Z [Survived] ConditionalExpression
2026-08-10T08:57:08.6566105Z src/retrieval-evaluation.ts:194:9
2026-08-10T08:57:08.6567146Z -       if (modes[mode].recall_at_5 < 0.9) failures.push(`${mode}:recall-at-5`);
2026-08-10T08:57:08.6568068Z +       if (false) failures.push(`${mode}:recall-at-5`);
2026-08-10T08:57:08.6568649Z Tests ran:
2026-08-10T08:57:08.6569537Z     M5 retrieval evaluation calculates rank, no-answer, citation, locator, and leakage gates deterministically
2026-08-10T08:57:08.6571097Z     M5 retrieval evaluation fails every safety gate for fabricated, uncited, excluded-path output
2026-08-10T08:57:08.6571835Z 
2026-08-10T08:57:08.6571929Z 
2026-08-10T08:57:08.6572213Z [Survived] EqualityOperator
2026-08-10T08:57:08.6572808Z src/retrieval-evaluation.ts:194:9
2026-08-10T08:57:08.6573655Z -       if (modes[mode].recall_at_5 < 0.9) failures.push(`${mode}:recall-at-5`);
2026-08-10T08:57:08.6574706Z +       if (modes[mode].recall_at_5 <= 0.9) failures.push(`${mode}:recall-at-5`);
2026-08-10T08:57:08.6575412Z Tests ran:
2026-08-10T08:57:08.6576317Z     M5 retrieval evaluation calculates rank, no-answer, citation, locator, and leakage gates deterministically
2026-08-10T08:57:08.6577884Z     M5 retrieval evaluation fails every safety gate for fabricated, uncited, excluded-path output
2026-08-10T08:57:08.6578637Z 
2026-08-10T08:57:08.6578737Z 
2026-08-10T08:57:08.6579071Z [Survived] ConditionalExpression
2026-08-10T08:57:08.6579694Z src/retrieval-evaluation.ts:195:9
2026-08-10T08:57:08.6580503Z -       if (modes[mode].mrr_at_10 < 0.8) failures.push(`${mode}:mrr-at-10`);
2026-08-10T08:57:08.6581376Z +       if (false) failures.push(`${mode}:mrr-at-10`);
2026-08-10T08:57:08.6581946Z Tests ran:
2026-08-10T08:57:08.6582846Z     M5 retrieval evaluation calculates rank, no-answer, citation, locator, and leakage gates deterministically
2026-08-10T08:57:08.6584160Z     M5 retrieval evaluation fails every safety gate for fabricated, uncited, excluded-path output
2026-08-10T08:57:08.6584883Z 
2026-08-10T08:57:08.6584981Z 
2026-08-10T08:57:08.6585278Z [Survived] EqualityOperator
2026-08-10T08:57:08.6585869Z src/retrieval-evaluation.ts:195:9
2026-08-10T08:57:08.6586699Z -       if (modes[mode].mrr_at_10 < 0.8) failures.push(`${mode}:mrr-at-10`);
2026-08-10T08:57:08.6587887Z +       if (modes[mode].mrr_at_10 <= 0.8) failures.push(`${mode}:mrr-at-10`);
2026-08-10T08:57:08.6588818Z Tests ran:
2026-08-10T08:57:08.6589777Z     M5 retrieval evaluation calculates rank, no-answer, citation, locator, and leakage gates deterministically
2026-08-10T08:57:08.6591193Z     M5 retrieval evaluation fails every safety gate for fabricated, uncited, excluded-path output
2026-08-10T08:57:08.6591956Z 
2026-08-10T08:57:08.6592057Z 
2026-08-10T08:57:08.6592409Z [Survived] ConditionalExpression
2026-08-10T08:57:08.6593050Z src/retrieval-evaluation.ts:199:7
2026-08-10T08:57:08.6593784Z -     if (modes.hybrid.recall_at_5 < baselineRecall)
2026-08-10T08:57:08.6594441Z +     if (false)
2026-08-10T08:57:08.6594884Z Tests ran:
2026-08-10T08:57:08.6595831Z     M5 retrieval evaluation calculates rank, no-answer, citation, locator, and leakage gates deterministically
2026-08-10T08:57:08.6597562Z     M5 retrieval evaluation fails every safety gate for fabricated, uncited, excluded-path output
2026-08-10T08:57:08.6598345Z 
2026-08-10T08:57:08.6598448Z 
2026-08-10T08:57:08.6598819Z [Survived] ConditionalExpression
2026-08-10T08:57:08.6599471Z src/retrieval-evaluation.ts:201:7
2026-08-10T08:57:08.6600519Z -     if (modes.hybrid.mrr_at_10 < baselineMrr) failures.push("hybrid:mrr-below-strongest-channel");
2026-08-10T08:57:08.6601693Z +     if (false) failures.push("hybrid:mrr-below-strongest-channel");
2026-08-10T08:57:08.6602367Z Tests ran:
2026-08-10T08:57:08.6603271Z     M5 retrieval evaluation calculates rank, no-answer, citation, locator, and leakage gates deterministically
2026-08-10T08:57:08.6604612Z     M5 retrieval evaluation fails every safety gate for fabricated, uncited, excluded-path output
2026-08-10T08:57:08.6605343Z 
2026-08-10T08:57:08.6605434Z 
2026-08-10T08:57:08.6605761Z [Survived] ConditionalExpression
2026-08-10T08:57:08.6606377Z src/retrieval-evaluation.ts:206:7
2026-08-10T08:57:08.6607539Z -     if (!isObject(value)) throw new Error(`RETRIEVAL_EVALUATION_SCHEMA case ${index}`);
2026-08-10T08:57:08.6608680Z +     if (false) throw new Error(`RETRIEVAL_EVALUATION_SCHEMA case ${index}`);
2026-08-10T08:57:08.6609401Z Tests ran:
2026-08-10T08:57:08.6610111Z     M5 retrieval evaluation validates a meaningful draft benchmark with a holdout
2026-08-10T08:57:08.6611602Z     M5 retrieval evaluation calculates rank, no-answer, citation, locator, and leakage gates deterministically
2026-08-10T08:57:08.6612434Z 
2026-08-10T08:57:08.6612528Z 
2026-08-10T08:57:08.6612854Z [Survived] ConditionalExpression
2026-08-10T08:57:08.6613468Z src/retrieval-evaluation.ts:211:7
2026-08-10T08:57:08.6614121Z -     if (!noAnswer && relevant.length === 0)
2026-08-10T08:57:08.6614678Z +     if (false)
2026-08-10T08:57:08.6615084Z Tests ran:
2026-08-10T08:57:08.6615802Z     M5 retrieval evaluation validates a meaningful draft benchmark with a holdout
2026-08-10T08:57:08.6617396Z     M5 retrieval evaluation calculates rank, no-answer, citation, locator, and leakage gates deterministically
2026-08-10T08:57:08.6618289Z 
2026-08-10T08:57:08.6618389Z 
2026-08-10T08:57:08.6618750Z [Survived] ConditionalExpression
2026-08-10T08:57:08.6619479Z src/retrieval-evaluation.ts:213:7
2026-08-10T08:57:08.6620326Z -     if (value.filters !== undefined && !isObject(value.filters))
2026-08-10T08:57:08.6621074Z +     if (false)
2026-08-10T08:57:08.6621569Z Tests ran:
2026-08-10T08:57:08.6622310Z     M5 retrieval evaluation validates a meaningful draft benchmark with a holdout
2026-08-10T08:57:08.6623571Z     M5 retrieval evaluation calculates rank, no-answer, citation, locator, and leakage gates deterministically
2026-08-10T08:57:08.6624485Z 
2026-08-10T08:57:08.6624594Z 
2026-08-10T08:57:08.6624979Z [Survived] ConditionalExpression
2026-08-10T08:57:08.6625718Z src/retrieval-evaluation.ts:213:7
2026-08-10T08:57:08.6626598Z -     if (value.filters !== undefined && !isObject(value.filters))
2026-08-10T08:57:08.6627735Z +     if (true && !isObject(value.filters))
2026-08-10T08:57:08.6628331Z Tests ran:
2026-08-10T08:57:08.6629155Z     M5 retrieval evaluation validates a meaningful draft benchmark with a holdout
2026-08-10T08:57:08.6630859Z     M5 retrieval evaluation calculates rank, no-answer, citation, locator, and leakage gates deterministically
2026-08-10T08:57:08.6631711Z 
2026-08-10T08:57:08.6631822Z 
2026-08-10T08:57:08.6632144Z [Survived] EqualityOperator
2026-08-10T08:57:08.6632863Z src/retrieval-evaluation.ts:213:7
2026-08-10T08:57:08.6633674Z -     if (value.filters !== undefined && !isObject(value.filters))
2026-08-10T08:57:08.6634534Z +     if (value.filters === undefined && !isObject(value.filters))
2026-08-10T08:57:08.6635195Z Tests ran:
2026-08-10T08:57:08.6635944Z     M5 retrieval evaluation validates a meaningful draft benchmark with a holdout
2026-08-10T08:57:08.6637527Z     M5 retrieval evaluation calculates rank, no-answer, citation, locator, and leakage gates deterministically
2026-08-10T08:57:08.6638445Z 
2026-08-10T08:57:08.6638553Z 
2026-08-10T08:57:08.6638946Z [Survived] ConditionalExpression
2026-08-10T08:57:08.6639677Z src/retrieval-evaluation.ts:224:14
2026-08-10T08:57:08.6640334Z -       holdout: value.holdout === true,
2026-08-10T08:57:08.6640986Z +       holdout: true,
2026-08-10T08:57:08.6641480Z Tests ran:
2026-08-10T08:57:08.6642192Z     M5 retrieval evaluation validates a meaningful draft benchmark with a holdout
2026-08-10T08:57:08.6643481Z     M5 retrieval evaluation calculates rank, no-answer, citation, locator, and leakage gates deterministically
2026-08-10T08:57:08.6644355Z 
2026-08-10T08:57:08.6644462Z 
2026-08-10T08:57:08.6644756Z [Survived] EqualityOperator
2026-08-10T08:57:08.6645423Z src/retrieval-evaluation.ts:224:14
2026-08-10T08:57:08.6646164Z -       holdout: value.holdout === true,
2026-08-10T08:57:08.6646902Z +       holdout: value.holdout !== true,
2026-08-10T08:57:08.6647784Z Tests ran:
2026-08-10T08:57:08.6648598Z     M5 retrieval evaluation validates a meaningful draft benchmark with a holdout
2026-08-10T08:57:08.6650007Z     M5 retrieval evaluation calculates rank, no-answer, citation, locator, and leakage gates deterministically
2026-08-10T08:57:08.6650912Z 
2026-08-10T08:57:08.6651022Z 
2026-08-10T08:57:08.6651340Z [Survived] BooleanLiteral
2026-08-10T08:57:08.6652017Z src/retrieval-evaluation.ts:224:32
2026-08-10T08:57:08.6652779Z -       holdout: value.holdout === true,
2026-08-10T08:57:08.6653782Z +       holdout: value.holdout === false,
2026-08-10T08:57:08.6654447Z Tests ran:
2026-08-10T08:57:08.6655263Z     M5 retrieval evaluation validates a meaningful draft benchmark with a holdout
2026-08-10T08:57:08.6656681Z     M5 retrieval evaluation calculates rank, no-answer, citation, locator, and leakage gates deterministically
2026-08-10T08:57:08.6658220Z 
2026-08-10T08:57:08.6658345Z 
2026-08-10T08:57:08.6658743Z [Survived] ConditionalExpression
2026-08-10T08:57:08.6659478Z src/retrieval-evaluation.ts:225:12
2026-08-10T08:57:08.6660391Z -       notes: typeof value.notes === "string" ? value.notes : "",
2026-08-10T08:57:08.6661259Z +       notes: true ? value.notes : "",
2026-08-10T08:57:08.6661840Z Tests ran:
2026-08-10T08:57:08.6662603Z     M5 retrieval evaluation validates a meaningful draft benchmark with a holdout
2026-08-10T08:57:08.6664035Z     M5 retrieval evaluation calculates rank, no-answer, citation, locator, and leakage gates deterministically
2026-08-10T08:57:08.6664854Z 
2026-08-10T08:57:08.6664962Z 
2026-08-10T08:57:08.6665410Z [Survived] ConditionalExpression
2026-08-10T08:57:08.6666100Z src/retrieval-evaluation.ts:225:12
2026-08-10T08:57:08.6667163Z -       notes: typeof value.notes === "string" ? value.notes : "",
2026-08-10T08:57:08.6668047Z +       notes: false ? value.notes : "",
2026-08-10T08:57:08.6668680Z Tests ran:
2026-08-10T08:57:08.6669468Z     M5 retrieval evaluation validates a meaningful draft benchmark with a holdout
2026-08-10T08:57:08.6670819Z     M5 retrieval evaluation calculates rank, no-answer, citation, locator, and leakage gates deterministically
2026-08-10T08:57:08.6671702Z 
2026-08-10T08:57:08.6671804Z 
2026-08-10T08:57:08.6672133Z [Survived] EqualityOperator
2026-08-10T08:57:08.6672830Z src/retrieval-evaluation.ts:225:12
2026-08-10T08:57:08.6674014Z -       notes: typeof value.notes === "string" ? value.notes : "",
2026-08-10T08:57:08.6675364Z +       notes: typeof value.notes !== "string" ? value.notes : "",
2026-08-10T08:57:08.6676139Z Tests ran:
2026-08-10T08:57:08.6677385Z     M5 retrieval evaluation validates a meaningful draft benchmark with a holdout
2026-08-10T08:57:08.6678835Z     M5 retrieval evaluation calculates rank, no-answer, citation, locator, and leakage gates deterministically
2026-08-10T08:57:08.6679757Z 
2026-08-10T08:57:08.6679876Z 
2026-08-10T08:57:08.6680220Z [Survived] BlockStatement
2026-08-10T08:57:08.6680926Z src/retrieval-evaluation.ts:229:73
2026-08-10T08:57:08.6681893Z -   function ndcg(records: string[], relevant: ReadonlySet<string>): number {
2026-08-10T08:57:08.6683068Z -     if (relevant.size === 0) return records.length === 0 ? 1 : 0;
2026-08-10T08:57:08.6683950Z -     const dcg = records.reduce(
2026-08-10T08:57:08.6684931Z -       (sum, id, index) => sum + (relevant.has(id) ? 1 / Math.log2(index + 2) : 0),
2026-08-10T08:57:08.6685744Z -       0,
2026-08-10T08:57:08.6686193Z -     );
2026-08-10T08:57:08.6686711Z -     const ideal = Array.from(
2026-08-10T08:57:08.6687821Z -       { length: Math.min(relevant.size, records.length || 10) },
2026-08-10T08:57:08.6688757Z -       (_, index) => 1 / Math.log2(index + 2),
2026-08-10T08:57:08.6689772Z -     ).reduce((sum, value) => sum + value, 0);
2026-08-10T08:57:08.6690601Z -     return ideal === 0 ? 0 : dcg / ideal;
2026-08-10T08:57:08.6691209Z -   }
2026-08-10T08:57:08.6692068Z +   function ndcg(records: string[], relevant: ReadonlySet<string>): number {}
2026-08-10T08:57:08.6692917Z Tests ran:
2026-08-10T08:57:08.6693933Z     M5 retrieval evaluation calculates rank, no-answer, citation, locator, and leakage gates deterministically
2026-08-10T08:57:08.6695453Z     M5 retrieval evaluation fails every safety gate for fabricated, uncited, excluded-path output
2026-08-10T08:57:08.6696482Z 
2026-08-10T08:57:08.6696594Z 
2026-08-10T08:57:08.6697220Z [Survived] ConditionalExpression
2026-08-10T08:57:08.6698207Z src/retrieval-evaluation.ts:230:7
2026-08-10T08:57:08.6699060Z -     if (relevant.size === 0) return records.length === 0 ? 1 : 0;
2026-08-10T08:57:08.6700020Z +     if (true) return records.length === 0 ? 1 : 0;
2026-08-10T08:57:08.6700954Z Tests ran:
2026-08-10T08:57:08.6703232Z     M5 retrieval evaluation calculates rank, no-answer, citation, locator, and leakage gates deterministically
2026-08-10T08:57:08.6704688Z     M5 retrieval evaluation fails every safety gate for fabricated, uncited, excluded-path output
2026-08-10T08:57:08.6705449Z 
2026-08-10T08:57:08.6705550Z 
2026-08-10T08:57:08.6705903Z [Survived] ConditionalExpression
2026-08-10T08:57:08.6706556Z src/retrieval-evaluation.ts:230:7
2026-08-10T08:57:08.6707763Z -     if (relevant.size === 0) return records.length === 0 ? 1 : 0;
2026-08-10T08:57:08.6708721Z +     if (false) return records.length === 0 ? 1 : 0;
2026-08-10T08:57:08.6709351Z Tests ran:
2026-08-10T08:57:08.6710266Z     M5 retrieval evaluation calculates rank, no-answer, citation, locator, and leakage gates deterministically
2026-08-10T08:57:08.6711541Z     M5 retrieval evaluation fails every safety gate for fabricated, uncited, excluded-path output
2026-08-10T08:57:08.6712192Z 
2026-08-10T08:57:08.6712291Z 
2026-08-10T08:57:08.6712550Z [Survived] EqualityOperator
2026-08-10T08:57:08.6713075Z src/retrieval-evaluation.ts:230:7
2026-08-10T08:57:08.6713771Z -     if (relevant.size === 0) return records.length === 0 ? 1 : 0;
2026-08-10T08:57:08.6714607Z +     if (relevant.size !== 0) return records.length === 0 ? 1 : 0;
2026-08-10T08:57:08.6715205Z Tests ran:
2026-08-10T08:57:08.6716059Z     M5 retrieval evaluation calculates rank, no-answer, citation, locator, and leakage gates deterministically
2026-08-10T08:57:08.6717560Z     M5 retrieval evaluation fails every safety gate for fabricated, uncited, excluded-path output
2026-08-10T08:57:08.6719101Z 
2026-08-10T08:57:08.6719207Z 
2026-08-10T08:57:08.6719577Z [Survived] ConditionalExpression
2026-08-10T08:57:08.6720455Z src/retrieval-evaluation.ts:230:35
2026-08-10T08:57:08.6721275Z -     if (relevant.size === 0) return records.length === 0 ? 1 : 0;
2026-08-10T08:57:08.6722225Z +     if (relevant.size === 0) return true ? 1 : 0;
2026-08-10T08:57:08.6722942Z Tests ran:
2026-08-10T08:57:08.6723835Z     M5 retrieval evaluation calculates rank, no-answer, citation, locator, and leakage gates deterministically
2026-08-10T08:57:08.6725013Z     M5 retrieval evaluation fails every safety gate for fabricated, uncited, excluded-path output
2026-08-10T08:57:08.6725662Z 
2026-08-10T08:57:08.6725752Z 
2026-08-10T08:57:08.6726068Z [Survived] ConditionalExpression
2026-08-10T08:57:08.6726644Z src/retrieval-evaluation.ts:230:35
2026-08-10T08:57:08.6727730Z -     if (relevant.size === 0) return records.length === 0 ? 1 : 0;
2026-08-10T08:57:08.6728473Z +     if (relevant.size === 0) return false ? 1 : 0;
2026-08-10T08:57:08.6729009Z Tests ran:
2026-08-10T08:57:08.6729934Z     M5 retrieval evaluation calculates rank, no-answer, citation, locator, and leakage gates deterministically
2026-08-10T08:57:08.6731277Z     M5 retrieval evaluation fails every safety gate for fabricated, uncited, excluded-path output
2026-08-10T08:57:08.6732412Z 
2026-08-10T08:57:08.6732515Z 
2026-08-10T08:57:08.6732830Z [Survived] EqualityOperator
2026-08-10T08:57:08.6733465Z src/retrieval-evaluation.ts:230:35
2026-08-10T08:57:08.6734252Z -     if (relevant.size === 0) return records.length === 0 ? 1 : 0;
2026-08-10T08:57:08.6735157Z +     if (relevant.size === 0) return records.length !== 0 ? 1 : 0;
2026-08-10T08:57:08.6735702Z Tests ran:
2026-08-10T08:57:08.6736573Z     M5 retrieval evaluation calculates rank, no-answer, citation, locator, and leakage gates deterministically
2026-08-10T08:57:08.6738185Z     M5 retrieval evaluation fails every safety gate for fabricated, uncited, excluded-path output
2026-08-10T08:57:08.6738915Z 
2026-08-10T08:57:08.6739010Z 
2026-08-10T08:57:08.6739297Z [Survived] ArithmeticOperator
2026-08-10T08:57:08.6739913Z src/retrieval-evaluation.ts:232:25
2026-08-10T08:57:08.6740787Z -       (sum, id, index) => sum + (relevant.has(id) ? 1 / Math.log2(index + 2) : 0),
2026-08-10T08:57:08.6741857Z +       (sum, id, index) => sum - (relevant.has(id) ? 1 / Math.log2(index + 2) : 0),
2026-08-10T08:57:08.6742755Z Tests ran:
2026-08-10T08:57:08.6743703Z     M5 retrieval evaluation calculates rank, no-answer, citation, locator, and leakage gates deterministically
2026-08-10T08:57:08.6744525Z 
2026-08-10T08:57:08.6744621Z 
2026-08-10T08:57:08.6744921Z [Survived] ArithmeticOperator
2026-08-10T08:57:08.6745572Z src/retrieval-evaluation.ts:232:51
2026-08-10T08:57:08.6746453Z -       (sum, id, index) => sum + (relevant.has(id) ? 1 / Math.log2(index + 2) : 0),
2026-08-10T08:57:08.6747706Z +       (sum, id, index) => sum + (relevant.has(id) ? 1 * Math.log2(index + 2) : 0),
2026-08-10T08:57:08.6748419Z Tests ran:
2026-08-10T08:57:08.6749349Z     M5 retrieval evaluation calculates rank, no-answer, citation, locator, and leakage gates deterministically
2026-08-10T08:57:08.6750187Z 
2026-08-10T08:57:08.6750291Z 
2026-08-10T08:57:08.6750605Z [Survived] ArithmeticOperator
2026-08-10T08:57:08.6751341Z src/retrieval-evaluation.ts:232:65
2026-08-10T08:57:08.6752271Z -       (sum, id, index) => sum + (relevant.has(id) ? 1 / Math.log2(index + 2) : 0),
2026-08-10T08:57:08.6753403Z +       (sum, id, index) => sum + (relevant.has(id) ? 1 / Math.log2(index - 2) : 0),
2026-08-10T08:57:08.6754172Z Tests ran:
2026-08-10T08:57:08.6755137Z     M5 retrieval evaluation calculates rank, no-answer, citation, locator, and leakage gates deterministically
2026-08-10T08:57:08.6755982Z 
2026-08-10T08:57:08.6756090Z 
2026-08-10T08:57:08.6756442Z [Survived] ConditionalExpression
2026-08-10T08:57:08.6757483Z src/retrieval-evaluation.ts:236:39
2026-08-10T08:57:08.6758310Z -       { length: Math.min(relevant.size, records.length || 10) },
2026-08-10T08:57:08.6759147Z +       { length: Math.min(relevant.size, true) },
2026-08-10T08:57:08.6759787Z Tests ran:
2026-08-10T08:57:08.6761044Z     M5 retrieval evaluation calculates rank, no-answer, citation, locator, and leakage gates deterministically
2026-08-10T08:57:08.6761971Z 
2026-08-10T08:57:08.6762079Z 
2026-08-10T08:57:08.6762443Z [Survived] ConditionalExpression
2026-08-10T08:57:08.6763165Z src/retrieval-evaluation.ts:236:39
2026-08-10T08:57:08.6764073Z -       { length: Math.min(relevant.size, records.length || 10) },
2026-08-10T08:57:08.6765093Z +       { length: Math.min(relevant.size, false) },
2026-08-10T08:57:08.6765791Z Tests ran:
2026-08-10T08:57:08.6766794Z     M5 retrieval evaluation calculates rank, no-answer, citation, locator, and leakage gates deterministically
2026-08-10T08:57:08.6767995Z 
2026-08-10T08:57:08.6768106Z 
2026-08-10T08:57:08.6768425Z [Survived] LogicalOperator
2026-08-10T08:57:08.6769096Z src/retrieval-evaluation.ts:236:39
2026-08-10T08:57:08.6769955Z -       { length: Math.min(relevant.size, records.length || 10) },
2026-08-10T08:57:08.6771029Z +       { length: Math.min(relevant.size, records.length && 10) },
2026-08-10T08:57:08.6771819Z Tests ran:
2026-08-10T08:57:08.6772835Z     M5 retrieval evaluation calculates rank, no-answer, citation, locator, and leakage gates deterministically
2026-08-10T08:57:08.6773732Z 
2026-08-10T08:57:08.6773842Z 
2026-08-10T08:57:08.6774191Z [Survived] ArithmeticOperator
2026-08-10T08:57:08.6774906Z src/retrieval-evaluation.ts:237:19
2026-08-10T08:57:08.6775669Z -       (_, index) => 1 / Math.log2(index + 2),
2026-08-10T08:57:08.6776482Z +       (_, index) => 1 * Math.log2(index + 2),
2026-08-10T08:57:08.6777491Z Tests ran:
2026-08-10T08:57:08.6778610Z     M5 retrieval evaluation calculates rank, no-answer, citation, locator, and leakage gates deterministically
2026-08-10T08:57:08.6779508Z 
2026-08-10T08:57:08.6779615Z 
2026-08-10T08:57:08.6779945Z [Survived] ArithmeticOperator
2026-08-10T08:57:08.6780604Z src/retrieval-evaluation.ts:237:33
2026-08-10T08:57:08.6781263Z -       (_, index) => 1 / Math.log2(index + 2),
2026-08-10T08:57:08.6781952Z +       (_, index) => 1 / Math.log2(index - 2),
2026-08-10T08:57:08.6782527Z Tests ran:
2026-08-10T08:57:08.6783452Z     M5 retrieval evaluation calculates rank, no-answer, citation, locator, and leakage gates deterministically
2026-08-10T08:57:08.6784264Z 
2026-08-10T08:57:08.6784366Z 
2026-08-10T08:57:08.6784877Z [Survived] ArithmeticOperator
2026-08-10T08:57:08.6785576Z src/retrieval-evaluation.ts:238:28
2026-08-10T08:57:08.6786275Z -     ).reduce((sum, value) => sum + value, 0);
2026-08-10T08:57:08.6787264Z +     ).reduce((sum, value) => sum - value, 0);
2026-08-10T08:57:08.6788008Z Tests ran:
2026-08-10T08:57:08.6789043Z     M5 retrieval evaluation calculates rank, no-answer, citation, locator, and leakage gates deterministically
2026-08-10T08:57:08.6789971Z 
2026-08-10T08:57:08.6790096Z 
2026-08-10T08:57:08.6790495Z [Survived] ConditionalExpression
2026-08-10T08:57:08.6791259Z src/retrieval-evaluation.ts:239:10
2026-08-10T08:57:08.6791981Z -     return ideal === 0 ? 0 : dcg / ideal;
2026-08-10T08:57:08.6792736Z +     return false ? 0 : dcg / ideal;
2026-08-10T08:57:08.6793341Z Tests ran:
2026-08-10T08:57:08.6794352Z     M5 retrieval evaluation calculates rank, no-answer, citation, locator, and leakage gates deterministically
2026-08-10T08:57:08.6795288Z 
2026-08-10T08:57:08.6795411Z 
2026-08-10T08:57:08.6795821Z [Survived] ConditionalExpression
2026-08-10T08:57:08.6796520Z src/retrieval-evaluation.ts:239:10
2026-08-10T08:57:08.6797589Z -     return ideal === 0 ? 0 : dcg / ideal;
2026-08-10T08:57:08.6798291Z +     return true ? 0 : dcg / ideal;
2026-08-10T08:57:08.6798839Z Tests ran:
2026-08-10T08:57:08.6799803Z     M5 retrieval evaluation calculates rank, no-answer, citation, locator, and leakage gates deterministically
2026-08-10T08:57:08.6800641Z 
2026-08-10T08:57:08.6800739Z 
2026-08-10T08:57:08.6801037Z [Survived] EqualityOperator
2026-08-10T08:57:08.6801703Z src/retrieval-evaluation.ts:239:10
2026-08-10T08:57:08.6802367Z -     return ideal === 0 ? 0 : dcg / ideal;
2026-08-10T08:57:08.6803038Z +     return ideal !== 0 ? 0 : dcg / ideal;
2026-08-10T08:57:08.6803797Z Tests ran:
2026-08-10T08:57:08.6804732Z     M5 retrieval evaluation calculates rank, no-answer, citation, locator, and leakage gates deterministically
2026-08-10T08:57:08.6805547Z 
2026-08-10T08:57:08.6805642Z 
2026-08-10T08:57:08.6805942Z [Survived] ArithmeticOperator
2026-08-10T08:57:08.6806570Z src/retrieval-evaluation.ts:239:28
2026-08-10T08:57:08.6807585Z -     return ideal === 0 ? 0 : dcg / ideal;
2026-08-10T08:57:08.6808255Z +     return ideal === 0 ? 0 : dcg * ideal;
2026-08-10T08:57:08.6808786Z Tests ran:
2026-08-10T08:57:08.6809716Z     M5 retrieval evaluation calculates rank, no-answer, citation, locator, and leakage gates deterministically
2026-08-10T08:57:08.6810654Z 
2026-08-10T08:57:08.6810746Z 
2026-08-10T08:57:08.6811030Z [NoCoverage] BooleanLiteral
2026-08-10T08:57:08.6811619Z src/retrieval-indexer.ts:158:7
2026-08-10T08:57:08.6812446Z -     if (!generation) throw new Error("RETRIEVAL_GENERATION_MISSING");
2026-08-10T08:57:08.6813666Z +     if (generation) throw new Error("RETRIEVAL_GENERATION_MISSING");
2026-08-10T08:57:08.6827841Z 
2026-08-10T08:57:08.6847576Z [NoCoverage] ConditionalExpression
2026-08-10T08:57:08.6867881Z src/retrieval-indexer.ts:158:7
2026-08-10T08:57:08.6868820Z -     if (!generation) throw new Error("RETRIEVAL_GENERATION_MISSING");
2026-08-10T08:57:08.6887726Z +     if (true) throw new Error("RETRIEVAL_GENERATION_MISSING");
2026-08-10T08:57:08.6907458Z 
2026-08-10T08:57:08.6918398Z [NoCoverage] ConditionalExpression
2026-08-10T08:57:08.6919175Z src/retrieval-indexer.ts:158:7
2026-08-10T08:57:08.6919988Z -     if (!generation) throw new Error("RETRIEVAL_GENERATION_MISSING");
2026-08-10T08:57:08.6920971Z +     if (false) throw new Error("RETRIEVAL_GENERATION_MISSING");
2026-08-10T08:57:08.6921496Z 
2026-08-10T08:57:08.6921948Z [NoCoverage] ConditionalExpression
2026-08-10T08:57:08.6922847Z src/retrieval-indexer.ts:159:7
2026-08-10T08:57:08.6923904Z -     if (metrics) metrics.index_build_duration_ms = elapsed(indexStarted);
2026-08-10T08:57:08.6924976Z +     if (true) metrics.index_build_duration_ms = elapsed(indexStarted);
2026-08-10T08:57:08.6925552Z 
2026-08-10T08:57:08.6925875Z [NoCoverage] ConditionalExpression
2026-08-10T08:57:08.6926417Z src/retrieval-indexer.ts:159:7
2026-08-10T08:57:08.6927799Z -     if (metrics) metrics.index_build_duration_ms = elapsed(indexStarted);
2026-08-10T08:57:08.6928887Z +     if (false) metrics.index_build_duration_ms = elapsed(indexStarted);
2026-08-10T08:57:08.6929459Z 
2026-08-10T08:57:08.6929788Z [Survived] ConditionalExpression
2026-08-10T08:57:08.6930413Z src/retrieval-indexer.ts:193:44
2026-08-10T08:57:08.6931180Z -     if (generation.manifest_hash !== root || root !== expected)
2026-08-10T08:57:08.6932020Z +     if (generation.manifest_hash !== root || false)
2026-08-10T08:57:08.6932602Z Tests ran:
2026-08-10T08:57:08.6933667Z     M5 generation identity and database manifest fails closed for every active-generation contract mismatch and row-root tampering
2026-08-10T08:57:08.6934601Z 
2026-08-10T08:57:08.6934707Z 
2026-08-10T08:57:08.6935044Z [Survived] ConditionalExpression
2026-08-10T08:57:08.6935720Z src/retrieval-query-contract.ts:47:7
2026-08-10T08:57:08.6936551Z -     if (!isPlainObject(input)) fail("query must be an object");
2026-08-10T08:57:08.6937635Z +     if (false) fail("query must be an object");
2026-08-10T08:57:08.6938210Z Tests ran:
2026-08-10T08:57:08.6938928Z     M5 query contract and ranking fails closed for malformed and excessive requests
2026-08-10T08:57:08.6939995Z     M5 query contract and ranking normalizes defaults and exact filter arrays
2026-08-10T08:57:08.6941252Z     M5 query contract and ranking enforces token, unit, and per-concept budgets without truncating a claim
2026-08-10T08:57:08.6942331Z   and 5 more tests!
2026-08-10T08:57:08.6942675Z 
2026-08-10T08:57:08.6942785Z 
2026-08-10T08:57:08.6943156Z [Survived] ConditionalExpression
2026-08-10T08:57:08.6943857Z src/retrieval-query-contract.ts:51:7
2026-08-10T08:57:08.6945003Z -     if (text.length > MAX_QUERY_CHARACTERS) fail(`text exceeds ${MAX_QUERY_CHARACTERS} characters`);
2026-08-10T08:57:08.6946543Z +     if (false) fail(`text exceeds ${MAX_QUERY_CHARACTERS} characters`);
2026-08-10T08:57:08.6947654Z Tests ran:
2026-08-10T08:57:08.6948400Z     M5 query contract and ranking fails closed for malformed and excessive requests
2026-08-10T08:57:08.6949533Z     M5 query contract and ranking normalizes defaults and exact filter arrays
2026-08-10T08:57:08.6950987Z     M5 query contract and ranking enforces token, unit, and per-concept budgets without truncating a claim
2026-08-10T08:57:08.6952031Z   and 5 more tests!
2026-08-10T08:57:08.6952367Z 
2026-08-10T08:57:08.6952473Z 
2026-08-10T08:57:08.6952779Z [Survived] EqualityOperator
2026-08-10T08:57:08.6953432Z src/retrieval-query-contract.ts:51:7
2026-08-10T08:57:08.6954544Z -     if (text.length > MAX_QUERY_CHARACTERS) fail(`text exceeds ${MAX_QUERY_CHARACTERS} characters`);
2026-08-10T08:57:08.6955997Z +     if (text.length >= MAX_QUERY_CHARACTERS) fail(`text exceeds ${MAX_QUERY_CHARACTERS} characters`);
2026-08-10T08:57:08.6957180Z Tests ran:
2026-08-10T08:57:08.6957968Z     M5 query contract and ranking fails closed for malformed and excessive requests
2026-08-10T08:57:08.6959053Z     M5 query contract and ranking normalizes defaults and exact filter arrays
2026-08-10T08:57:08.6960262Z     M5 query contract and ranking enforces token, unit, and per-concept budgets without truncating a claim
2026-08-10T08:57:08.6961192Z   and 5 more tests!
2026-08-10T08:57:08.6961497Z 
2026-08-10T08:57:08.6961589Z 
2026-08-10T08:57:08.6961928Z [Survived] ConditionalExpression
2026-08-10T08:57:08.6962586Z src/retrieval-query-contract.ts:53:7
2026-08-10T08:57:08.6963612Z -     if (typeof mode !== "string" || !MODES.has(mode)) fail(`unsupported mode '${String(mode)}'`);
2026-08-10T08:57:08.6964774Z +     if (false || !MODES.has(mode)) fail(`unsupported mode '${String(mode)}'`);
2026-08-10T08:57:08.6965593Z Tests ran:
2026-08-10T08:57:08.6966336Z     M5 query contract and ranking fails closed for malformed and excessive requests
2026-08-10T08:57:08.6967645Z     M5 query contract and ranking normalizes defaults and exact filter arrays
2026-08-10T08:57:08.6969071Z     M5 query contract and ranking enforces token, unit, and per-concept budgets without truncating a claim
2026-08-10T08:57:08.6970057Z   and 5 more tests!
2026-08-10T08:57:08.6970383Z 
2026-08-10T08:57:08.6970478Z 
2026-08-10T08:57:08.6970819Z [Survived] ConditionalExpression
2026-08-10T08:57:08.6971504Z src/retrieval-query-contract.ts:75:7
2026-08-10T08:57:08.6972375Z -     if (!isPlainObject(value)) fail("filters must be an object");
2026-08-10T08:57:08.6973272Z +     if (false) fail("filters must be an object");
2026-08-10T08:57:08.6973911Z Tests ran:
2026-08-10T08:57:08.6974673Z     M5 query contract and ranking fails closed for malformed and excessive requests
2026-08-10T08:57:08.6975766Z     M5 query contract and ranking normalizes defaults and exact filter arrays
2026-08-10T08:57:08.6977423Z     M5 retrieval evaluation calculates rank, no-answer, citation, locator, and leakage gates deterministically
2026-08-10T08:57:08.6978502Z   and 1 more test!
2026-08-10T08:57:08.6978838Z 
2026-08-10T08:57:08.6978943Z 
2026-08-10T08:57:08.6979297Z [Survived] ConditionalExpression
2026-08-10T08:57:08.6980008Z src/retrieval-query-contract.ts:83:5
2026-08-10T08:57:08.6980673Z -       minimum !== null &&
2026-08-10T08:57:08.6981202Z +       true &&
2026-08-10T08:57:08.6981637Z Tests ran:
2026-08-10T08:57:08.6982389Z     M5 query contract and ranking fails closed for malformed and excessive requests
2026-08-10T08:57:08.6983046Z 
2026-08-10T08:57:08.6983145Z 
2026-08-10T08:57:08.6983626Z [Survived] ConditionalExpression
2026-08-10T08:57:08.6997626Z src/retrieval-query-contract.ts:93:25
2026-08-10T08:57:08.7017861Z -       minimum_confidence: typeof minimum === "string" ? minimum : null,
2026-08-10T08:57:08.7037676Z +       minimum_confidence: true ? minimum : null,
2026-08-10T08:57:08.7038336Z Tests ran:
2026-08-10T08:57:08.7053954Z     M5 query contract and ranking normalizes defaults and exact filter arrays
2026-08-10T08:57:08.7087993Z     M5 retrieval evaluation calculates rank, no-answer, citation, locator, and leakage gates deterministically
2026-08-10T08:57:08.7097869Z     M5 retrieval evaluation fails every safety gate for fabricated, uncited, excluded-path output
2026-08-10T08:57:08.7099056Z 
2026-08-10T08:57:08.7099158Z 
2026-08-10T08:57:08.7099510Z [Survived] ConditionalExpression
2026-08-10T08:57:08.7100187Z src/retrieval-query-contract.ts:93:25
2026-08-10T08:57:08.7101072Z -       minimum_confidence: typeof minimum === "string" ? minimum : null,
2026-08-10T08:57:08.7101958Z +       minimum_confidence: false ? minimum : null,
2026-08-10T08:57:08.7102529Z Tests ran:
2026-08-10T08:57:08.7103175Z     M5 query contract and ranking normalizes defaults and exact filter arrays
2026-08-10T08:57:08.7104325Z     M5 retrieval evaluation calculates rank, no-answer, citation, locator, and leakage gates deterministically
2026-08-10T08:57:08.7105708Z     M5 retrieval evaluation fails every safety gate for fabricated, uncited, excluded-path output
2026-08-10T08:57:08.7106477Z 
2026-08-10T08:57:08.7106572Z 
2026-08-10T08:57:08.7106859Z [Survived] EqualityOperator
2026-08-10T08:57:08.7107726Z src/retrieval-query-contract.ts:93:25
2026-08-10T08:57:08.7108541Z -       minimum_confidence: typeof minimum === "string" ? minimum : null,
2026-08-10T08:57:08.7109589Z +       minimum_confidence: typeof minimum !== "string" ? minimum : null,
2026-08-10T08:57:08.7110296Z Tests ran:
2026-08-10T08:57:08.7110993Z     M5 query contract and ranking normalizes defaults and exact filter arrays
2026-08-10T08:57:08.7113045Z     M5 retrieval evaluation calculates rank, no-answer, citation, locator, and leakage gates deterministically
2026-08-10T08:57:08.7114503Z     M5 retrieval evaluation fails every safety gate for fabricated, uncited, excluded-path output
2026-08-10T08:57:08.7115310Z 
2026-08-10T08:57:08.7115411Z 
2026-08-10T08:57:08.7115777Z [Survived] ConditionalExpression
2026-08-10T08:57:08.7116470Z src/retrieval-query-contract.ts:100:7
2026-08-10T08:57:08.7117878Z -     if (value !== undefined && !isPlainObject(value)) fail("graph must be an object");
2026-08-10T08:57:08.7118830Z +     if (false) fail("graph must be an object");
2026-08-10T08:57:08.7119628Z Tests ran:
2026-08-10T08:57:08.7120395Z     M5 query contract and ranking fails closed for malformed and excessive requests
2026-08-10T08:57:08.7121481Z     M5 query contract and ranking normalizes defaults and exact filter arrays
2026-08-10T08:57:08.7122596Z     M5 query contract and ranking enforces token, unit, and per-concept budgets without truncating a claim
2026-08-10T08:57:08.7123432Z   and 5 more tests!
2026-08-10T08:57:08.7123717Z 
2026-08-10T08:57:08.7123809Z 
2026-08-10T08:57:08.7124120Z [Survived] ConditionalExpression
2026-08-10T08:57:08.7124725Z src/retrieval-query-contract.ts:110:7
2026-08-10T08:57:08.7125737Z -     if (mode !== "hybrid-graph" && enabled) fail("graph expansion requires hybrid-graph mode");
2026-08-10T08:57:08.7126759Z +     if (false) fail("graph expansion requires hybrid-graph mode");
2026-08-10T08:57:08.7127746Z Tests ran:
2026-08-10T08:57:08.7128515Z     M5 query contract and ranking fails closed for malformed and excessive requests
2026-08-10T08:57:08.7129634Z     M5 query contract and ranking normalizes defaults and exact filter arrays
2026-08-10T08:57:08.7130878Z     M5 query contract and ranking enforces token, unit, and per-concept budgets without truncating a claim
2026-08-10T08:57:08.7131828Z   and 5 more tests!
2026-08-10T08:57:08.7132185Z 
2026-08-10T08:57:08.7132299Z 
2026-08-10T08:57:08.7132671Z [Survived] ConditionalExpression
2026-08-10T08:57:08.7133352Z src/retrieval-query-contract.ts:119:7
2026-08-10T08:57:08.7134369Z -     if (value !== undefined && !isPlainObject(value)) fail("budget must be an object");
2026-08-10T08:57:08.7135440Z +     if (false) fail("budget must be an object");
2026-08-10T08:57:08.7135995Z Tests ran:
2026-08-10T08:57:08.7136673Z     M5 query contract and ranking fails closed for malformed and excessive requests
2026-08-10T08:57:08.7138511Z     M5 query contract and ranking normalizes defaults and exact filter arrays
2026-08-10T08:57:08.7139665Z     M5 query contract and ranking enforces token, unit, and per-concept budgets without truncating a claim
2026-08-10T08:57:08.7140518Z   and 5 more tests!
2026-08-10T08:57:08.7140804Z 
2026-08-10T08:57:08.7140894Z 
2026-08-10T08:57:08.7141205Z [Survived] ConditionalExpression
2026-08-10T08:57:08.7141819Z src/retrieval-query-contract.ts:169:53
2026-08-10T08:57:08.7142674Z -     if (!Array.isArray(value) || value.some((item) => typeof item !== "string"))
2026-08-10T08:57:08.7143587Z +     if (!Array.isArray(value) || value.some((item) => false))
2026-08-10T08:57:08.7144176Z Tests ran:
2026-08-10T08:57:08.7144846Z     M5 query contract and ranking fails closed for malformed and excessive requests
2026-08-10T08:57:08.7145810Z     M5 query contract and ranking normalizes defaults and exact filter arrays
2026-08-10T08:57:08.7147430Z     M5 retrieval evaluation calculates rank, no-answer, citation, locator, and leakage gates deterministically
2026-08-10T08:57:08.7148219Z 
2026-08-10T08:57:08.7148310Z 
2026-08-10T08:57:08.7148582Z [Survived] EqualityOperator
2026-08-10T08:57:08.7149169Z src/retrieval-query-contract.ts:181:62
2026-08-10T08:57:08.7150100Z -     if (!Number.isInteger(value) || Number(value) < minimum || Number(value) > maximum)
2026-08-10T08:57:08.7151230Z +     if (!Number.isInteger(value) || Number(value) < minimum || Number(value) >= maximum)
2026-08-10T08:57:08.7151955Z Tests ran:
2026-08-10T08:57:08.7152637Z     M5 query contract and ranking fails closed for malformed and excessive requests
2026-08-10T08:57:08.7153604Z     M5 query contract and ranking normalizes defaults and exact filter arrays
2026-08-10T08:57:08.7154738Z     M5 query contract and ranking enforces token, unit, and per-concept budgets without truncating a claim
2026-08-10T08:57:08.7155593Z   and 5 more tests!
2026-08-10T08:57:08.7155876Z 
2026-08-10T08:57:08.7155975Z 
2026-08-10T08:57:08.7156287Z [Survived] ConditionalExpression
2026-08-10T08:57:08.7157164Z src/retrieval-query-contract.ts:187:7
2026-08-10T08:57:08.7157979Z -     if (typeof value !== "string") fail(`${label} must be a string`);
2026-08-10T08:57:08.7158944Z +     if (false) fail(`${label} must be a string`);
2026-08-10T08:57:08.7159508Z Tests ran:
2026-08-10T08:57:08.7160175Z     M5 query contract and ranking fails closed for malformed and excessive requests
2026-08-10T08:57:08.7161136Z     M5 query contract and ranking normalizes defaults and exact filter arrays
2026-08-10T08:57:08.7162247Z     M5 query contract and ranking enforces token, unit, and per-concept budgets without truncating a claim
2026-08-10T08:57:08.7163094Z   and 5 more tests!
2026-08-10T08:57:08.7163375Z 
2026-08-10T08:57:08.7163464Z 
2026-08-10T08:57:08.7163770Z [NoCoverage] ArithmeticOperator
2026-08-10T08:57:08.7164297Z src/retrieval-query.ts:68:13
2026-08-10T08:57:08.7164876Z -         rank: index + 1,
2026-08-10T08:57:08.7165447Z +         rank: index - 1,
2026-08-10T08:57:08.7165775Z 
2026-08-10T08:57:08.7166047Z [NoCoverage] BlockStatement
2026-08-10T08:57:08.7166564Z src/retrieval-query.ts:78:27
2026-08-10T08:57:08.7167345Z -     ): Promise<RankedRow[]> {
2026-08-10T08:57:08.7168055Z -       const query = buildFilterSql(filters, 4);
2026-08-10T08:57:08.7169119Z -       const result = await this.pool.query<UnitRow & { channel_score: number }>(
2026-08-10T08:57:08.7170371Z -         `SELECT ${unitColumns()}, 1 - (embedding <=> $2::vector) AS channel_score
2026-08-10T08:57:08.7171397Z -          FROM retrieval_units WHERE generation_id=$1
2026-08-10T08:57:08.7172280Z -          AND 1 - (embedding <=> $2::vector) >= $3 ${query.sql}
2026-08-10T08:57:08.7173456Z -          ORDER BY embedding <=> $2::vector ASC, unit_id ASC LIMIT $${query.parameters.length + 4}`,
2026-08-10T08:57:08.7174937Z -         [generationId, vectorLiteral(vector), MIN_VECTOR_SIMILARITY, ...query.parameters, limit],
2026-08-10T08:57:08.7175887Z -       );
2026-08-10T08:57:08.7176814Z -       return result.rows.map((row, index) => ({
2026-08-10T08:57:08.7177925Z -         unit: rowToUnit(row),
2026-08-10T08:57:08.7178529Z -         rank: index + 1,
2026-08-10T08:57:08.7179155Z -         score: Number(row.channel_score),
2026-08-10T08:57:08.7179709Z -       }));
2026-08-10T08:57:08.7180143Z -     }
2026-08-10T08:57:08.7180655Z +     ): Promise<RankedRow[]> {}
2026-08-10T08:57:08.7181036Z 
2026-08-10T08:57:08.7181357Z [NoCoverage] ArithmeticOperator
2026-08-10T08:57:08.7181937Z src/retrieval-query.ts:84:68
2026-08-10T08:57:08.7183014Z -          ORDER BY embedding <=> $2::vector ASC, unit_id ASC LIMIT $${query.parameters.length + 4}`,
2026-08-10T08:57:08.7184363Z +          ORDER BY embedding <=> $2::vector ASC, unit_id ASC LIMIT $${query.parameters.length - 4}`,
2026-08-10T08:57:08.7185052Z 
2026-08-10T08:57:08.7185368Z [NoCoverage] ArithmeticOperator
2026-08-10T08:57:08.7185922Z src/retrieval-query.ts:89:13
2026-08-10T08:57:08.7186416Z -         rank: index + 1,
2026-08-10T08:57:08.7187199Z +         rank: index - 1,
2026-08-10T08:57:08.7187577Z 
2026-08-10T08:57:08.7187852Z [NoCoverage] BlockStatement
2026-08-10T08:57:08.7188432Z src/retrieval-query.ts:99:31
2026-08-10T08:57:08.7189079Z -     ): Promise<RetrievalUnit[]> {
2026-08-10T08:57:08.7189845Z -       if (conceptIds.length === 0) return [];
2026-08-10T08:57:08.7190617Z -       const query = buildFilterSql(filters, 3);
2026-08-10T08:57:08.7191393Z -       const result = await this.pool.query<UnitRow>(
2026-08-10T08:57:08.7192386Z -         `SELECT ${unitColumns()} FROM retrieval_units WHERE generation_id=$1
2026-08-10T08:57:08.7193257Z -          AND concept_id = ANY($2::text[]) ${query.sql}
2026-08-10T08:57:08.7194090Z -          ORDER BY unit_id ASC LIMIT $${query.parameters.length + 3}`,
2026-08-10T08:57:08.7195016Z -         [generationId, conceptIds, ...query.parameters, limit],
2026-08-10T08:57:08.7195647Z -       );
2026-08-10T08:57:08.7196161Z -       return result.rows.map(rowToUnit);
2026-08-10T08:57:08.7196703Z -     }
2026-08-10T08:57:08.7197428Z +     ): Promise<RetrievalUnit[]> {}
2026-08-10T08:57:08.7197820Z 
2026-08-10T08:57:08.7198153Z [NoCoverage] ConditionalExpression
2026-08-10T08:57:08.7198705Z src/retrieval-query.ts:100:9
2026-08-10T08:57:08.7199499Z -       if (conceptIds.length === 0) return [];
2026-08-10T08:57:08.7200104Z +       if (true) return [];
2026-08-10T08:57:08.7200447Z 
2026-08-10T08:57:08.7200773Z [NoCoverage] ConditionalExpression
2026-08-10T08:57:08.7201341Z src/retrieval-query.ts:100:9
2026-08-10T08:57:08.7201960Z -       if (conceptIds.length === 0) return [];
2026-08-10T08:57:08.7202554Z +       if (false) return [];
2026-08-10T08:57:08.7202894Z 
2026-08-10T08:57:08.7203176Z [NoCoverage] EqualityOperator
2026-08-10T08:57:08.7203718Z src/retrieval-query.ts:100:9
2026-08-10T08:57:08.7204310Z -       if (conceptIds.length === 0) return [];
2026-08-10T08:57:08.7204952Z +       if (conceptIds.length !== 0) return [];
2026-08-10T08:57:08.7205351Z 
2026-08-10T08:57:08.7205654Z [NoCoverage] ArithmeticOperator
2026-08-10T08:57:08.7206211Z src/retrieval-query.ts:105:38
2026-08-10T08:57:08.7207166Z -          ORDER BY unit_id ASC LIMIT $${query.parameters.length + 3}`,
2026-08-10T08:57:08.7208142Z +          ORDER BY unit_id ASC LIMIT $${query.parameters.length - 3}`,
2026-08-10T08:57:08.7208673Z 
2026-08-10T08:57:08.7208996Z [NoCoverage] ConditionalExpression
2026-08-10T08:57:08.7209589Z src/retrieval-query.ts:375:24
2026-08-10T08:57:08.7210491Z -         if (!previous || path.relationshipIds.length < previous.relationshipIds.length)
2026-08-10T08:57:08.7211358Z +         if (!previous || false)
2026-08-10T08:57:08.7211713Z 
2026-08-10T08:57:08.7211996Z [NoCoverage] EqualityOperator
2026-08-10T08:57:08.7212536Z src/retrieval-query.ts:375:24
2026-08-10T08:57:08.7213448Z -         if (!previous || path.relationshipIds.length < previous.relationshipIds.length)
2026-08-10T08:57:08.7214679Z +         if (!previous || path.relationshipIds.length <= previous.relationshipIds.length)
2026-08-10T08:57:08.7215529Z 
2026-08-10T08:57:08.7215806Z [NoCoverage] EqualityOperator
2026-08-10T08:57:08.7216327Z src/retrieval-query.ts:375:24
2026-08-10T08:57:08.7217404Z -         if (!previous || path.relationshipIds.length < previous.relationshipIds.length)
2026-08-10T08:57:08.7218690Z +         if (!previous || path.relationshipIds.length >= previous.relationshipIds.length)
2026-08-10T08:57:08.7219421Z 
2026-08-10T08:57:08.7219786Z [Survived] ConditionalExpression
2026-08-10T08:57:08.7220473Z src/retrieval-query.ts:154:7
2026-08-10T08:57:08.7221592Z -         request.mode === "hybrid-graph" && request.graph.enabled && request.graph.max_depth > 0
2026-08-10T08:57:08.7222456Z +         true
2026-08-10T08:57:08.7223497Z Tests ran:
2026-08-10T08:57:08.7224574Z     M5 query contract and ranking labels explicit lexical fallback instead of silently claiming hybrid
2026-08-10T08:57:08.7225997Z     M5 query contract and ranking expands hybrid-graph candidates through the governed store path only
2026-08-10T08:57:08.7226842Z 
2026-08-10T08:57:08.7227361Z 
2026-08-10T08:57:08.7227710Z [Survived] LogicalOperator
2026-08-10T08:57:08.7228315Z src/retrieval-query.ts:154:7
2026-08-10T08:57:08.7229395Z -         request.mode === "hybrid-graph" && request.graph.enabled && request.graph.max_depth > 0
2026-08-10T08:57:08.7230862Z +         request.mode === "hybrid-graph" && request.graph.enabled || request.graph.max_depth > 0
2026-08-10T08:57:08.7231830Z Tests ran:
2026-08-10T08:57:08.7232854Z     M5 query contract and ranking labels explicit lexical fallback instead of silently claiming hybrid
2026-08-10T08:57:08.7234265Z     M5 query contract and ranking expands hybrid-graph candidates through the governed store path only
2026-08-10T08:57:08.7235051Z 
2026-08-10T08:57:08.7235149Z 
2026-08-10T08:57:08.7235451Z [Survived] LogicalOperator
2026-08-10T08:57:08.7236034Z src/retrieval-query.ts:154:7
2026-08-10T08:57:08.7237344Z -         request.mode === "hybrid-graph" && request.graph.enabled && request.graph.max_depth > 0
2026-08-10T08:57:08.7238802Z +         request.mode === "hybrid-graph" || request.graph.enabled && request.graph.max_depth > 0
2026-08-10T08:57:08.7239709Z Tests ran:
2026-08-10T08:57:08.7240801Z     M5 query contract and ranking labels explicit lexical fallback instead of silently claiming hybrid
2026-08-10T08:57:08.7242268Z     M5 query contract and ranking expands hybrid-graph candidates through the governed store path only
2026-08-10T08:57:08.7243023Z 
2026-08-10T08:57:08.7243124Z 
2026-08-10T08:57:08.7243446Z [Survived] ConditionalExpression
2026-08-10T08:57:08.7244022Z src/retrieval-query.ts:154:7
2026-08-10T08:57:08.7245001Z -         request.mode === "hybrid-graph" && request.graph.enabled && request.graph.max_depth > 0
2026-08-10T08:57:08.7245961Z +         true && request.graph.max_depth > 0
2026-08-10T08:57:08.7246498Z Tests ran:
2026-08-10T08:57:08.7247701Z     M5 query contract and ranking labels explicit lexical fallback instead of silently claiming hybrid
2026-08-10T08:57:08.7249029Z     M5 query contract and ranking expands hybrid-graph candidates through the governed store path only
2026-08-10T08:57:08.7249752Z 
2026-08-10T08:57:08.7249844Z 
2026-08-10T08:57:08.7250161Z [Survived] ConditionalExpression
2026-08-10T08:57:08.7250708Z src/retrieval-query.ts:154:7
2026-08-10T08:57:08.7251639Z -         request.mode === "hybrid-graph" && request.graph.enabled && request.graph.max_depth > 0
2026-08-10T08:57:08.7252691Z +         true && request.graph.enabled && request.graph.max_depth > 0
2026-08-10T08:57:08.7253320Z Tests ran:
2026-08-10T08:57:08.7254131Z     M5 query contract and ranking labels explicit lexical fallback instead of silently claiming hybrid
2026-08-10T08:57:08.7255386Z     M5 query contract and ranking expands hybrid-graph candidates through the governed store path only
2026-08-10T08:57:08.7256099Z 
2026-08-10T08:57:08.7256191Z 
2026-08-10T08:57:08.7256492Z [Survived] ConditionalExpression
2026-08-10T08:57:08.7257327Z src/retrieval-query.ts:154:67
2026-08-10T08:57:08.7258312Z -         request.mode === "hybrid-graph" && request.graph.enabled && request.graph.max_depth > 0
2026-08-10T08:57:08.7259643Z +         request.mode === "hybrid-graph" && request.graph.enabled && true
2026-08-10T08:57:08.7260366Z Tests ran:
2026-08-10T08:57:08.7261194Z     M5 query contract and ranking expands hybrid-graph candidates through the governed store path only
2026-08-10T08:57:08.7261933Z 
2026-08-10T08:57:08.7262033Z 
2026-08-10T08:57:08.7262304Z [Survived] EqualityOperator
2026-08-10T08:57:08.7262838Z src/retrieval-query.ts:154:67
2026-08-10T08:57:08.7263791Z -         request.mode === "hybrid-graph" && request.graph.enabled && request.graph.max_depth > 0
2026-08-10T08:57:08.7265042Z +         request.mode === "hybrid-graph" && request.graph.enabled && request.graph.max_depth >= 0
2026-08-10T08:57:08.7265907Z Tests ran:
2026-08-10T08:57:08.7266723Z     M5 query contract and ranking expands hybrid-graph candidates through the governed store path only
2026-08-10T08:57:08.7267629Z 
2026-08-10T08:57:08.7267721Z 
2026-08-10T08:57:08.7268049Z [Survived] ConditionalExpression
2026-08-10T08:57:08.7268603Z src/retrieval-query.ts:183:9
2026-08-10T08:57:08.7269134Z -           results.length === 0
2026-08-10T08:57:08.7269628Z +           false
2026-08-10T08:57:08.7270023Z Tests ran:
2026-08-10T08:57:08.7270836Z     M5 query contract and ranking labels explicit lexical fallback instead of silently claiming hybrid
2026-08-10T08:57:08.7272093Z     M5 query contract and ranking expands hybrid-graph candidates through the governed store path only
2026-08-10T08:57:08.7272802Z 
2026-08-10T08:57:08.7272893Z 
2026-08-10T08:57:08.7273203Z [Survived] ConditionalExpression
2026-08-10T08:57:08.7273734Z src/retrieval-query.ts:228:7
2026-08-10T08:57:08.7274473Z -         baseScore(queryText, right) - baseScore(queryText, left) ||
2026-08-10T08:57:08.7275348Z -         left.unit.unit_id.localeCompare(right.unit.unit_id),
2026-08-10T08:57:08.7275948Z +         true,
2026-08-10T08:57:08.7276338Z Tests ran:
2026-08-10T08:57:08.7277464Z     M5 query contract and ranking uses weighted reciprocal ranks and deterministic ID ties without mixing raw scores
2026-08-10T08:57:08.7278442Z 
2026-08-10T08:57:08.7278563Z 
2026-08-10T08:57:08.7278967Z [Survived] ConditionalExpression
2026-08-10T08:57:08.7279874Z src/retrieval-query.ts:228:7
2026-08-10T08:57:08.7280768Z -         baseScore(queryText, right) - baseScore(queryText, left) ||
2026-08-10T08:57:08.7281781Z -         left.unit.unit_id.localeCompare(right.unit.unit_id),
2026-08-10T08:57:08.7282466Z +         false,
2026-08-10T08:57:08.7282934Z Tests ran:
2026-08-10T08:57:08.7283979Z     M5 query contract and ranking uses weighted reciprocal ranks and deterministic ID ties without mixing raw scores
2026-08-10T08:57:08.7284855Z 
2026-08-10T08:57:08.7284954Z 
2026-08-10T08:57:08.7285253Z [Survived] LogicalOperator
2026-08-10T08:57:08.7285822Z src/retrieval-query.ts:228:7
2026-08-10T08:57:08.7286609Z -         baseScore(queryText, right) - baseScore(queryText, left) ||
2026-08-10T08:57:08.7287784Z -         left.unit.unit_id.localeCompare(right.unit.unit_id),
2026-08-10T08:57:08.7289092Z +         baseScore(queryText, right) - baseScore(queryText, left) && left.unit.unit_id.localeCompare(right.unit.unit_id),
2026-08-10T08:57:08.7290033Z Tests ran:
2026-08-10T08:57:08.7290954Z     M5 query contract and ranking uses weighted reciprocal ranks and deterministic ID ties without mixing raw scores
2026-08-10T08:57:08.7291761Z 
2026-08-10T08:57:08.7291852Z 
2026-08-10T08:57:08.7292131Z [Survived] ArithmeticOperator
2026-08-10T08:57:08.7292666Z src/retrieval-query.ts:228:7
2026-08-10T08:57:08.7293416Z -         baseScore(queryText, right) - baseScore(queryText, left) ||
2026-08-10T08:57:08.7294317Z +         baseScore(queryText, right) + baseScore(queryText, left) ||
2026-08-10T08:57:08.7294955Z Tests ran:
2026-08-10T08:57:08.7295898Z     M5 query contract and ranking uses weighted reciprocal ranks and deterministic ID ties without mixing raw scores
2026-08-10T08:57:08.7296793Z 
2026-08-10T08:57:08.7296887Z 
2026-08-10T08:57:08.7297628Z [Survived] ConditionalExpression
2026-08-10T08:57:08.7298221Z src/retrieval-query.ts:245:9
2026-08-10T08:57:08.7299185Z -           candidate.graph_distance === null ? 0 : candidate.graph_distance * GRAPH_DISTANCE_PENALTY;
2026-08-10T08:57:08.7314863Z +           false ? 0 : candidate.graph_distance * GRAPH_DISTANCE_PENALTY;
2026-08-10T08:57:08.7315641Z Tests ran:
2026-08-10T08:57:08.7316701Z     M5 query contract and ranking uses weighted reciprocal ranks and deterministic ID ties without mixing raw scores
2026-08-10T08:57:08.7318720Z     M5 query contract and ranking boosts exact stable IDs and exact titles
2026-08-10T08:57:08.7320050Z     M5 query contract and ranking applies graph penalties and every RRF contribution with descending score order
2026-08-10T08:57:08.7321102Z   and 2 more tests!
2026-08-10T08:57:08.7321456Z 
2026-08-10T08:57:08.7321566Z 
2026-08-10T08:57:08.7321891Z [Survived] ArithmeticOperator
2026-08-10T08:57:08.7322537Z src/retrieval-query.ts:248:16
2026-08-10T08:57:08.7323370Z -           score: lexicalRrf + vectorRrf + exact - graphPenalty,
2026-08-10T08:57:08.7324268Z +           score: lexicalRrf + vectorRrf + exact + graphPenalty,
2026-08-10T08:57:08.7324899Z Tests ran:
2026-08-10T08:57:08.7325849Z     M5 query contract and ranking uses weighted reciprocal ranks and deterministic ID ties without mixing raw scores
2026-08-10T08:57:08.7327268Z     M5 query contract and ranking boosts exact stable IDs and exact titles
2026-08-10T08:57:08.7328510Z     M5 query contract and ranking applies graph penalties and every RRF contribution with descending score order
2026-08-10T08:57:08.7329439Z   and 2 more tests!
2026-08-10T08:57:08.7329750Z 
2026-08-10T08:57:08.7329852Z 
2026-08-10T08:57:08.7330133Z [Survived] ArithmeticOperator
2026-08-10T08:57:08.7330693Z src/retrieval-query.ts:248:16
2026-08-10T08:57:08.7331453Z -           score: lexicalRrf + vectorRrf + exact - graphPenalty,
2026-08-10T08:57:08.7332344Z +           score: lexicalRrf + vectorRrf - exact - graphPenalty,
2026-08-10T08:57:08.7333028Z Tests ran:
2026-08-10T08:57:08.7334044Z     M5 query contract and ranking uses weighted reciprocal ranks and deterministic ID ties without mixing raw scores
2026-08-10T08:57:08.7335567Z     M5 query contract and ranking boosts exact stable IDs and exact titles
2026-08-10T08:57:08.7336891Z     M5 query contract and ranking applies graph penalties and every RRF contribution with descending score order
2026-08-10T08:57:08.7338281Z   and 2 more tests!
2026-08-10T08:57:08.7338610Z 
2026-08-10T08:57:08.7338709Z 
2026-08-10T08:57:08.7339022Z [Survived] ArithmeticOperator
2026-08-10T08:57:08.7339623Z src/retrieval-query.ts:248:16
2026-08-10T08:57:08.7340413Z -           score: lexicalRrf + vectorRrf + exact - graphPenalty,
2026-08-10T08:57:08.7341396Z +           score: lexicalRrf - vectorRrf + exact - graphPenalty,
2026-08-10T08:57:08.7342064Z Tests ran:
2026-08-10T08:57:08.7343059Z     M5 query contract and ranking uses weighted reciprocal ranks and deterministic ID ties without mixing raw scores
2026-08-10T08:57:08.7344342Z     M5 query contract and ranking boosts exact stable IDs and exact titles
2026-08-10T08:57:08.7345614Z     M5 query contract and ranking applies graph penalties and every RRF contribution with descending score order
2026-08-10T08:57:08.7346604Z   and 2 more tests!
2026-08-10T08:57:08.7347146Z 
2026-08-10T08:57:08.7347253Z 
2026-08-10T08:57:08.7347566Z [Survived] BooleanLiteral
2026-08-10T08:57:08.7348145Z src/retrieval-query.ts:255:32
2026-08-10T08:57:08.7348951Z -           selection: { selected: false, reason: "not-evaluated" },
2026-08-10T08:57:08.7349900Z +           selection: { selected: true, reason: "not-evaluated" },
2026-08-10T08:57:08.7350603Z Tests ran:
2026-08-10T08:57:08.7351612Z     M5 query contract and ranking uses weighted reciprocal ranks and deterministic ID ties without mixing raw scores
2026-08-10T08:57:08.7352925Z     M5 query contract and ranking boosts exact stable IDs and exact titles
2026-08-10T08:57:08.7354271Z     M5 query contract and ranking applies graph penalties and every RRF contribution with descending score order
2026-08-10T08:57:08.7355628Z   and 2 more tests!
2026-08-10T08:57:08.7355971Z 
2026-08-10T08:57:08.7356079Z 
2026-08-10T08:57:08.7356433Z [Survived] ConditionalExpression
2026-08-10T08:57:08.7357439Z src/retrieval-query.ts:291:9
2026-08-10T08:57:08.7358127Z -       if (result.unit.concept_id)
2026-08-10T08:57:08.7358731Z +       if (true)
2026-08-10T08:57:08.7359204Z Tests ran:
2026-08-10T08:57:08.7360194Z     M5 query contract and ranking enforces token, unit, and per-concept budgets without truncating a claim
2026-08-10T08:57:08.7361680Z     M5 query contract and ranking labels explicit lexical fallback instead of silently claiming hybrid
2026-08-10T08:57:08.7362970Z     M5 query contract and ranking expands hybrid-graph candidates through the governed store path only
2026-08-10T08:57:08.7363698Z 
2026-08-10T08:57:08.7363793Z 
2026-08-10T08:57:08.7364117Z [Survived] ConditionalExpression
2026-08-10T08:57:08.7364670Z src/retrieval-query.ts:308:87
2026-08-10T08:57:08.7365718Z -       ...new Set(seeds.map((seed) => seed.unit.concept_id).filter((id): id is string => id !== null)),
2026-08-10T08:57:08.7367265Z +       ...new Set(seeds.map((seed) => seed.unit.concept_id).filter((id): id is string => true)),
2026-08-10T08:57:08.7368087Z Tests ran:
2026-08-10T08:57:08.7368943Z     M5 query contract and ranking expands hybrid-graph candidates through the governed store path only
2026-08-10T08:57:08.7369690Z 
2026-08-10T08:57:08.7369783Z 
2026-08-10T08:57:08.7370100Z [Survived] ConditionalExpression
2026-08-10T08:57:08.7370663Z src/retrieval-query.ts:324:9
2026-08-10T08:57:08.7371385Z -       if (byId.has(unit.unit_id) || !unit.concept_id) continue;
2026-08-10T08:57:08.7372075Z +       if (false) continue;
2026-08-10T08:57:08.7372541Z Tests ran:
2026-08-10T08:57:08.7373400Z     M5 query contract and ranking expands hybrid-graph candidates through the governed store path only
2026-08-10T08:57:08.7374148Z 
2026-08-10T08:57:08.7374242Z 
2026-08-10T08:57:08.7374528Z [Survived] LogicalOperator
2026-08-10T08:57:08.7375054Z src/retrieval-query.ts:324:9
2026-08-10T08:57:08.7375770Z -       if (byId.has(unit.unit_id) || !unit.concept_id) continue;
2026-08-10T08:57:08.7376818Z +       if (byId.has(unit.unit_id) && !unit.concept_id) continue;
2026-08-10T08:57:08.7377662Z Tests ran:
2026-08-10T08:57:08.7378551Z     M5 query contract and ranking expands hybrid-graph candidates through the governed store path only
2026-08-10T08:57:08.7379408Z 
2026-08-10T08:57:08.7379522Z 
2026-08-10T08:57:08.7379898Z [Survived] ConditionalExpression
2026-08-10T08:57:08.7380542Z src/retrieval-query.ts:326:9
2026-08-10T08:57:08.7381134Z -       if (!path) continue;
2026-08-10T08:57:08.7381710Z +       if (false) continue;
2026-08-10T08:57:08.7382258Z Tests ran:
2026-08-10T08:57:08.7383212Z     M5 query contract and ranking expands hybrid-graph candidates through the governed store path only
2026-08-10T08:57:08.7384046Z 
2026-08-10T08:57:08.7384159Z 
2026-08-10T08:57:08.7384532Z [Survived] ConditionalExpression
2026-08-10T08:57:08.7385182Z src/retrieval-query.ts:375:11
2026-08-10T08:57:08.7386224Z -         if (!previous || path.relationshipIds.length < previous.relationshipIds.length)
2026-08-10T08:57:08.7387468Z +         if (true)
2026-08-10T08:57:08.7387970Z Tests ran:
2026-08-10T08:57:08.7388804Z     M5 query contract and ranking expands only M4 traversable directed and symmetric edges
2026-08-10T08:57:08.7390132Z     M5 query contract and ranking expands hybrid-graph candidates through the governed store path only
2026-08-10T08:57:08.7390925Z 
2026-08-10T08:57:08.7391027Z 
2026-08-10T08:57:08.7391318Z [Survived] BlockStatement
2026-08-10T08:57:08.7391902Z src/retrieval-units.ts:361:28
2026-08-10T08:57:08.7392522Z -     const push = (): void => {
2026-08-10T08:57:08.7393182Z -       if (current) parts.push(current);
2026-08-10T08:57:08.7393793Z -       current = "";
2026-08-10T08:57:08.7394274Z -     };
2026-08-10T08:57:08.7394794Z +     const push = (): void => {};
2026-08-10T08:57:08.7395551Z Tests ran:
2026-08-10T08:57:08.7396520Z     M5 deterministic retrieval units splits oversized semantic text deterministically without random overlap
2026-08-10T08:57:08.7397725Z 
2026-08-10T08:57:08.7397825Z 
2026-08-10T08:57:08.7398202Z [Survived] ConditionalExpression
2026-08-10T08:57:08.7398836Z src/retrieval-units.ts:362:9
2026-08-10T08:57:08.7399501Z -       if (current) parts.push(current);
2026-08-10T08:57:08.7400198Z +       if (false) parts.push(current);
2026-08-10T08:57:08.7400741Z Tests ran:
2026-08-10T08:57:08.7401692Z     M5 deterministic retrieval units splits oversized semantic text deterministically without random overlap
2026-08-10T08:57:08.7402538Z 
2026-08-10T08:57:08.7402638Z 
2026-08-10T08:57:08.7403001Z [Survived] ConditionalExpression
2026-08-10T08:57:08.7403606Z src/retrieval-units.ts:366:9
2026-08-10T08:57:08.7404265Z -       if (paragraph.length > maxChars) {
2026-08-10T08:57:08.7404871Z +       if (true) {
2026-08-10T08:57:08.7405332Z Tests ran:
2026-08-10T08:57:08.7406302Z     M5 deterministic retrieval units splits oversized semantic text deterministically without random overlap
2026-08-10T08:57:08.7407372Z 
2026-08-10T08:57:08.7407475Z 
2026-08-10T08:57:08.7407779Z [Survived] EqualityOperator
2026-08-10T08:57:08.7408384Z src/retrieval-units.ts:366:9
2026-08-10T08:57:08.7409046Z -       if (paragraph.length > maxChars) {
2026-08-10T08:57:08.7409761Z +       if (paragraph.length >= maxChars) {
2026-08-10T08:57:08.7410343Z Tests ran:
2026-08-10T08:57:08.7411306Z     M5 deterministic retrieval units splits oversized semantic text deterministically without random overlap
2026-08-10T08:57:08.7412145Z 
2026-08-10T08:57:08.7412243Z 
2026-08-10T08:57:08.7412549Z [Survived] EqualityOperator
2026-08-10T08:57:08.7413137Z src/retrieval-units.ts:368:28
2026-08-10T08:57:08.7414076Z -         for (let offset = 0; offset < paragraph.length; offset += maxChars) {
2026-08-10T08:57:08.7415161Z +         for (let offset = 0; offset <= paragraph.length; offset += maxChars) {
2026-08-10T08:57:08.7415922Z Tests ran:
2026-08-10T08:57:08.7416877Z     M5 deterministic retrieval units splits oversized semantic text deterministically without random overlap
2026-08-10T08:57:08.7418070Z 
2026-08-10T08:57:08.7418171Z 
2026-08-10T08:57:08.7418712Z [Survived] ConditionalExpression
2026-08-10T08:57:08.7419356Z src/retrieval-units.ts:374:9
2026-08-10T08:57:08.7420045Z -       if (candidate.length > maxChars) push();
2026-08-10T08:57:08.7420696Z +       if (true) push();
2026-08-10T08:57:08.7421183Z Tests ran:
2026-08-10T08:57:08.7422145Z     M5 deterministic retrieval units splits oversized semantic text deterministically without random overlap
2026-08-10T08:57:08.7422986Z 
2026-08-10T08:57:08.7423086Z 
2026-08-10T08:57:08.7423390Z [Survived] EqualityOperator
2026-08-10T08:57:08.7423964Z src/retrieval-units.ts:374:9
2026-08-10T08:57:08.7424641Z -       if (candidate.length > maxChars) push();
2026-08-10T08:57:08.7425404Z +       if (candidate.length >= maxChars) push();
2026-08-10T08:57:08.7426012Z Tests ran:
2026-08-10T08:57:08.7427189Z     M5 deterministic retrieval units splits oversized semantic text deterministically without random overlap
2026-08-10T08:57:08.7428155Z 
2026-08-10T08:57:08.7428266Z 
2026-08-10T08:57:08.7428618Z [Survived] ConditionalExpression
2026-08-10T08:57:08.7429246Z src/retrieval-units.ts:311:7
2026-08-10T08:57:08.7430208Z -     if (!input.text.trim()) throw new Error(`RETRIEVAL_UNIT_EMPTY ${input.record.id}`);
2026-08-10T08:57:08.7431371Z +     if (false) throw new Error(`RETRIEVAL_UNIT_EMPTY ${input.record.id}`);
2026-08-10T08:57:08.7432208Z Ran all tests for this mutant.
2026-08-10T08:57:08.7432598Z 
2026-08-10T08:57:08.7432897Z [Survived] LogicalOperator
2026-08-10T08:57:08.7433484Z src/retrieval-units.ts:324:21
2026-08-10T08:57:08.7434257Z -       semantic_scope: input.record.semantic_scope ?? null,
2026-08-10T08:57:08.7435161Z +       semantic_scope: input.record.semantic_scope && null,
2026-08-10T08:57:08.7435909Z Ran all tests for this mutant.
2026-08-10T08:57:08.7436291Z 
2026-08-10T08:57:08.7436789Z [Survived] LogicalOperator
2026-08-10T08:57:08.7437716Z src/retrieval-units.ts:325:17
2026-08-10T08:57:08.7438438Z -       confidence: input.record.confidence ?? null,
2026-08-10T08:57:08.7439269Z +       confidence: input.record.confidence && null,
2026-08-10T08:57:08.7440008Z Ran all tests for this mutant.
2026-08-10T08:57:08.7440430Z 
2026-08-10T08:57:08.7440752Z [Survived] LogicalOperator
2026-08-10T08:57:08.7441362Z src/retrieval-units.ts:343:18
2026-08-10T08:57:08.7442180Z -       source_path: asString(input.record.source_path) ?? "",
2026-08-10T08:57:08.7443057Z +       source_path: asString(input.record.source_path) && "",
2026-08-10T08:57:08.7443767Z Ran all tests for this mutant.
2026-08-10T08:57:08.7444104Z 
2026-08-10T08:57:08.7444373Z [Survived] LogicalOperator
2026-08-10T08:57:08.7444884Z src/retrieval-units.ts:345:21
2026-08-10T08:57:08.7445642Z -       semantic_scope: asString(input.record.semantic_scope) ?? null,
2026-08-10T08:57:08.7446605Z +       semantic_scope: asString(input.record.semantic_scope) && null,
2026-08-10T08:57:08.7447727Z Ran all tests for this mutant.
2026-08-10T08:57:08.7448081Z 
2026-08-10T08:57:08.7448354Z [Survived] LogicalOperator
2026-08-10T08:57:08.7448889Z src/retrieval-units.ts:346:17
2026-08-10T08:57:08.7449615Z -       confidence: asString(input.record.confidence) ?? null,
2026-08-10T08:57:08.7450479Z +       confidence: asString(input.record.confidence) && null,
2026-08-10T08:57:08.7451165Z Ran all tests for this mutant.
2026-08-10T08:57:08.7451503Z 
2026-08-10T08:57:08.7451819Z [Survived] ConditionalExpression
2026-08-10T08:57:08.7452371Z src/retrieval-units.ts:356:7
2026-08-10T08:57:08.7453156Z -     if (estimateTokens(normalized) <= maxTokens) return [normalized];
2026-08-10T08:57:08.7453947Z +     if (false) return [normalized];
2026-08-10T08:57:08.7454529Z Ran all tests for this mutant.
2026-08-10T08:57:08.7454869Z 
2026-08-10T08:57:08.7455140Z [Survived] EqualityOperator
2026-08-10T08:57:08.7455660Z src/retrieval-units.ts:356:7
2026-08-10T08:57:08.7456445Z -     if (estimateTokens(normalized) <= maxTokens) return [normalized];
2026-08-10T08:57:08.7457555Z +     if (estimateTokens(normalized) < maxTokens) return [normalized];
2026-08-10T08:57:08.7458330Z Ran all tests for this mutant.
2026-08-10T08:57:08.7458914Z 
2026-08-10T08:57:08.7459318Z Ran 1.16 tests per mutant on average.
2026-08-10T08:57:08.7460408Z -----------------------------|------------------|----------|-----------|------------|----------|----------|
2026-08-10T08:57:08.7461622Z                              | % Mutation score |          |           |            |          |          |
2026-08-10T08:57:08.7462866Z File                         |  total | covered | # killed | # timeout | # survived | # no cov | # errors |
2026-08-10T08:57:08.7464211Z -----------------------------|--------|---------|----------|-----------|------------|----------|----------|
2026-08-10T08:57:08.7465532Z All files                    |  79.68 |   81.85 |      530 |        11 |        120 |       18 |        0 |
2026-08-10T08:57:08.7466687Z  embedding-provider.ts       |  91.72 |   91.72 |      140 |         4 |         13 |        0 |        0 |
2026-08-10T08:57:08.7468272Z  retrieval-evaluation.ts     |  57.14 |   57.60 |       72 |         0 |         53 |        1 |        0 |
2026-08-10T08:57:08.7469441Z  retrieval-indexer.ts        |  88.24 |   97.83 |       45 |         0 |          1 |        5 |        0 |
2026-08-10T08:57:08.7470605Z  retrieval-query-contract.ts |  86.73 |   86.73 |       98 |         0 |         15 |        0 |        0 |
2026-08-10T08:57:08.7471723Z  retrieval-query.ts          |  80.11 |   85.98 |      139 |         2 |         23 |       12 |        0 |
2026-08-10T08:57:08.7472778Z  retrieval-units.ts          |  73.21 |   73.21 |       36 |         5 |         15 |        0 |        0 |
2026-08-10T08:57:08.7473913Z -----------------------------|--------|---------|----------|-----------|------------|----------|----------|
2026-08-10T08:57:08.7475791Z [32m08:57:08 (11718) INFO MutationTestReportHelper[39m Final mutation score of 79.68 is greater than or equal to break threshold 60
2026-08-10T08:57:08.7478670Z [32m08:57:08 (11718) INFO JsonReporter[39m Your report can be found at: file:///home/runner/work/architecture-knowledge/architecture-knowledge/.tmp/mutation-retrieval.json
2026-08-10T08:57:08.7480461Z [32m08:57:08 (11718) INFO MutationTestExecutor[39m Done in 5 minutes and 39 seconds.
2026-08-10T08:57:08.8009191Z Node 20 is being deprecated. This workflow is running with Node 24 by default. If you need to temporarily use Node 20, you can set the ACTIONS_ALLOW_USE_UNSECURE_NODE_VERSION=true environment variable. For more information see: https://github.blog/changelog/2025-09-19-deprecation-of-node-20-on-github-actions-runners/
2026-08-10T08:57:08.8010446Z Post job cleanup.
2026-08-10T08:57:08.9276673Z (node:12628) [DEP0040] DeprecationWarning: The `punycode` module is deprecated. Please use a userland alternative instead.
2026-08-10T08:57:08.9278714Z (Use `node --trace-deprecation ...` to show where the warning was created)
2026-08-10T08:57:08.9281747Z Cache hit occurred on the primary key node-cache-Linux-x64-pnpm-1e3137200eb7f7f9e33d94e731a1c4330dca12f756b18bada6bd042666dbca8c, not saving cache.
2026-08-10T08:57:08.9384551Z Node 20 is being deprecated. This workflow is running with Node 24 by default. If you need to temporarily use Node 20, you can set the ACTIONS_ALLOW_USE_UNSECURE_NODE_VERSION=true environment variable. For more information see: https://github.blog/changelog/2025-09-19-deprecation-of-node-20-on-github-actions-runners/
2026-08-10T08:57:08.9385863Z Post job cleanup.
2026-08-10T08:57:09.1028040Z Pruning is unnecessary.
2026-08-10T08:57:09.1405094Z Node 20 is being deprecated. This workflow is running with Node 24 by default. If you need to temporarily use Node 20, you can set the ACTIONS_ALLOW_USE_UNSECURE_NODE_VERSION=true environment variable. For more information see: https://github.blog/changelog/2025-09-19-deprecation-of-node-20-on-github-actions-runners/
2026-08-10T08:57:09.1407501Z Post job cleanup.
2026-08-10T08:57:09.2808202Z [command]/usr/bin/git version
2026-08-10T08:57:09.2830168Z git version 2.54.0
2026-08-10T08:57:09.2888852Z Temporarily overriding HOME='/home/runner/work/_temp/fa9ca44a-f883-4aae-9b57-0dcdb11ecbfe' before making global git config changes
2026-08-10T08:57:09.2901090Z Adding repository directory to the temporary git global config as a safe directory
2026-08-10T08:57:09.2902829Z [command]/usr/bin/git config --global --add safe.directory /home/runner/work/architecture-knowledge/architecture-knowledge
2026-08-10T08:57:09.3027276Z [command]/usr/bin/git config --local --name-only --get-regexp core\.sshCommand
2026-08-10T08:57:09.3149465Z [command]/usr/bin/git submodule foreach --recursive sh -c "git config --local --name-only --get-regexp 'core\.sshCommand' && git config --local --unset-all 'core.sshCommand' || :"
2026-08-10T08:57:09.3757905Z [command]/usr/bin/git config --local --name-only --get-regexp http\.https\:\/\/github\.com\/\.extraheader
2026-08-10T08:57:09.3827949Z http.https://github.com/.extraheader
2026-08-10T08:57:09.3893985Z [command]/usr/bin/git config --local --unset-all http.https://github.com/.extraheader
2026-08-10T08:57:09.3990547Z [command]/usr/bin/git submodule foreach --recursive sh -c "git config --local --name-only --get-regexp 'http\.https\:\/\/github\.com\/\.extraheader' && git config --local --unset-all 'http.https://github.com/.extraheader' || :"
2026-08-10T08:57:09.4701934Z [command]/usr/bin/git config --local --name-only --get-regexp ^includeIf\.gitdir:
2026-08-10T08:57:09.4828614Z [command]/usr/bin/git submodule foreach --recursive git config --local --show-origin --name-only --get-regexp remote.origin.url
2026-08-10T08:57:09.5444727Z Cleaning up orphan processes
2026-08-10T08:57:09.5758808Z ##[warning]Node.js 20 is deprecated. The following actions target Node.js 20 but are being forced to run on Node.js 24: actions/checkout@v4, actions/setup-node@v4, pnpm/action-setup@v4. For more information see: https://github.blog/changelog/2025-09-19-deprecation-of-node-20-on-github-actions-runners/
